ISO-10303-21;
HEADER;
FILE_DESCRIPTION (( 'STEP AP214' ),
    '1' );
FILE_NAME ('Printed_Mounting_Stand_V1.0.STEP',
    '2026-07-26T11:15:12',
    ( '' ),
    ( '' ),
    'SwSTEP 2.0',
    'SolidWorks 2025',
    '' );
FILE_SCHEMA (( 'AUTOMOTIVE_DESIGN' ));
ENDSEC;

DATA;
#1 = DIRECTION ( 'NONE',  ( -1.000000000000000000, -0.000000000000000000, 0.000000000000000000 ) ) ;
#2 = CIRCLE ( 'NONE', #3566, 1.000000000000000888 ) ;
#3 = CIRCLE ( 'NONE', #1184, 1.000000000000000888 ) ;
#4 = ORIENTED_EDGE ( 'NONE', *, *, #2246, .T. ) ;
#5 = CARTESIAN_POINT ( 'NONE',  ( 62.46000000000001506, 57.84000000000001762, 1.000000000000000000 ) ) ;
#6 = AXIS2_PLACEMENT_3D ( 'NONE', #1015, #4492, #633 ) ;
#7 = AXIS2_PLACEMENT_3D ( 'NONE', #188, #1154, #521 ) ;
#8 = CARTESIAN_POINT ( 'NONE',  ( 69.00000000000001421, 59.84000000000001762, 0.000000000000000000 ) ) ;
#9 = VECTOR ( 'NONE', #1485, 1000.000000000000000 ) ;
#10 = EDGE_CURVE ( 'NONE', #4338, #623, #3254, .T. ) ;
#11 = CIRCLE ( 'NONE', #4008, 1.000000000000000888 ) ;
#12 = DIRECTION ( 'NONE',  ( -0.000000000000000000, -0.000000000000000000, -1.000000000000000000 ) ) ;
#13 = ORIENTED_EDGE ( 'NONE', *, *, #3128, .F. ) ;
#14 = CARTESIAN_POINT ( 'NONE',  ( 8.539999999999999147, 57.84000000000000341, 1.000000000000000000 ) ) ;
#15 = DIRECTION ( 'NONE',  ( -1.047444401652940007E-14, 1.000000000000000000, -0.000000000000000000 ) ) ;
#16 = AXIS2_PLACEMENT_3D ( 'NONE', #1838, #943, #252 ) ;
#17 = EDGE_CURVE ( 'NONE', #3135, #4144, #2629, .T. ) ;
#18 = EDGE_LOOP ( 'NONE', ( #3856, #2222, #706, #3255 ) ) ;
#19 = EDGE_CURVE ( 'NONE', #84, #1227, #4083, .T. ) ;
#20 = DIRECTION ( 'NONE',  ( -0.000000000000000000, -0.000000000000000000, -1.000000000000000000 ) ) ;
#21 = FACE_OUTER_BOUND ( 'NONE', #2285, .T. ) ;
#22 = DIRECTION ( 'NONE',  ( -1.000000000000000000, 0.000000000000000000, 0.000000000000000000 ) ) ;
#23 = FACE_OUTER_BOUND ( 'NONE', #483, .T. ) ;
#24 = ORIENTED_EDGE ( 'NONE', *, *, #2868, .T. ) ;
#25 = LINE ( 'NONE', #2852, #2056 ) ;
#26 = CARTESIAN_POINT ( 'NONE',  ( 0.000000000000000000, 63.92000000000000171, 9.000000000000001776 ) ) ;
#27 = VERTEX_POINT ( 'NONE', #4512 ) ;
#28 = FACE_OUTER_BOUND ( 'NONE', #840, .T. ) ;
#29 = CARTESIAN_POINT ( 'NONE',  ( 5.080000000000118199, 7.369213562372983084, 1.000000000000000000 ) ) ;
#30 = ADVANCED_FACE ( 'NONE', ( #201 ), #2050, .F. ) ;
#31 = DIRECTION ( 'NONE',  ( -1.000000000000000000, 0.000000000000000000, 0.000000000000000000 ) ) ;
#32 = ORIENTED_EDGE ( 'NONE', *, *, #3814, .F. ) ;
#33 = DIRECTION ( 'NONE',  ( -1.247233394806660679E-16, 1.000000000000000000, 0.000000000000000000 ) ) ;
#34 = LINE ( 'NONE', #2480, #2421 ) ;
#35 = VERTEX_POINT ( 'NONE', #1615 ) ;
#36 = DIRECTION ( 'NONE',  ( 1.000000000000000000, 0.000000000000000000, 0.000000000000000000 ) ) ;
#37 = EDGE_CURVE ( 'NONE', #1513, #216, #3415, .T. ) ;
#38 = ADVANCED_FACE ( 'NONE', ( #4538 ), #181, .T. ) ;
#39 = DIRECTION ( 'NONE',  ( 1.040834085586083310E-14, -1.000000000000000000, 0.000000000000000000 ) ) ;
#40 = CARTESIAN_POINT ( 'NONE',  ( 1.540000000000000036, 57.84000000000000341, 1.000000000000000000 ) ) ;
#41 = EDGE_LOOP ( 'NONE', ( #167, #2334, #4364, #3879 ) ) ;
#42 = DIRECTION ( 'NONE',  ( 0.000000000000000000, 0.000000000000000000, -1.000000000000000000 ) ) ;
#43 = ORIENTED_EDGE ( 'NONE', *, *, #722, .F. ) ;
#44 = CARTESIAN_POINT ( 'NONE',  ( 57.83999999999971209, 62.46000000000026375, 9.000000000000001776 ) ) ;
#45 = DIRECTION ( 'NONE',  ( 1.387778780781444413E-14, -1.000000000000000000, 0.000000000000000000 ) ) ;
#46 = ORIENTED_EDGE ( 'NONE', *, *, #60, .T. ) ;
#47 = CARTESIAN_POINT ( 'NONE',  ( 57.84000000000012420, 3.540000000000084857, 9.000000000000001776 ) ) ;
#48 = ORIENTED_EDGE ( 'NONE', *, *, #4567, .T. ) ;
#49 = DIRECTION ( 'NONE',  ( 1.047444401652940007E-14, -1.000000000000000000, 0.000000000000000000 ) ) ;
#50 = CARTESIAN_POINT ( 'NONE',  ( 63.92000000000000171, 68.00000000000001421, 1.000000000000000000 ) ) ;
#51 = CIRCLE ( 'NONE', #3614, 1.000000000000000000 ) ;
#52 = CIRCLE ( 'NONE', #3628, 1.000000000000000000 ) ;
#53 = ORIENTED_EDGE ( 'NONE', *, *, #1415, .F. ) ;
#54 = AXIS2_PLACEMENT_3D ( 'NONE', #1337, #199, #994 ) ;
#55 = DIRECTION ( 'NONE',  ( 0.000000000000000000, 0.000000000000000000, 1.000000000000000000 ) ) ;
#56 = AXIS2_PLACEMENT_3D ( 'NONE', #2391, #4507, #3812 ) ;
#57 = FACE_BOUND ( 'NONE', #3377, .T. ) ;
#58 = TOROIDAL_SURFACE ( 'NONE', #1394, 2.000000000000000000, 1.000000000000000000 ) ;
#59 = FACE_OUTER_BOUND ( 'NONE', #3975, .T. ) ;
#60 = EDGE_CURVE ( 'NONE', #4144, #1531, #2796, .T. ) ;
#61 = VERTEX_POINT ( 'NONE', #2993 ) ;
#62 = VERTEX_POINT ( 'NONE', #3149 ) ;
#63 = EDGE_CURVE ( 'NONE', #2857, #1975, #1464, .T. ) ;
#64 = AXIS2_PLACEMENT_3D ( 'NONE', #435, #4349, #1840 ) ;
#65 = AXIS2_PLACEMENT_3D ( 'NONE', #3607, #3169, #1440 ) ;
#66 = DIRECTION ( 'NONE',  ( 0.000000000000000000, 0.000000000000000000, 1.000000000000000000 ) ) ;
#67 = AXIS2_PLACEMENT_3D ( 'NONE', #1746, #3125, #3163 ) ;
#68 = ORIENTED_EDGE ( 'NONE', *, *, #3979, .T. ) ;
#69 = DIRECTION ( 'NONE',  ( -0.000000000000000000, -0.000000000000000000, 1.000000000000000000 ) ) ;
#70 = EDGE_CURVE ( 'NONE', #1053, #3772, #2397, .T. ) ;
#71 = AXIS2_PLACEMENT_3D ( 'NONE', #1285, #2615, #4120 ) ;
#72 = CONICAL_SURFACE ( 'NONE', #608, 1.125000000000000888, 0.7853981633974447263 ) ;
#73 = DIRECTION ( 'NONE',  ( -3.491481338843133355E-15, 1.000000000000000000, 0.000000000000000000 ) ) ;
#74 = EDGE_LOOP ( 'NONE', ( #3317, #1063, #2971, #2780 ) ) ;
#75 = VECTOR ( 'NONE', #1813, 1000.000000000000114 ) ;
#76 = CARTESIAN_POINT ( 'NONE',  ( 2.540000000000000036, 58.84000000000000341, 0.000000000000000000 ) ) ;
#77 = AXIS2_PLACEMENT_3D ( 'NONE', #386, #1121, #2836 ) ;
#78 = ORIENTED_EDGE ( 'NONE', *, *, #3018, .F. ) ;
#79 = PRESENTATION_LAYER_ASSIGNMENT (  '', '', ( #1474 ) ) ;
#80 = DIRECTION ( 'NONE',  ( 0.000000000000000000, 0.000000000000000000, -1.000000000000000000 ) ) ;
#81 = DIRECTION ( 'NONE',  ( 1.040834085586083310E-14, -1.000000000000000000, 0.000000000000000000 ) ) ;
#82 = TOROIDAL_SURFACE ( 'NONE', #158, 2.289213562373099364, 1.000000000000000000 ) ;
#83 = AXIS2_PLACEMENT_3D ( 'NONE', #4550, #985, #2770 ) ;
#84 = VERTEX_POINT ( 'NONE', #3820 ) ;
#85 = TOROIDAL_SURFACE ( 'NONE', #159, 4.080000000000000071, 1.000000000000000000 ) ;
#86 = LINE ( 'NONE', #4348, #819 ) ;
#87 = FACE_OUTER_BOUND ( 'NONE', #1245, .T. ) ;
#88 = AXIS2_PLACEMENT_3D ( 'NONE', #3936, #433, #2167 ) ;
#89 = CARTESIAN_POINT ( 'NONE',  ( 57.83999999999973340, 60.46000000000026375, 1.000000000000000000 ) ) ;
#90 = ORIENTED_EDGE ( 'NONE', *, *, #2019, .F. ) ;
#91 = ORIENTED_EDGE ( 'NONE', *, *, #3755, .T. ) ;
#92 = ORIENTED_EDGE ( 'NONE', *, *, #1196, .F. ) ;
#93 = ADVANCED_FACE ( 'NONE', ( #3840 ), #2073, .T. ) ;
#94 = DIRECTION ( 'NONE',  ( -1.000000000000000000, 0.000000000000000000, 0.000000000000000000 ) ) ;
#95 = DIRECTION ( 'NONE',  ( -4.625929269271485322E-15, 1.000000000000000000, 0.000000000000000000 ) ) ;
#96 = ORIENTED_EDGE ( 'NONE', *, *, #2469, .T. ) ;
#97 = DIRECTION ( 'NONE',  ( 1.000000000000000000, -0.000000000000000000, -0.000000000000000000 ) ) ;
#98 = EDGE_CURVE ( 'NONE', #61, #4365, #444, .T. ) ;
#99 = DIRECTION ( 'NONE',  ( 0.000000000000000000, 0.000000000000000000, -1.000000000000000000 ) ) ;
#100 = EDGE_CURVE ( 'NONE', #514, #3446, #3405, .T. ) ;
#101 = ORIENTED_EDGE ( 'NONE', *, *, #3061, .F. ) ;
#102 = ORIENTED_EDGE ( 'NONE', *, *, #2488, .T. ) ;
#103 = CARTESIAN_POINT ( 'NONE',  ( 63.91999999999969617, 63.92000000000032145, 0.000000000000000000 ) ) ;
#104 = DIRECTION ( 'NONE',  ( -0.000000000000000000, -0.000000000000000000, -1.000000000000000000 ) ) ;
#105 = DIRECTION ( 'NONE',  ( -1.000000000000000000, 0.000000000000000000, 0.000000000000000000 ) ) ;
#106 = ORIENTED_EDGE ( 'NONE', *, *, #2202, .F. ) ;
#107 = PLANE ( 'NONE',  #3576 ) ;
#108 = DIRECTION ( 'NONE',  ( -0.000000000000000000, -0.000000000000000000, -1.000000000000000000 ) ) ;
#109 = CARTESIAN_POINT ( 'NONE',  ( -1.224646799147353207E-16, 1.000000000000000000, 0.000000000000000000 ) ) ;
#110 = EDGE_LOOP ( 'NONE', ( #781, #3989, #2238, #3373 ) ) ;
#111 = ORIENTED_EDGE ( 'NONE', *, *, #1443, .F. ) ;
#112 = ORIENTED_EDGE ( 'NONE', *, *, #834, .F. ) ;
#113 = CARTESIAN_POINT ( 'NONE',  ( 11.16000000000013515, 2.539999999999916103, 9.000000000000001776 ) ) ;
#114 = FACE_OUTER_BOUND ( 'NONE', #3836, .T. ) ;
#115 = ORIENTED_EDGE ( 'NONE', *, *, #3485, .T. ) ;
#116 = CARTESIAN_POINT ( 'NONE',  ( 11.15999999999967862, 65.45999999999976637, 0.000000000000000000 ) ) ;
#117 = DIRECTION ( 'NONE',  ( 1.387778780781444413E-14, -1.000000000000000000, 0.000000000000000000 ) ) ;
#118 = EDGE_LOOP ( 'NONE', ( #1360, #3453, #323, #1326 ) ) ;
#119 = ADVANCED_FACE ( 'NONE', ( #2284 ), #3711, .F. ) ;
#120 = ORIENTED_EDGE ( 'NONE', *, *, #1118, .F. ) ;
#121 = CARTESIAN_POINT ( 'NONE',  ( 61.63078643762692366, 5.080000000000015170, 10.00000000000000178 ) ) ;
#122 = FACE_OUTER_BOUND ( 'NONE', #575, .T. ) ;
#123 = EDGE_CURVE ( 'NONE', #4135, #3326, #4301, .T. ) ;
#124 = CIRCLE ( 'NONE', #2262, 1.582106781186545685 ) ;
#125 = DIRECTION ( 'NONE',  ( 0.000000000000000000, 0.000000000000000000, 1.000000000000000000 ) ) ;
#126 = ORIENTED_EDGE ( 'NONE', *, *, #1311, .F. ) ;
#127 = DIRECTION ( 'NONE',  ( 1.040834085586083310E-14, -1.000000000000000000, 0.000000000000000000 ) ) ;
#128 = FACE_BOUND ( 'NONE', #2833, .T. ) ;
#129 = DIRECTION ( 'NONE',  ( 6.938893903907228378E-15, 1.000000000000000000, 0.000000000000000000 ) ) ;
#130 = VECTOR ( 'NONE', #872, 1000.000000000000000 ) ;
#131 = ORIENTED_EDGE ( 'NONE', *, *, #4336, .F. ) ;
#132 = ORIENTED_EDGE ( 'NONE', *, *, #1476, .F. ) ;
#133 = VERTEX_POINT ( 'NONE', #3931 ) ;
#134 = VECTOR ( 'NONE', #4103, 1000.000000000000000 ) ;
#135 = FACE_OUTER_BOUND ( 'NONE', #1759, .T. ) ;
#136 = DIRECTION ( 'NONE',  ( 0.000000000000000000, 0.000000000000000000, 1.000000000000000000 ) ) ;
#137 = AXIS2_PLACEMENT_3D ( 'NONE', #369, #4557, #3937 ) ;
#138 = ORIENTED_EDGE ( 'NONE', *, *, #1762, .F. ) ;
#139 = CARTESIAN_POINT ( 'NONE',  ( 5.080000000000134186, 2.790786437626795902, 10.00000000000000178 ) ) ;
#140 = AXIS2_PLACEMENT_3D ( 'NONE', #3474, #3387, #4234 ) ;
#141 = ORIENTED_EDGE ( 'NONE', *, *, #2995, .T. ) ;
#142 = EDGE_LOOP ( 'NONE', ( #2927, #2455, #2321, #244 ) ) ;
#143 = DIRECTION ( 'NONE',  ( -1.000000000000000000, 0.000000000000000000, 0.000000000000000000 ) ) ;
#144 = APPLICATION_PROTOCOL_DEFINITION ( 'draft international standard', 'automotive_design', 1998, #1597 ) ;
#145 = DIRECTION ( 'NONE',  ( -3.491481338843133355E-15, 1.000000000000000000, 0.000000000000000000 ) ) ;
#146 = AXIS2_PLACEMENT_3D ( 'NONE', #860, #4363, #1626 ) ;
#147 = EDGE_CURVE ( 'NONE', #4428, #27, #1020, .T. ) ;
#148 = AXIS2_PLACEMENT_3D ( 'NONE', #2015, #4155, #590 ) ;
#149 = DIRECTION ( 'NONE',  ( -1.000000000000000000, 0.000000000000000000, 0.000000000000000000 ) ) ;
#150 = ORIENTED_EDGE ( 'NONE', *, *, #1562, .T. ) ;
#151 = FACE_OUTER_BOUND ( 'NONE', #1514, .T. ) ;
#152 = CIRCLE ( 'NONE', #2218, 1.000000000000000888 ) ;
#153 = CIRCLE ( 'NONE', #315, 2.289213562373087374 ) ;
#154 = EDGE_CURVE ( 'NONE', #542, #1519, #205, .T. ) ;
#155 = CARTESIAN_POINT ( 'NONE',  ( 65.46000000000002217, 11.16000000000001791, 0.000000000000000000 ) ) ;
#156 = CARTESIAN_POINT ( 'NONE',  ( 5.080000000000000959, 6.221205739668555308E-16, 10.00000000000000000 ) ) ;
#157 = ADVANCED_FACE ( 'NONE', ( #693 ), #4425, .T. ) ;
#158 = AXIS2_PLACEMENT_3D ( 'NONE', #341, #297, #4257 ) ;
#159 = AXIS2_PLACEMENT_3D ( 'NONE', #3673, #2664, #4386 ) ;
#160 = VERTEX_POINT ( 'NONE', #3868 ) ;
#161 = DIRECTION ( 'NONE',  ( 0.000000000000000000, 0.000000000000000000, 1.000000000000000000 ) ) ;
#162 = ORIENTED_EDGE ( 'NONE', *, *, #3301, .T. ) ;
#163 = AXIS2_PLACEMENT_3D ( 'NONE', #4095, #2715, #3054 ) ;
#164 = DIRECTION ( 'NONE',  ( -6.938893903907228378E-15, 1.000000000000000000, 0.000000000000000000 ) ) ;
#165 = DIRECTION ( 'NONE',  ( 0.000000000000000000, 0.000000000000000000, 1.000000000000000000 ) ) ;
#166 = CARTESIAN_POINT ( 'NONE',  ( 65.46000000000002217, 59.84000000000001762, 0.000000000000000000 ) ) ;
#167 = ORIENTED_EDGE ( 'NONE', *, *, #2026, .T. ) ;
#168 = CARTESIAN_POINT ( 'NONE',  ( 62.79500000000001592, 5.080000000000015170, 9.249999999999994671 ) ) ;
#169 = DIRECTION ( 'NONE',  ( 0.000000000000000000, 0.000000000000000000, 1.000000000000000000 ) ) ;
#170 = DIRECTION ( 'NONE',  ( -1.000000000000000000, 0.000000000000000000, 0.000000000000000000 ) ) ;
#171 = ORIENTED_EDGE ( 'NONE', *, *, #2100, .F. ) ;
#172 = ORIENTED_EDGE ( 'NONE', *, *, #3736, .F. ) ;
#173 = DIRECTION ( 'NONE',  ( -0.000000000000000000, -0.000000000000000000, -1.000000000000000000 ) ) ;
#174 = DIRECTION ( 'NONE',  ( 1.000000000000000000, 0.000000000000000000, 0.000000000000000000 ) ) ;
#175 = EDGE_LOOP ( 'NONE', ( #2921, #4125, #1458, #1567 ) ) ;
#176 = DIRECTION ( 'NONE',  ( -1.047444401652940007E-14, 1.000000000000000000, 0.000000000000000000 ) ) ;
#177 = LINE ( 'NONE', #2392, #2500 ) ;
#178 = LINE ( 'NONE', #3315, #2275 ) ;
#179 = VERTEX_POINT ( 'NONE', #1769 ) ;
#180 = ADVANCED_FACE ( 'NONE', ( #3546 ), #1124, .T. ) ;
#181 = CYLINDRICAL_SURFACE ( 'NONE', #359, 1.000000000000000000 ) ;
#182 = ORIENTED_EDGE ( 'NONE', *, *, #2488, .F. ) ;
#183 = ADVANCED_FACE ( 'NONE', ( #342 ), #2054, .T. ) ;
#184 = FACE_OUTER_BOUND ( 'NONE', #4481, .T. ) ;
#185 = CARTESIAN_POINT ( 'NONE',  ( 3.540000000000000036, 58.84000000000000341, 1.000000000000000000 ) ) ;
#186 = DIRECTION ( 'NONE',  ( 7.406550393246769604E-15, -0.7071067811865451302, 0.7071067811865499042 ) ) ;
#187 = ORIENTED_EDGE ( 'NONE', *, *, #3277, .T. ) ;
#188 = CARTESIAN_POINT ( 'NONE',  ( 11.16000000000013515, 1.539999999999916325, 1.000000000000000000 ) ) ;
#189 = DIRECTION ( 'NONE',  ( 1.247233394806660679E-16, -1.000000000000000000, 0.000000000000000000 ) ) ;
#190 = DIRECTION ( 'NONE',  ( -1.247233394806660679E-16, 1.000000000000000000, 0.000000000000000000 ) ) ;
#191 = ORIENTED_EDGE ( 'NONE', *, *, #560, .T. ) ;
#192 = VERTEX_POINT ( 'NONE', #2463 ) ;
#193 = FACE_OUTER_BOUND ( 'NONE', #1710, .T. ) ;
#194 = CARTESIAN_POINT ( 'NONE',  ( 5.080000000000000071, 63.92000000000000171, 10.00000000000000000 ) ) ;
#195 = DIRECTION ( 'NONE',  ( -1.000000000000000000, -2.011273595335428079E-16, 0.000000000000000000 ) ) ;
#196 = DIRECTION ( 'NONE',  ( 0.000000000000000000, 0.000000000000000000, -1.000000000000000000 ) ) ;
#197 = ORIENTED_EDGE ( 'NONE', *, *, #3838, .T. ) ;
#198 = DIRECTION ( 'NONE',  ( -7.401486830834424794E-15, 1.000000000000000000, 0.000000000000000000 ) ) ;
#199 = DIRECTION ( 'NONE',  ( 0.000000000000000000, -1.000000000000000000, 0.000000000000000000 ) ) ;
#200 = ORIENTED_EDGE ( 'NONE', *, *, #496, .T. ) ;
#201 = FACE_OUTER_BOUND ( 'NONE', #2436, .T. ) ;
#202 = CYLINDRICAL_SURFACE ( 'NONE', #1168, 1.000000000000000000 ) ;
#203 = EDGE_CURVE ( 'NONE', #3446, #4230, #2529, .T. ) ;
#204 = VECTOR ( 'NONE', #3222, 1000.000000000000000 ) ;
#205 = CIRCLE ( 'NONE', #4220, 1.000000000000000000 ) ;
#206 = DIRECTION ( 'NONE',  ( 1.247233394806660679E-16, -1.000000000000000000, 0.000000000000000000 ) ) ;
#207 = CYLINDRICAL_SURFACE ( 'NONE', #3420, 1.000000000000000000 ) ;
#208 = EDGE_CURVE ( 'NONE', #576, #3746, #34, .T. ) ;
#209 = EDGE_LOOP ( 'NONE', ( #487, #3598, #2107, #1428 ) ) ;
#210 = CARTESIAN_POINT ( 'NONE',  ( 9.159999999999676845, 65.45999999999975216, 10.00000000000000000 ) ) ;
#211 = CIRCLE ( 'NONE', #1983, 1.000000000000000000 ) ;
#212 = CIRCLE ( 'NONE', #3175, 1.125000000000001776 ) ;
#213 = DIRECTION ( 'NONE',  ( -0.000000000000000000, -0.000000000000000000, -1.000000000000000000 ) ) ;
#214 = CARTESIAN_POINT ( 'NONE',  ( 7.540000000000000036, 58.84000000000000341, 9.000000000000001776 ) ) ;
#215 = CIRCLE ( 'NONE', #3773, 2.289213562373097588 ) ;
#216 = VERTEX_POINT ( 'NONE', #1377 ) ;
#217 = EDGE_CURVE ( 'NONE', #606, #1167, #3982, .T. ) ;
#218 = ORIENTED_EDGE ( 'NONE', *, *, #3831, .T. ) ;
#219 = CARTESIAN_POINT ( 'NONE',  ( 57.83999999999971919, 61.46000000000026375, 9.000000000000001776 ) ) ;
#220 = DIRECTION ( 'NONE',  ( -3.469446951953611033E-15, 1.000000000000000000, 0.000000000000000000 ) ) ;
#221 = DIRECTION ( 'NONE',  ( -0.000000000000000000, 0.000000000000000000, -1.000000000000000000 ) ) ;
#222 = ADVANCED_FACE ( 'NONE', ( #3907 ), #1811, .T. ) ;
#223 = CIRCLE ( 'NONE', #368, 2.000000000000001776 ) ;
#224 = CARTESIAN_POINT ( 'NONE',  ( 5.080000000000000071, 5.080000000000000959, 0.9999999999999991118 ) ) ;
#225 = AXIS2_PLACEMENT_3D ( 'NONE', #1598, #169, #3001 ) ;
#226 = ORIENTED_EDGE ( 'NONE', *, *, #350, .F. ) ;
#227 = VECTOR ( 'NONE', #3718, 1000.000000000000000 ) ;
#228 = AXIS2_PLACEMENT_3D ( 'NONE', #1387, #3807, #2782 ) ;
#229 = EDGE_LOOP ( 'NONE', ( #3058, #768, #990, #3342 ) ) ;
#230 = TOROIDAL_SURFACE ( 'NONE', #3126, 2.000000000000000000, 1.000000000000000000 ) ;
#231 = CIRCLE ( 'NONE', #3426, 1.000000000000000000 ) ;
#232 = CIRCLE ( 'NONE', #1556, 1.000000000000000888 ) ;
#233 = CARTESIAN_POINT ( 'NONE',  ( 6.540000000000000924, 57.84000000000000341, 1.000000000000000000 ) ) ;
#234 = CIRCLE ( 'NONE', #2448, 1.582106781186531919 ) ;
#235 = CYLINDRICAL_SURFACE ( 'NONE', #4136, 1.000000000000000888 ) ;
#236 = CARTESIAN_POINT ( 'NONE',  ( 6.540000000000006253, 11.16000000000000369, 1.000000000000000000 ) ) ;
#237 = VERTEX_POINT ( 'NONE', #3590 ) ;
#238 = CARTESIAN_POINT ( 'NONE',  ( 5.080000000000000071, 63.92000000000000171, 0.000000000000000000 ) ) ;
#239 = EDGE_CURVE ( 'NONE', #951, #2120, #3030, .T. ) ;
#240 = AXIS2_PLACEMENT_3D ( 'NONE', #3011, #3733, #1938 ) ;
#241 = CARTESIAN_POINT ( 'NONE',  ( 1.000000000000000000, 5.080000000000000959, 9.000000000000001776 ) ) ;
#242 = DIRECTION ( 'NONE',  ( 1.000000000000000000, 0.000000000000000000, 0.000000000000000000 ) ) ;
#243 = AXIS2_PLACEMENT_3D ( 'NONE', #1062, #2822, #3441 ) ;
#244 = ORIENTED_EDGE ( 'NONE', *, *, #2308, .T. ) ;
#245 = EDGE_LOOP ( 'NONE', ( #1742, #3130, #3336, #326 ) ) ;
#246 = CARTESIAN_POINT ( 'NONE',  ( 65.46000000000002217, 9.160000000000016129, 9.000000000000001776 ) ) ;
#247 = FACE_OUTER_BOUND ( 'NONE', #2758, .T. ) ;
#248 = EDGE_CURVE ( 'NONE', #388, #3629, #3951, .T. ) ;
#249 = EDGE_CURVE ( 'NONE', #1227, #3272, #4441, .T. ) ;
#250 = CARTESIAN_POINT ( 'NONE',  ( 63.91999999999969617, 63.92000000000032145, 0.7499999999999964473 ) ) ;
#251 = ORIENTED_EDGE ( 'NONE', *, *, #771, .T. ) ;
#252 = DIRECTION ( 'NONE',  ( -3.469446951953612611E-15, 1.000000000000000000, 0.000000000000000000 ) ) ;
#253 = CARTESIAN_POINT ( 'NONE',  ( 5.080000000000000071, 63.92000000000000171, 10.00000000000000000 ) ) ;
#254 = ORIENTED_EDGE ( 'NONE', *, *, #2466, .T. ) ;
#255 = DIRECTION ( 'NONE',  ( 0.000000000000000000, 0.000000000000000000, 1.000000000000000000 ) ) ;
#256 = DIRECTION ( 'NONE',  ( 6.062251262144429248E-15, -1.000000000000000000, 0.000000000000000000 ) ) ;
#257 = DIRECTION ( 'NONE',  ( 1.000000000000000000, 1.059916735601006648E-14, -0.000000000000000000 ) ) ;
#258 = ORIENTED_EDGE ( 'NONE', *, *, #3670, .F. ) ;
#259 = LINE ( 'NONE', #638, #2152 ) ;
#260 = DIRECTION ( 'NONE',  ( -1.000000000000000000, 0.000000000000000000, 0.000000000000000000 ) ) ;
#262 = AXIS2_PLACEMENT_3D ( 'NONE', #3988, #2261, #808 ) ;
#261 = CARTESIAN_POINT ( 'NONE',  ( 68.00000000000000000, 63.92000000000001592, 10.00000000000000000 ) ) ;
#263 = EDGE_LOOP ( 'NONE', ( #3544, #1047, #90, #2604 ) ) ;
#264 = EDGE_CURVE ( 'NONE', #1176, #533, #3767, .T. ) ;
#265 = ORIENTED_EDGE ( 'NONE', *, *, #307, .F. ) ;
#266 = DIRECTION ( 'NONE',  ( -0.000000000000000000, -0.000000000000000000, -1.000000000000000000 ) ) ;
#267 = CARTESIAN_POINT ( 'NONE',  ( 5.080000000000000071, 63.92000000000000171, 9.249999999999994671 ) ) ;
#268 = DIRECTION ( 'NONE',  ( 0.000000000000000000, 0.000000000000000000, -1.000000000000000000 ) ) ;
#269 = EDGE_CURVE ( 'NONE', #3389, #1576, #1756, .T. ) ;
#270 = DIRECTION ( 'NONE',  ( 1.000000000000000000, 0.000000000000000000, 0.000000000000000000 ) ) ;
#271 = ORIENTED_EDGE ( 'NONE', *, *, #3081, .T. ) ;
#272 = EDGE_CURVE ( 'NONE', #3279, #237, #2818, .T. ) ;
#273 = EDGE_CURVE ( 'NONE', #4428, #1672, #52, .T. ) ;
#274 = CARTESIAN_POINT ( 'NONE',  ( 68.00000000000000000, 5.080000000000008065, 10.00000000000000000 ) ) ;
#275 = CARTESIAN_POINT ( 'NONE',  ( 63.92000000000000171, 7.827942340149881525E-15, 9.000000000000001776 ) ) ;
#276 = EDGE_CURVE ( 'NONE', #4028, #2596, #2929, .T. ) ;
#277 = ORIENTED_EDGE ( 'NONE', *, *, #4574, .F. ) ;
#278 = CARTESIAN_POINT ( 'NONE',  ( 65.46000000000002217, 57.84000000000001762, 9.000000000000001776 ) ) ;
#279 = CARTESIAN_POINT ( 'NONE',  ( 6.540000000000000924, 59.84000000000000341, 0.000000000000000000 ) ) ;
#280 = CYLINDRICAL_SURFACE ( 'NONE', #1406, 1.000000000000000000 ) ;
#281 = EDGE_LOOP ( 'NONE', ( #2712, #958 ) ) ;
#282 = DIRECTION ( 'NONE',  ( 0.000000000000000000, 0.000000000000000000, 1.000000000000000000 ) ) ;
#283 = FACE_OUTER_BOUND ( 'NONE', #3635, .T. ) ;
#284 = EDGE_LOOP ( 'NONE', ( #579, #2541, #883, #2316 ) ) ;
#285 = CIRCLE ( 'NONE', #1162, 1.582106781186531919 ) ;
#286 = ORIENTED_EDGE ( 'NONE', *, *, #926, .F. ) ;
#287 = DIRECTION ( 'NONE',  ( 1.000000000000000000, 1.059916735601006648E-14, 0.000000000000000000 ) ) ;
#288 = CARTESIAN_POINT ( 'NONE',  ( 5.080000000000000959, 1.000000000000000666, 10.00000000000000000 ) ) ;
#289 = EDGE_CURVE ( 'NONE', #3732, #1913, #3658, .T. ) ;
#290 = VECTOR ( 'NONE', #2380, 1000.000000000000000 ) ;
#291 = TOROIDAL_SURFACE ( 'NONE', #432, 2.000000000000000000, 1.000000000000000000 ) ;
#292 = EDGE_CURVE ( 'NONE', #1149, #2805, #3244, .T. ) ;
#293 = CARTESIAN_POINT ( 'NONE',  ( 1.000000000000000000, 63.92000000000000171, 10.00000000000000000 ) ) ;
#294 = DIRECTION ( 'NONE',  ( -4.546688446608318583E-15, 1.000000000000000000, 0.000000000000000000 ) ) ;
#295 = DIRECTION ( 'NONE',  ( 0.000000000000000000, 0.000000000000000000, 1.000000000000000000 ) ) ;
#296 = ORIENTED_EDGE ( 'NONE', *, *, #2728, .T. ) ;
#297 = DIRECTION ( 'NONE',  ( 0.000000000000000000, 0.000000000000000000, 1.000000000000000000 ) ) ;
#298 = DIRECTION ( 'NONE',  ( 0.000000000000000000, 0.000000000000000000, -1.000000000000000000 ) ) ;
#299 = CIRCLE ( 'NONE', #2574, 2.000000000000000000 ) ;
#300 = DIRECTION ( 'NONE',  ( 0.000000000000000000, 1.000000000000000000, 0.000000000000000000 ) ) ;
#301 = EDGE_CURVE ( 'NONE', #3479, #1504, #1826, .T. ) ;
#302 = ADVANCED_FACE ( 'NONE', ( #3700 ), #3631, .T. ) ;
#303 = DIRECTION ( 'NONE',  ( -1.247233394806660679E-16, 1.000000000000000000, 0.000000000000000000 ) ) ;
#304 = EDGE_LOOP ( 'NONE', ( #2364, #1690, #2504, #335 ) ) ;
#305 = EDGE_CURVE ( 'NONE', #468, #4091, #1092, .T. ) ;
#306 = TOROIDAL_SURFACE ( 'NONE', #3999, 2.289213562373099364, 1.000000000000000000 ) ;
#307 = EDGE_CURVE ( 'NONE', #1820, #1175, #4367, .T. ) ;
#308 = CARTESIAN_POINT ( 'NONE',  ( 63.91999999999967486, 66.20921356237343502, 10.00000000000000178 ) ) ;
#309 = CARTESIAN_POINT ( 'NONE',  ( 1.000000000000000000, 5.080000000000000959, 0.9999999999999991118 ) ) ;
#310 = CIRCLE ( 'NONE', #3343, 1.000000000000000000 ) ;
#311 = VECTOR ( 'NONE', #400, 1000.000000000000000 ) ;
#312 = CARTESIAN_POINT ( 'NONE',  ( 3.540000000000000036, 58.84000000000000341, 9.000000000000001776 ) ) ;
#313 = EDGE_LOOP ( 'NONE', ( #2843, #4544, #2492, #120 ) ) ;
#314 = AXIS2_PLACEMENT_3D ( 'NONE', #2792, #2817, #2572 ) ;
#315 = AXIS2_PLACEMENT_3D ( 'NONE', #2340, #3472, #2743 ) ;
#316 = ORIENTED_EDGE ( 'NONE', *, *, #1373, .T. ) ;
#317 = VECTOR ( 'NONE', #475, 1000.000000000000000 ) ;
#318 = ORIENTED_EDGE ( 'NONE', *, *, #60, .F. ) ;
#319 = LINE ( 'NONE', #643, #1340 ) ;
#320 = VECTOR ( 'NONE', #1671, 1000.000000000000000 ) ;
#321 = CARTESIAN_POINT ( 'NONE',  ( 59.83999999999971209, 62.46000000000028507, 10.00000000000000000 ) ) ;
#322 = FACE_OUTER_BOUND ( 'NONE', #685, .T. ) ;
#323 = ORIENTED_EDGE ( 'NONE', *, *, #2694, .F. ) ;
#324 = CARTESIAN_POINT ( 'NONE',  ( 57.84000000000011710, 8.540000000000084412, 10.00000000000000000 ) ) ;
#325 = CARTESIAN_POINT ( 'NONE',  ( 5.080000000000126192, 5.079999999999895266, 0.2928932188134569792 ) ) ;
#326 = ORIENTED_EDGE ( 'NONE', *, *, #1476, .T. ) ;
#327 = CARTESIAN_POINT ( 'NONE',  ( 6.205000000000001847, 63.92000000000000171, 9.249999999999994671 ) ) ;
#328 = CARTESIAN_POINT ( 'NONE',  ( 8.539999999999999147, 57.84000000000000341, 10.00000000000000000 ) ) ;
#329 = ADVANCED_FACE ( 'NONE', ( #1234 ), #4215, .T. ) ;
#330 = CARTESIAN_POINT ( 'NONE',  ( 59.84000000000013131, 3.540000000000091518, 9.000000000000001776 ) ) ;
#331 = ORIENTED_EDGE ( 'NONE', *, *, #1255, .F. ) ;
#332 = EDGE_CURVE ( 'NONE', #2363, #3403, #866, .T. ) ;
#333 = DIRECTION ( 'NONE',  ( -0.000000000000000000, -0.000000000000000000, -1.000000000000000000 ) ) ;
#334 = CARTESIAN_POINT ( 'NONE',  ( 57.84000000000012420, 3.540000000000084857, 1.000000000000000000 ) ) ;
#335 = ORIENTED_EDGE ( 'NONE', *, *, #3562, .F. ) ;
#336 = ORIENTED_EDGE ( 'NONE', *, *, #4375, .F. ) ;
#337 = CARTESIAN_POINT ( 'NONE',  ( 8.540000000000004476, 11.16000000000000369, 0.000000000000000000 ) ) ;
#338 = CARTESIAN_POINT ( 'NONE',  ( 57.83999999999973340, 60.46000000000026375, 0.000000000000000000 ) ) ;
#339 = DIRECTION ( 'NONE',  ( 1.000000000000000000, 0.000000000000000000, 0.000000000000000000 ) ) ;
#340 = ORIENTED_EDGE ( 'NONE', *, *, #2781, .T. ) ;
#341 = CARTESIAN_POINT ( 'NONE',  ( 63.91999999999969617, 63.92000000000032145, 9.000000000000001776 ) ) ;
#342 = FACE_OUTER_BOUND ( 'NONE', #284, .T. ) ;
#343 = DIRECTION ( 'NONE',  ( 0.000000000000000000, 0.000000000000000000, 1.000000000000000000 ) ) ;
#344 = ORIENTED_EDGE ( 'NONE', *, *, #584, .F. ) ;
#345 = DIRECTION ( 'NONE',  ( -0.000000000000000000, -0.000000000000000000, 1.000000000000000000 ) ) ;
#346 = DIRECTION ( 'NONE',  ( 0.000000000000000000, 0.000000000000000000, 1.000000000000000000 ) ) ;
#347 = DIRECTION ( 'NONE',  ( 0.000000000000000000, 0.000000000000000000, 1.000000000000000000 ) ) ;
#348 = ORIENTED_EDGE ( 'NONE', *, *, #2966, .F. ) ;
#349 = ADVANCED_FACE ( 'NONE', ( #2597 ), #3007, .T. ) ;
#350 = EDGE_CURVE ( 'NONE', #1053, #2994, #4281, .T. ) ;
#351 = ORIENTED_EDGE ( 'NONE', *, *, #443, .F. ) ;
#352 = EDGE_LOOP ( 'NONE', ( #714, #2670, #583, #4260 ) ) ;
#353 = DIRECTION ( 'NONE',  ( 0.000000000000000000, 0.000000000000000000, 1.000000000000000000 ) ) ;
#354 = UNCERTAINTY_MEASURE_WITH_UNIT (LENGTH_MEASURE( 1.000000000000000082E-05 ), #703, 'distance_accuracy_value', 'NONE');
#355 = ADVANCED_FACE ( 'NONE', ( #4068 ), #2620, .F. ) ;
#356 = CARTESIAN_POINT ( 'NONE',  ( 3.540000000000000036, 57.84000000000000341, 0.000000000000000000 ) ) ;
#357 = EDGE_CURVE ( 'NONE', #2823, #4472, #3680, .T. ) ;
#358 = CIRCLE ( 'NONE', #3248, 1.000000000000000888 ) ;
#359 = AXIS2_PLACEMENT_3D ( 'NONE', #1357, #4192, #3344 ) ;
#360 = CARTESIAN_POINT ( 'NONE',  ( -3.444997652749203043E-13, 67.45999999999963848, 1.000000000000000000 ) ) ;
#361 = ORIENTED_EDGE ( 'NONE', *, *, #2327, .T. ) ;
#362 = CARTESIAN_POINT ( 'NONE',  ( 3.540000000000000036, 59.84000000000000341, 1.000000000000000000 ) ) ;
#363 = DIRECTION ( 'NONE',  ( -0.000000000000000000, -0.000000000000000000, -1.000000000000000000 ) ) ;
#364 = CIRCLE ( 'NONE', #2798, 1.000000000000000888 ) ;
#365 = AXIS2_PLACEMENT_3D ( 'NONE', #2647, #628, #294 ) ;
#366 = ORIENTED_EDGE ( 'NONE', *, *, #3530, .F. ) ;
#367 = DIRECTION ( 'NONE',  ( -1.000000000000000000, 0.000000000000000000, 0.000000000000000000 ) ) ;
#368 = AXIS2_PLACEMENT_3D ( 'NONE', #2158, #3186, #421 ) ;
#369 = CARTESIAN_POINT ( 'NONE',  ( 57.83999999999967656, 65.46000000000026375, 0.000000000000000000 ) ) ;
#370 = CARTESIAN_POINT ( 'NONE',  ( -2.703055937828498516E-13, 60.45999999999965269, 0.000000000000000000 ) ) ;
#371 = CARTESIAN_POINT ( 'NONE',  ( 9.160000000000119158, 6.539999999999909441, 10.00000000000000000 ) ) ;
#372 = AXIS2_PLACEMENT_3D ( 'NONE', #2979, #2948, #549 ) ;
#373 = ORIENTED_EDGE ( 'NONE', *, *, #1029, .F. ) ;
#374 = VECTOR ( 'NONE', #4581, 999.9999999999998863 ) ;
#375 = AXIS2_PLACEMENT_3D ( 'NONE', #3761, #3119, #1741 ) ;
#376 = DIRECTION ( 'NONE',  ( 0.000000000000000000, 0.000000000000000000, 1.000000000000000000 ) ) ;
#377 = EDGE_CURVE ( 'NONE', #4098, #2571, #726, .T. ) ;
#378 = ORIENTED_EDGE ( 'NONE', *, *, #4267, .T. ) ;
#379 = DIRECTION ( 'NONE',  ( 1.000000000000000000, 0.000000000000000000, 0.000000000000000000 ) ) ;
#380 = VECTOR ( 'NONE', #4304, 1000.000000000000000 ) ;
#381 = AXIS2_PLACEMENT_3D ( 'NONE', #3098, #266, #1745 ) ;
#382 = ADVANCED_FACE ( 'NONE', ( #4391 ), #1506, .T. ) ;
#383 = DIRECTION ( 'NONE',  ( -3.491481338843133355E-15, 1.000000000000000000, 0.000000000000000000 ) ) ;
#384 = CIRCLE ( 'NONE', #1856, 1.125000000000001776 ) ;
#385 = AXIS2_PLACEMENT_3D ( 'NONE', #1146, #2887, #4307 ) ;
#386 = CARTESIAN_POINT ( 'NONE',  ( 11.16000000000011383, 8.539999999999915659, 9.000000000000001776 ) ) ;
#387 = ADVANCED_FACE ( 'NONE', ( #122 ), #1526, .T. ) ;
#388 = VERTEX_POINT ( 'NONE', #2986 ) ;
#389 = DIRECTION ( 'NONE',  ( 1.000000000000000000, -0.000000000000000000, -0.000000000000000000 ) ) ;
#390 = EDGE_CURVE ( 'NONE', #2283, #3479, #3249, .T. ) ;
#391 = CIRCLE ( 'NONE', #3795, 1.582106781186531919 ) ;
#392 = DIRECTION ( 'NONE',  ( -0.000000000000000000, -1.000000000000000000, -0.000000000000000000 ) ) ;
#393 = EDGE_LOOP ( 'NONE', ( #417, #4561, #4009, #1524 ) ) ;
#394 = DIRECTION ( 'NONE',  ( -3.854941057726234744E-15, 1.000000000000000000, 0.000000000000000000 ) ) ;
#395 = PRODUCT ( 'Printed_Mounting_Stand_V1.0', 'Printed_Mounting_Stand_V1.0', '', ( #2985 ) ) ;
#396 = DIRECTION ( 'NONE',  ( 1.000000000000000000, 0.000000000000000000, 0.000000000000000000 ) ) ;
#397 = DIRECTION ( 'NONE',  ( -1.754342750165879308E-14, 1.000000000000000000, 0.000000000000000000 ) ) ;
#398 = ORIENTED_EDGE ( 'NONE', *, *, #3979, .F. ) ;
#399 = ORIENTED_EDGE ( 'NONE', *, *, #2906, .F. ) ;
#400 = DIRECTION ( 'NONE',  ( -0.000000000000000000, 1.000000000000000000, -0.000000000000000000 ) ) ;
#401 = ORIENTED_EDGE ( 'NONE', *, *, #1291, .F. ) ;
#402 = DIRECTION ( 'NONE',  ( -0.000000000000000000, -0.000000000000000000, 1.000000000000000000 ) ) ;
#403 = FACE_OUTER_BOUND ( 'NONE', #2470, .T. ) ;
#404 = VERTEX_POINT ( 'NONE', #3407 ) ;
#405 = DIRECTION ( 'NONE',  ( -0.000000000000000000, 0.000000000000000000, 1.000000000000000000 ) ) ;
#406 = ORIENTED_EDGE ( 'NONE', *, *, #1898, .T. ) ;
#407 = LINE ( 'NONE', #480, #3431 ) ;
#408 = DIRECTION ( 'NONE',  ( -0.000000000000000000, -0.000000000000000000, -1.000000000000000000 ) ) ;
#409 = EDGE_CURVE ( 'NONE', #803, #237, #212, .T. ) ;
#410 = EDGE_CURVE ( 'NONE', #3656, #3446, #1829, .T. ) ;
#411 = CARTESIAN_POINT ( 'NONE',  ( 1.540000000000000258, 57.84000000000000341, 0.000000000000000000 ) ) ;
#412 = ORIENTED_EDGE ( 'NONE', *, *, #2866, .T. ) ;
#413 = DIRECTION ( 'NONE',  ( 1.000000000000000000, 0.000000000000000000, -0.000000000000000000 ) ) ;
#414 = DIRECTION ( 'NONE',  ( -0.000000000000000000, -0.000000000000000000, -1.000000000000000000 ) ) ;
#415 = CYLINDRICAL_SURFACE ( 'NONE', #1452, 1.000000000000000000 ) ;
#416 = ORIENTED_EDGE ( 'NONE', *, *, #2379, .F. ) ;
#417 = ORIENTED_EDGE ( 'NONE', *, *, #1106, .F. ) ;
#418 = DIRECTION ( 'NONE',  ( -0.000000000000000000, -1.000000000000000000, -0.000000000000000000 ) ) ;
#419 = ORIENTED_EDGE ( 'NONE', *, *, #798, .T. ) ;
#420 = FACE_OUTER_BOUND ( 'NONE', #304, .T. ) ;
#421 = DIRECTION ( 'NONE',  ( 1.040834085586083310E-14, -1.000000000000000000, 0.000000000000000000 ) ) ;
#422 = EDGE_LOOP ( 'NONE', ( #138, #2807, #1204, #3801, #2527, #4312, #511, #3588 ) ) ;
#423 = DIRECTION ( 'NONE',  ( 0.000000000000000000, 0.000000000000000000, 1.000000000000000000 ) ) ;
#424 = EDGE_CURVE ( 'NONE', #2370, #1231, #1904, .T. ) ;
#425 = ORIENTED_EDGE ( 'NONE', *, *, #2906, .T. ) ;
#426 = DIRECTION ( 'NONE',  ( 0.000000000000000000, 0.000000000000000000, -1.000000000000000000 ) ) ;
#427 = DIRECTION ( 'NONE',  ( 1.233581138472395244E-14, -1.000000000000000000, 0.000000000000000000 ) ) ;
#428 = AXIS2_PLACEMENT_3D ( 'NONE', #40, #4580, #4248 ) ;
#429 = AXIS2_PLACEMENT_3D ( 'NONE', #4240, #3216, #1751 ) ;
#430 = ORIENTED_EDGE ( 'NONE', *, *, #3993, .T. ) ;
#431 = EDGE_CURVE ( 'NONE', #542, #4098, #1675, .T. ) ;
#432 = AXIS2_PLACEMENT_3D ( 'NONE', #466, #1868, #3291 ) ;
#433 = DIRECTION ( 'NONE',  ( 0.000000000000000000, 0.000000000000000000, 1.000000000000000000 ) ) ;
#434 = AXIS2_PLACEMENT_3D ( 'NONE', #1214, #4044, #602 ) ;
#435 = CARTESIAN_POINT ( 'NONE',  ( 6.540000000000000924, 59.84000000000000341, 9.000000000000001776 ) ) ;
#436 = VECTOR ( 'NONE', #3151, 1000.000000000000000 ) ;
#437 = FACE_OUTER_BOUND ( 'NONE', #1823, .T. ) ;
#438 = VERTEX_POINT ( 'NONE', #2025 ) ;
#439 = EDGE_CURVE ( 'NONE', #4353, #2135, #954, .T. ) ;
#440 = ORIENTED_EDGE ( 'NONE', *, *, #4403, .T. ) ;
#441 = VERTEX_POINT ( 'NONE', #288 ) ;
#442 = AXIS2_PLACEMENT_3D ( 'NONE', #4273, #1480, #1805 ) ;
#443 = EDGE_CURVE ( 'NONE', #623, #3846, #3033, .T. ) ;
#444 = CIRCLE ( 'NONE', #1385, 1.000000000000000888 ) ;
#445 = CARTESIAN_POINT ( 'NONE',  ( 5.080000000000133298, 3.497893218813345140, 9.707106781186546129 ) ) ;
#446 = CARTESIAN_POINT ( 'NONE',  ( 57.83999999999966946, 66.46000000000026375, 10.00000000000000000 ) ) ;
#447 = AXIS2_PLACEMENT_3D ( 'NONE', #3524, #3817, #270 ) ;
#448 = ORIENTED_EDGE ( 'NONE', *, *, #443, .T. ) ;
#449 = CARTESIAN_POINT ( 'NONE',  ( 5.080000000000000071, 63.92000000000000171, 9.000000000000001776 ) ) ;
#450 = CIRCLE ( 'NONE', #1269, 1.000000000000000888 ) ;
#451 = DIRECTION ( 'NONE',  ( 1.040834085586083310E-14, -1.000000000000000000, 0.000000000000000000 ) ) ;
#452 = ORIENTED_EDGE ( 'NONE', *, *, #3457, .T. ) ;
#453 = CIRCLE ( 'NONE', #3052, 0.9999999999999995559 ) ;
#454 = TOROIDAL_SURFACE ( 'NONE', #4452, 2.289213562373099364, 1.000000000000000000 ) ;
#455 = ORIENTED_EDGE ( 'NONE', *, *, #2160, .T. ) ;
#456 = VECTOR ( 'NONE', #376, 1000.000000000000000 ) ;
#457 = CARTESIAN_POINT ( 'NONE',  ( 63.92000000000000171, 68.00000000000001421, 0.000000000000000000 ) ) ;
#458 = CARTESIAN_POINT ( 'NONE',  ( 5.080000000000126192, 5.079999999999895266, 0.000000000000000000 ) ) ;
#459 = VECTOR ( 'NONE', #1862, 1000.000000000000000 ) ;
#460 = AXIS2_PLACEMENT_3D ( 'NONE', #246, #4231, #3079 ) ;
#461 = CARTESIAN_POINT ( 'NONE',  ( 11.15999999999972303, 61.45999999999977348, 9.000000000000001776 ) ) ;
#462 = ORIENTED_EDGE ( 'NONE', *, *, #1365, .T. ) ;
#463 = DIRECTION ( 'NONE',  ( 0.000000000000000000, 0.000000000000000000, 1.000000000000000000 ) ) ;
#464 = DIRECTION ( 'NONE',  ( 0.000000000000000000, 0.000000000000000000, 1.000000000000000000 ) ) ;
#465 = CIRCLE ( 'NONE', #619, 1.000000000000000888 ) ;
#466 = CARTESIAN_POINT ( 'NONE',  ( 3.540000000000000036, 57.84000000000000341, 1.000000000000000000 ) ) ;
#467 = ORIENTED_EDGE ( 'NONE', *, *, #3388, .F. ) ;
#468 = VERTEX_POINT ( 'NONE', #3455 ) ;
#469 = ORIENTED_EDGE ( 'NONE', *, *, #2124, .T. ) ;
#470 = CARTESIAN_POINT ( 'NONE',  ( 7.540000000000005365, 10.16000000000000192, 9.000000000000001776 ) ) ;
#471 = EDGE_CURVE ( 'NONE', #1211, #857, #3409, .T. ) ;
#472 = DIRECTION ( 'NONE',  ( -1.000000000000000000, 0.000000000000000000, 0.000000000000000000 ) ) ;
#473 = EDGE_CURVE ( 'NONE', #4135, #1084, #1393, .T. ) ;
#474 = ORIENTED_EDGE ( 'NONE', *, *, #4490, .T. ) ;
#475 = DIRECTION ( 'NONE',  ( 3.491481338843133355E-15, -1.000000000000000000, 0.000000000000000000 ) ) ;
#476 = EDGE_CURVE ( 'NONE', #2060, #1127, #2744, .T. ) ;
#477 = FACE_OUTER_BOUND ( 'NONE', #811, .T. ) ;
#478 = ORIENTED_EDGE ( 'NONE', *, *, #3894, .T. ) ;
#479 = DIRECTION ( 'NONE',  ( -1.247233394806660679E-16, 1.000000000000000000, 0.000000000000000000 ) ) ;
#480 = CARTESIAN_POINT ( 'NONE',  ( 8.540000000000006253, 1.065137319164889045E-15, 0.000000000000000000 ) ) ;
#481 = DIRECTION ( 'NONE',  ( 0.000000000000000000, 0.000000000000000000, 1.000000000000000000 ) ) ;
#482 = CARTESIAN_POINT ( 'NONE',  ( 57.83999999999965524, 67.46000000000026375, 0.000000000000000000 ) ) ;
#483 = EDGE_LOOP ( 'NONE', ( #2617, #141, #4537, #2750 ) ) ;
#484 = CARTESIAN_POINT ( 'NONE',  ( 67.46000000000002217, 11.16000000000001791, 9.000000000000001776 ) ) ;
#485 = DIRECTION ( 'NONE',  ( -1.224646799147353207E-16, 1.000000000000000000, 0.000000000000000000 ) ) ;
#486 = CARTESIAN_POINT ( 'NONE',  ( 11.16000000000013515, 1.539999999999916547, 10.00000000000000000 ) ) ;
#487 = ORIENTED_EDGE ( 'NONE', *, *, #2266, .T. ) ;
#488 = VERTEX_POINT ( 'NONE', #3794 ) ;
#489 = ORIENTED_EDGE ( 'NONE', *, *, #4325, .T. ) ;
#490 = CIRCLE ( 'NONE', #3961, 1.125000000000000888 ) ;
#491 = CIRCLE ( 'NONE', #1806, 1.582106781186550126 ) ;
#492 = DIRECTION ( 'NONE',  ( 0.000000000000000000, 0.000000000000000000, -1.000000000000000000 ) ) ;
#493 = CARTESIAN_POINT ( 'NONE',  ( 63.91999999999969617, 63.92000000000032145, 9.249999999999994671 ) ) ;
#494 = VERTEX_POINT ( 'NONE', #626 ) ;
#495 = CARTESIAN_POINT ( 'NONE',  ( 2.540000000000006253, 9.160000000000001918, 10.00000000000000000 ) ) ;
#496 = EDGE_CURVE ( 'NONE', #1211, #4420, #2057, .T. ) ;
#497 = CARTESIAN_POINT ( 'NONE',  ( 63.91999999999969617, 63.92000000000032145, 0.000000000000000000 ) ) ;
#498 = ORIENTED_EDGE ( 'NONE', *, *, #2538, .T. ) ;
#499 = ORIENTED_EDGE ( 'NONE', *, *, #1877, .T. ) ;
#500 = DIRECTION ( 'NONE',  ( 0.000000000000000000, 0.000000000000000000, 1.000000000000000000 ) ) ;
#501 = DIRECTION ( 'NONE',  ( 1.000000000000000000, 0.000000000000000000, 0.000000000000000000 ) ) ;
#502 = CARTESIAN_POINT ( 'NONE',  ( 61.46000000000002217, 10.16000000000001613, 1.000000000000000000 ) ) ;
#503 = EDGE_CURVE ( 'NONE', #494, #2283, #1632, .T. ) ;
#504 = ADVANCED_FACE ( 'NONE', ( #986, #1290, #2341, #3768, #2001, #3435, #247, #1655, #2366 ), #3099, .F. ) ;
#505 = CYLINDRICAL_SURFACE ( 'NONE', #536, 1.000000000000000888 ) ;
#506 = ORIENTED_EDGE ( 'NONE', *, *, #2082, .T. ) ;
#507 = DIRECTION ( 'NONE',  ( 1.000000000000000000, 0.000000000000000000, 0.000000000000000000 ) ) ;
#508 = CARTESIAN_POINT ( 'NONE',  ( -1.224646799147353207E-16, 1.000000000000000000, 0.9999999999999991118 ) ) ;
#509 = DIRECTION ( 'NONE',  ( 0.000000000000000000, 0.000000000000000000, 1.000000000000000000 ) ) ;
#510 = VECTOR ( 'NONE', #2169, 1000.000000000000000 ) ;
#511 = ORIENTED_EDGE ( 'NONE', *, *, #1817, .F. ) ;
#512 = CONICAL_SURFACE ( 'NONE', #1688, 1.874999999999988232, 0.7853981633974419507 ) ;
#513 = DIRECTION ( 'NONE',  ( -0.000000000000000000, -0.000000000000000000, -1.000000000000000000 ) ) ;
#514 = VERTEX_POINT ( 'NONE', #644 ) ;
#515 = AXIS2_PLACEMENT_3D ( 'NONE', #3319, #1590, #3017 ) ;
#516 = DIRECTION ( 'NONE',  ( 1.000000000000000000, 2.011273595335428079E-16, -0.000000000000000000 ) ) ;
#517 = LINE ( 'NONE', #4402, #3451 ) ;
#518 = CARTESIAN_POINT ( 'NONE',  ( 59.84000000000013131, 3.540000000000091518, 1.000000000000000000 ) ) ;
#519 = AXIS2_PLACEMENT_3D ( 'NONE', #3463, #4521, #1341 ) ;
#520 = ORIENTED_EDGE ( 'NONE', *, *, #1065, .T. ) ;
#521 = DIRECTION ( 'NONE',  ( 0.000000000000000000, 0.000000000000000000, 1.000000000000000000 ) ) ;
#522 = AXIS2_PLACEMENT_3D ( 'NONE', #1699, #1372, #2788 ) ;
#523 = CARTESIAN_POINT ( 'NONE',  ( 60.46000000000002217, 11.16000000000001791, 0.000000000000000000 ) ) ;
#524 = ORIENTED_EDGE ( 'NONE', *, *, #4148, .F. ) ;
#525 = ORIENTED_EDGE ( 'NONE', *, *, #3896, .T. ) ;
#526 = EDGE_CURVE ( 'NONE', #1539, #3293, #3972, .T. ) ;
#527 = CARTESIAN_POINT ( 'NONE',  ( 11.15999999999967862, 65.45999999999976637, 9.000000000000001776 ) ) ;
#528 = CIRCLE ( 'NONE', #2208, 2.289213562373097588 ) ;
#529 = ADVANCED_FACE ( 'NONE', ( #3953 ), #4022, .F. ) ;
#530 = CIRCLE ( 'NONE', #2293, 1.000000000000000000 ) ;
#531 = CIRCLE ( 'NONE', #1270, 5.080000000000000959 ) ;
#532 = CARTESIAN_POINT ( 'NONE',  ( 9.159999999999708820, 62.45999999999975216, 10.00000000000000000 ) ) ;
#533 = VERTEX_POINT ( 'NONE', #988 ) ;
#534 = EDGE_CURVE ( 'NONE', #61, #3992, #1657, .T. ) ;
#535 = DIRECTION ( 'NONE',  ( 0.000000000000000000, 0.000000000000000000, -1.000000000000000000 ) ) ;
#536 = AXIS2_PLACEMENT_3D ( 'NONE', #1884, #4392, #2232 ) ;
#537 = CIRCLE ( 'NONE', #3348, 2.000000000000001776 ) ;
#538 = DIRECTION ( 'NONE',  ( 0.000000000000000000, 0.000000000000000000, 1.000000000000000000 ) ) ;
#539 = LINE ( 'NONE', #4049, #1384 ) ;
#540 = ORIENTED_EDGE ( 'NONE', *, *, #2680, .T. ) ;
#541 = DIRECTION ( 'NONE',  ( 1.000000000000000000, 3.616204678323799768E-15, 0.000000000000000000 ) ) ;
#542 = VERTEX_POINT ( 'NONE', #3064 ) ;
#543 = CONICAL_SURFACE ( 'NONE', #163, 1.125000000000000888, 0.7853981633974447263 ) ;
#544 = CARTESIAN_POINT ( 'NONE',  ( 5.080000000000126192, 5.079999999999895266, 0.7499999999999964473 ) ) ;
#545 = CARTESIAN_POINT ( 'NONE',  ( 3.497893218813449945, 63.92000000000000171, 9.707106781186546129 ) ) ;
#546 = CYLINDRICAL_SURFACE ( 'NONE', #3710, 1.000000000000000000 ) ;
#547 = EDGE_LOOP ( 'NONE', ( #318, #3983, #78, #704 ) ) ;
#548 = CARTESIAN_POINT ( 'NONE',  ( 11.15999999999965731, 67.45999999999976637, 0.000000000000000000 ) ) ;
#549 = DIRECTION ( 'NONE',  ( 0.000000000000000000, 0.000000000000000000, 1.000000000000000000 ) ) ;
#550 = DIRECTION ( 'NONE',  ( 1.000000000000000000, 3.616204678323799768E-15, 0.000000000000000000 ) ) ;
#551 = ORIENTED_EDGE ( 'NONE', *, *, #1255, .T. ) ;
#552 = ORIENTED_EDGE ( 'NONE', *, *, #647, .T. ) ;
#553 = DIRECTION ( 'NONE',  ( 1.047444401652940007E-14, -1.000000000000000000, -0.000000000000000000 ) ) ;
#554 = DIRECTION ( 'NONE',  ( -1.000000000000000000, 0.000000000000000000, 0.000000000000000000 ) ) ;
#555 = DIRECTION ( 'NONE',  ( 0.000000000000000000, 1.000000000000000000, 0.000000000000000000 ) ) ;
#556 = EDGE_CURVE ( 'NONE', #3389, #1801, #4575, .T. ) ;
#557 = DIRECTION ( 'NONE',  ( 1.000000000000000000, 2.011273595335428079E-16, -0.000000000000000000 ) ) ;
#558 = ORIENTED_EDGE ( 'NONE', *, *, #2440, .T. ) ;
#559 = CARTESIAN_POINT ( 'NONE',  ( 5.080000000000130633, 3.954999999999894378, 9.249999999999994671 ) ) ;
#560 = EDGE_CURVE ( 'NONE', #1576, #3167, #4356, .T. ) ;
#561 = ADVANCED_FACE ( 'NONE', ( #4414 ), #2950, .F. ) ;
#562 = CARTESIAN_POINT ( 'NONE',  ( 1.540000000000007585, 1.920739428002266685E-16, 0.000000000000000000 ) ) ;
#563 = DIRECTION ( 'NONE',  ( 1.040834085586083310E-14, -1.000000000000000000, 0.000000000000000000 ) ) ;
#564 = ORIENTED_EDGE ( 'NONE', *, *, #2241, .F. ) ;
#565 = DIRECTION ( 'NONE',  ( 0.000000000000000000, 0.000000000000000000, 1.000000000000000000 ) ) ;
#566 = EDGE_CURVE ( 'NONE', #2596, #3916, #3008, .T. ) ;
#567 = DIRECTION ( 'NONE',  ( 1.000000000000000000, 3.616204678323799768E-15, 0.000000000000000000 ) ) ;
#568 = CARTESIAN_POINT ( 'NONE',  ( 5.080000000000126192, 5.079999999999895266, 9.000000000000001776 ) ) ;
#569 = CARTESIAN_POINT ( 'NONE',  ( 63.91999999999971038, 62.04500000000033566, 0.000000000000000000 ) ) ;
#570 = TOROIDAL_SURFACE ( 'NONE', #2329, 2.289213562373099364, 1.000000000000000000 ) ;
#571 = ORIENTED_EDGE ( 'NONE', *, *, #3159, .F. ) ;
#572 = CARTESIAN_POINT ( 'NONE',  ( 11.16000000000012093, 6.539999999999916547, 10.00000000000000000 ) ) ;
#573 = DIRECTION ( 'NONE',  ( 1.000000000000000000, 1.247233394806660926E-16, 0.000000000000000000 ) ) ;
#574 = LINE ( 'NONE', #261, #4232 ) ;
#575 = EDGE_LOOP ( 'NONE', ( #2895, #3462, #1345, #171 ) ) ;
#576 = VERTEX_POINT ( 'NONE', #1235 ) ;
#577 = DIRECTION ( 'NONE',  ( -1.387778780781444413E-14, 1.000000000000000000, 0.000000000000000000 ) ) ;
#578 = CARTESIAN_POINT ( 'NONE',  ( 10.16000000000012804, 3.539999999999912550, 1.000000000000000000 ) ) ;
#579 = ORIENTED_EDGE ( 'NONE', *, *, #2243, .F. ) ;
#580 = CARTESIAN_POINT ( 'NONE',  ( 3.540000000000000036, 59.84000000000000341, 10.00000000000000000 ) ) ;
#581 = TOROIDAL_SURFACE ( 'NONE', #1086, 2.289213562373086930, 1.000000000000000000 ) ;
#582 = EDGE_CURVE ( 'NONE', #3895, #1832, #646, .T. ) ;
#583 = ORIENTED_EDGE ( 'NONE', *, *, #273, .F. ) ;
#584 = EDGE_CURVE ( 'NONE', #4121, #3243, #2681, .T. ) ;
#585 = DIRECTION ( 'NONE',  ( 3.289392656561045593E-15, -1.000000000000000000, 0.000000000000000000 ) ) ;
#586 = AXIS2_PLACEMENT_3D ( 'NONE', #3241, #2829, #4310 ) ;
#587 = VECTOR ( 'NONE', #1095, 1000.000000000000000 ) ;
#588 = CARTESIAN_POINT ( 'NONE',  ( 68.00000000000000000, 0.000000000000000000, 9.000000000000001776 ) ) ;
#589 = ADVANCED_FACE ( 'NONE', ( #922 ), #512, .F. ) ;
#590 = DIRECTION ( 'NONE',  ( 1.000000000000000000, 0.000000000000000000, 0.000000000000000000 ) ) ;
#591 = ORIENTED_EDGE ( 'NONE', *, *, #4158, .F. ) ;
#592 = CARTESIAN_POINT ( 'NONE',  ( 62.46000000000001506, 57.84000000000001762, 9.000000000000001776 ) ) ;
#593 = ADVANCED_FACE ( 'NONE', ( #3165 ), #2812, .F. ) ;
#594 = AXIS2_PLACEMENT_3D ( 'NONE', #1644, #255, #4087 ) ;
#595 = AXIS2_PLACEMENT_3D ( 'NONE', #527, #2201, #81 ) ;
#596 = LINE ( 'NONE', #2766, #3495 ) ;
#597 = CARTESIAN_POINT ( 'NONE',  ( 5.080000000000000071, 5.080000000000000959, 9.000000000000001776 ) ) ;
#598 = AXIS2_PLACEMENT_3D ( 'NONE', #679, #3173, #4579 ) ;
#599 = ORIENTED_EDGE ( 'NONE', *, *, #3973, .F. ) ;
#600 = VERTEX_POINT ( 'NONE', #1721 ) ;
#601 = FACE_OUTER_BOUND ( 'NONE', #969, .T. ) ;
#602 = DIRECTION ( 'NONE',  ( 0.000000000000000000, 0.000000000000000000, -1.000000000000000000 ) ) ;
#603 = CIRCLE ( 'NONE', #3182, 0.9999999999999991118 ) ;
#604 = DIRECTION ( 'NONE',  ( 1.247233394806660679E-16, -1.000000000000000000, 0.000000000000000000 ) ) ;
#605 = AXIS2_PLACEMENT_3D ( 'NONE', #4487, #667, #4171 ) ;
#606 = VERTEX_POINT ( 'NONE', #1693 ) ;
#607 = DIRECTION ( 'NONE',  ( -4.625929269271485322E-15, 1.000000000000000000, 0.000000000000000000 ) ) ;
#608 = AXIS2_PLACEMENT_3D ( 'NONE', #3786, #3855, #260 ) ;
#609 = ORIENTED_EDGE ( 'NONE', *, *, #526, .T. ) ;
#610 = CIRCLE ( 'NONE', #3195, 4.080000000000000959 ) ;
#611 = TOROIDAL_SURFACE ( 'NONE', #4004, 2.000000000000000000, 1.000000000000000000 ) ;
#612 = VECTOR ( 'NONE', #554, 1000.000000000000000 ) ;
#613 = FACE_OUTER_BOUND ( 'NONE', #4286, .T. ) ;
#614 = CIRCLE ( 'NONE', #3870, 1.000000000000000888 ) ;
#615 = DIRECTION ( 'NONE',  ( 0.000000000000000000, 0.000000000000000000, 1.000000000000000000 ) ) ;
#616 = DIRECTION ( 'NONE',  ( 0.7071067811865451302, -8.659560562354903276E-17, 0.7071067811865499042 ) ) ;
#617 = ORIENTED_EDGE ( 'NONE', *, *, #2866, .F. ) ;
#618 = DIRECTION ( 'NONE',  ( 0.000000000000000000, 0.000000000000000000, -1.000000000000000000 ) ) ;
#619 = AXIS2_PLACEMENT_3D ( 'NONE', #1014, #2051, #3482 ) ;
#620 = ADVANCED_FACE ( 'NONE', ( #2385 ), #306, .T. ) ;
#621 = EDGE_CURVE ( 'NONE', #3522, #3713, #678, .T. ) ;
#622 = DIRECTION ( 'NONE',  ( 1.000000000000000000, 0.000000000000000000, 0.000000000000000000 ) ) ;
#623 = VERTEX_POINT ( 'NONE', #4114 ) ;
#624 = ORIENTED_EDGE ( 'NONE', *, *, #3668, .T. ) ;
#625 = CARTESIAN_POINT ( 'NONE',  ( 63.91999999999971038, 62.79500000000032145, 0.7499999999999964473 ) ) ;
#626 = CARTESIAN_POINT ( 'NONE',  ( 2.540000000000000036, 57.84000000000000341, 9.000000000000001776 ) ) ;
#627 = ADVANCED_FACE ( 'NONE', ( #934 ), #72, .F. ) ;
#628 = DIRECTION ( 'NONE',  ( -0.000000000000000000, -0.000000000000000000, -1.000000000000000000 ) ) ;
#629 = CARTESIAN_POINT ( 'NONE',  ( 60.46000000000002217, 11.16000000000001791, 9.000000000000001776 ) ) ;
#630 = VERTEX_POINT ( 'NONE', #3448 ) ;
#631 = DIRECTION ( 'NONE',  ( 0.000000000000000000, 0.000000000000000000, -1.000000000000000000 ) ) ;
#632 = DIRECTION ( 'NONE',  ( -0.000000000000000000, -0.000000000000000000, -1.000000000000000000 ) ) ;
#633 = DIRECTION ( 'NONE',  ( 1.212450252428893265E-14, -1.000000000000000000, 0.000000000000000000 ) ) ;
#634 = EDGE_LOOP ( 'NONE', ( #1861, #3699, #91, #4531 ) ) ;
#635 = DIRECTION ( 'NONE',  ( 0.000000000000000000, 0.000000000000000000, 1.000000000000000000 ) ) ;
#636 = CARTESIAN_POINT ( 'NONE',  ( 7.540000000000000036, 57.84000000000000341, 9.000000000000001776 ) ) ;
#637 = ORIENTED_EDGE ( 'NONE', *, *, #3875, .F. ) ;
#638 = CARTESIAN_POINT ( 'NONE',  ( 65.46000000000002217, 58.84000000000001762, 10.00000000000000000 ) ) ;
#639 = DIRECTION ( 'NONE',  ( -1.247233394806660679E-16, 1.000000000000000000, -0.000000000000000000 ) ) ;
#640 = ORIENTED_EDGE ( 'NONE', *, *, #100, .T. ) ;
#641 = ADVANCED_FACE ( 'NONE', ( #283 ), #2714, .F. ) ;
#642 = ORIENTED_EDGE ( 'NONE', *, *, #2846, .T. ) ;
#643 = CARTESIAN_POINT ( 'NONE',  ( 62.46000000000001506, 58.84000000000001762, 0.000000000000000000 ) ) ;
#644 = CARTESIAN_POINT ( 'NONE',  ( 1.540000000000006031, 11.16000000000000369, 0.000000000000000000 ) ) ;
#645 = DIRECTION ( 'NONE',  ( 0.000000000000000000, 0.000000000000000000, 1.000000000000000000 ) ) ;
#646 = LINE ( 'NONE', #2045, #2129 ) ;
#647 = EDGE_CURVE ( 'NONE', #1801, #3389, #3262, .T. ) ;
#648 = ORIENTED_EDGE ( 'NONE', *, *, #1731, .T. ) ;
#649 = DIRECTION ( 'NONE',  ( -0.000000000000000000, -0.000000000000000000, -1.000000000000000000 ) ) ;
#650 = DIRECTION ( 'NONE',  ( -1.000000000000000000, 0.000000000000000000, 0.000000000000000000 ) ) ;
#651 = CARTESIAN_POINT ( 'NONE',  ( 2.540000000000006253, 10.16000000000000192, 0.000000000000000000 ) ) ;
#652 = ADVANCED_FACE ( 'NONE', ( #1670 ), #2215, .T. ) ;
#653 = VERTEX_POINT ( 'NONE', #3427 ) ;
#654 = VECTOR ( 'NONE', #1603, 1000.000000000000000 ) ;
#655 = LINE ( 'NONE', #1715, #3037 ) ;
#656 = DIRECTION ( 'NONE',  ( -1.000000000000000000, 0.000000000000000000, 0.000000000000000000 ) ) ;
#657 = CARTESIAN_POINT ( 'NONE',  ( -1.367666044828091114E-14, 68.00000000000000000, 9.000000000000001776 ) ) ;
#658 = ORIENTED_EDGE ( 'NONE', *, *, #3391, .F. ) ;
#659 = CIRCLE ( 'NONE', #1527, 1.000000000000000888 ) ;
#660 = VECTOR ( 'NONE', #2416, 1000.000000000000000 ) ;
#661 = FACE_OUTER_BOUND ( 'NONE', #4190, .T. ) ;
#662 = ORIENTED_EDGE ( 'NONE', *, *, #2701, .T. ) ;
#663 = ORIENTED_EDGE ( 'NONE', *, *, #3363, .F. ) ;
#664 = CARTESIAN_POINT ( 'NONE',  ( 69.00000000000000000, 5.080000000000008065, 0.9999999999999991118 ) ) ;
#665 = CIRCLE ( 'NONE', #3111, 1.000000000000000888 ) ;
#666 = FACE_OUTER_BOUND ( 'NONE', #634, .T. ) ;
#667 = DIRECTION ( 'NONE',  ( 0.000000000000000000, 0.000000000000000000, 1.000000000000000000 ) ) ;
#668 = VERTEX_POINT ( 'NONE', #4500 ) ;
#669 = CARTESIAN_POINT ( 'NONE',  ( 11.15999999999967862, 65.45999999999976637, 9.000000000000001776 ) ) ;
#670 = CARTESIAN_POINT ( 'NONE',  ( 63.92000000000000171, 68.00000000000001421, 9.000000000000001776 ) ) ;
#671 = AXIS2_PLACEMENT_3D ( 'NONE', #1725, #4078, #3735 ) ;
#672 = DIRECTION ( 'NONE',  ( -0.7071067811865431318, -8.659560562354879857E-17, -0.7071067811865520136 ) ) ;
#673 = EDGE_CURVE ( 'NONE', #3135, #3713, #596, .T. ) ;
#674 = AXIS2_PLACEMENT_3D ( 'NONE', #4254, #383, #1765 ) ;
#675 = EDGE_CURVE ( 'NONE', #3886, #3732, #4546, .T. ) ;
#676 = ORIENTED_EDGE ( 'NONE', *, *, #777, .F. ) ;
#677 = CIRCLE ( 'NONE', #892, 1.000000000000000888 ) ;
#678 = CIRCLE ( 'NONE', #228, 1.125000000000000888 ) ;
#679 = CARTESIAN_POINT ( 'NONE',  ( 11.16000000000012804, 3.539999999999916103, 0.000000000000000000 ) ) ;
#680 = AXIS2_PLACEMENT_3D ( 'NONE', #769, #2134, #4034 ) ;
#681 = VERTEX_POINT ( 'NONE', #2739 ) ;
#682 = CIRCLE ( 'NONE', #3863, 1.000000000000000000 ) ;
#683 = VECTOR ( 'NONE', #1760, 1000.000000000000000 ) ;
#684 = CARTESIAN_POINT ( 'NONE',  ( 5.080000000000126192, 5.079999999999895266, 0.000000000000000000 ) ) ;
#685 = EDGE_LOOP ( 'NONE', ( #785, #1338, #3073, #2497 ) ) ;
#686 = CIRCLE ( 'NONE', #1193, 5.080000000000000071 ) ;
#687 = ORIENTED_EDGE ( 'NONE', *, *, #1367, .F. ) ;
#688 = CARTESIAN_POINT ( 'NONE',  ( 58.83999999999971919, 61.46000000000027796, 9.000000000000001776 ) ) ;
#689 = CARTESIAN_POINT ( 'NONE',  ( 7.369213562373099435, 63.92000000000000171, 10.00000000000000178 ) ) ;
#690 = DIRECTION ( 'NONE',  ( 1.224646799147353207E-16, 1.000000000000000000, -0.000000000000000000 ) ) ;
#691 = ORIENTED_EDGE ( 'NONE', *, *, #1596, .F. ) ;
#692 = CARTESIAN_POINT ( 'NONE',  ( 63.92000000000001592, 5.080000000000015170, 0.000000000000000000 ) ) ;
#693 = FACE_OUTER_BOUND ( 'NONE', #4186, .T. ) ;
#694 = ORIENTED_EDGE ( 'NONE', *, *, #3194, .F. ) ;
#695 = ADVANCED_FACE ( 'NONE', ( #1366 ), #2970, .F. ) ;
#696 = ADVANCED_FACE ( 'NONE', ( #980 ), #1003, .F. ) ;
#697 = CARTESIAN_POINT ( 'NONE',  ( 63.92000000000000171, 1.000000000000007772, 10.00000000000000000 ) ) ;
#698 = DIRECTION ( 'NONE',  ( -0.000000000000000000, -0.000000000000000000, -1.000000000000000000 ) ) ;
#699 = CYLINDRICAL_SURFACE ( 'NONE', #2367, 1.000000000000000888 ) ;
#700 = ORIENTED_EDGE ( 'NONE', *, *, #98, .F. ) ;
#701 = EDGE_CURVE ( 'NONE', #2041, #1936, #3048, .T. ) ;
#702 = CARTESIAN_POINT ( 'NONE',  ( 65.46000000000002217, 58.84000000000001762, 9.000000000000001776 ) ) ;
#703 =( LENGTH_UNIT ( ) NAMED_UNIT ( * ) SI_UNIT ( .MILLI., .METRE. ) );
#704 = ORIENTED_EDGE ( 'NONE', *, *, #2327, .F. ) ;
#705 = AXIS2_PLACEMENT_3D ( 'NONE', #4358, #3717, #1518 ) ;
#706 = ORIENTED_EDGE ( 'NONE', *, *, #946, .F. ) ;
#707 = DIRECTION ( 'NONE',  ( -1.000000000000000000, -0.000000000000000000, -0.000000000000000000 ) ) ;
#708 = DIRECTION ( 'NONE',  ( 0.000000000000000000, -1.000000000000000000, 0.000000000000000000 ) ) ;
#709 = CARTESIAN_POINT ( 'NONE',  ( 6.540000000000000924, 57.84000000000000341, 0.000000000000000000 ) ) ;
#710 = FACE_OUTER_BOUND ( 'NONE', #874, .T. ) ;
#711 = ORIENTED_EDGE ( 'NONE', *, *, #3457, .F. ) ;
#712 = CARTESIAN_POINT ( 'NONE',  ( 57.83999999999973340, 60.46000000000026375, 10.00000000000000000 ) ) ;
#713 = DIRECTION ( 'NONE',  ( -1.247233394806660679E-16, 1.000000000000000000, -0.000000000000000000 ) ) ;
#714 = ORIENTED_EDGE ( 'NONE', *, *, #2180, .T. ) ;
#715 = DIRECTION ( 'NONE',  ( 0.000000000000000000, 0.000000000000000000, 1.000000000000000000 ) ) ;
#716 = CARTESIAN_POINT ( 'NONE',  ( 5.080000000000119087, 7.369213562372994630, 10.00000000000000178 ) ) ;
#717 = EDGE_CURVE ( 'NONE', #4028, #630, #3, .T. ) ;
#718 = VERTEX_POINT ( 'NONE', #3075 ) ;
#719 = ORIENTED_EDGE ( 'NONE', *, *, #4069, .F. ) ;
#720 = ADVANCED_FACE ( 'NONE', ( #661 ), #3496, .T. ) ;
#721 = FACE_OUTER_BOUND ( 'NONE', #1105, .T. ) ;
#722 = EDGE_CURVE ( 'NONE', #3209, #4472, #3633, .T. ) ;
#723 = ORIENTED_EDGE ( 'NONE', *, *, #3668, .F. ) ;
#724 = DIRECTION ( 'NONE',  ( -0.000000000000000000, -0.000000000000000000, -1.000000000000000000 ) ) ;
#725 = CIRCLE ( 'NONE', #428, 1.000000000000000000 ) ;
#726 = CIRCLE ( 'NONE', #3843, 1.000000000000000000 ) ;
#727 = DIRECTION ( 'NONE',  ( 1.040834085586083310E-14, -1.000000000000000000, 0.000000000000000000 ) ) ;
#728 = EDGE_LOOP ( 'NONE', ( #2909, #2830, #3198, #3615 ) ) ;
#729 = CARTESIAN_POINT ( 'NONE',  ( 11.15999999999972303, 61.45999999999977348, 1.000000000000000000 ) ) ;
#730 = CARTESIAN_POINT ( 'NONE',  ( 57.84000000000011710, 8.540000000000086189, 1.000000000000000000 ) ) ;
#731 = VECTOR ( 'NONE', #516, 1000.000000000000000 ) ;
#732 = CIRCLE ( 'NONE', #3331, 5.080000000000000071 ) ;
#733 = VERTEX_POINT ( 'NONE', #2473 ) ;
#734 = CARTESIAN_POINT ( 'NONE',  ( 5.080000000000126192, 5.079999999999895266, 9.249999999999994671 ) ) ;
#735 = VECTOR ( 'NONE', #1436, 1000.000000000000000 ) ;
#736 = DIRECTION ( 'NONE',  ( 6.938893903907228378E-15, -1.000000000000000000, 0.000000000000000000 ) ) ;
#737 = CARTESIAN_POINT ( 'NONE',  ( 57.83999999999965524, 67.46000000000026375, 9.000000000000001776 ) ) ;
#738 = AXIS2_PLACEMENT_3D ( 'NONE', #250, #2434, #3478 ) ;
#739 = ORIENTED_EDGE ( 'NONE', *, *, #2019, .T. ) ;
#740 = ORIENTED_EDGE ( 'NONE', *, *, #4071, .F. ) ;
#741 = DIRECTION ( 'NONE',  ( -1.000000000000000000, -1.047444401652940007E-14, 0.000000000000000000 ) ) ;
#742 = VECTOR ( 'NONE', #1571, 1000.000000000000000 ) ;
#743 = DIRECTION ( 'NONE',  ( 0.000000000000000000, -0.000000000000000000, 1.000000000000000000 ) ) ;
#744 = EDGE_LOOP ( 'NONE', ( #662, #344, #3359, #2066 ) ) ;
#745 = CARTESIAN_POINT ( 'NONE',  ( 65.46000000000002217, 10.16000000000001613, 1.000000000000000000 ) ) ;
#746 = EDGE_CURVE ( 'NONE', #4271, #2805, #4524, .T. ) ;
#747 = VECTOR ( 'NONE', #2390, 1000.000000000000000 ) ;
#748 = EDGE_CURVE ( 'NONE', #2300, #1237, #4519, .T. ) ;
#749 = DIRECTION ( 'NONE',  ( 0.000000000000000000, 0.000000000000000000, 1.000000000000000000 ) ) ;
#750 = CIRCLE ( 'NONE', #901, 1.000000000000000888 ) ;
#751 = VECTOR ( 'NONE', #1950, 1000.000000000000114 ) ;
#752 = DIRECTION ( 'NONE',  ( 0.000000000000000000, 0.000000000000000000, -1.000000000000000000 ) ) ;
#753 = ORIENTED_EDGE ( 'NONE', *, *, #1347, .F. ) ;
#754 = DIRECTION ( 'NONE',  ( 0.000000000000000000, 0.000000000000000000, 1.000000000000000000 ) ) ;
#755 = ADVANCED_FACE ( 'NONE', ( #2539 ), #3963, .F. ) ;
#756 = VECTOR ( 'NONE', #1599, 1000.000000000000000 ) ;
#757 = CARTESIAN_POINT ( 'NONE',  ( 59.83999999999964103, 69.00000000000028422, 1.000000000000000000 ) ) ;
#758 = ORIENTED_EDGE ( 'NONE', *, *, #3831, .F. ) ;
#759 = DIRECTION ( 'NONE',  ( -1.000000000000000000, 0.000000000000000000, 0.000000000000000000 ) ) ;
#760 = CARTESIAN_POINT ( 'NONE',  ( 61.46000000000001506, 57.84000000000001762, 1.000000000000000000 ) ) ;
#761 = FACE_OUTER_BOUND ( 'NONE', #229, .T. ) ;
#762 = ORIENTED_EDGE ( 'NONE', *, *, #2683, .T. ) ;
#763 = CARTESIAN_POINT ( 'NONE',  ( 11.15999999999973191, 60.45999999999977348, 9.000000000000001776 ) ) ;
#764 = ORIENTED_EDGE ( 'NONE', *, *, #4520, .F. ) ;
#765 = DIRECTION ( 'NONE',  ( -0.000000000000000000, -0.000000000000000000, -1.000000000000000000 ) ) ;
#766 = DIRECTION ( 'NONE',  ( -1.000000000000000000, 0.000000000000000000, 0.000000000000000000 ) ) ;
#767 = EDGE_CURVE ( 'NONE', #3396, #2087, #4228, .T. ) ;
#768 = ORIENTED_EDGE ( 'NONE', *, *, #3140, .T. ) ;
#769 = CARTESIAN_POINT ( 'NONE',  ( 5.080000000000000071, 5.080000000000000959, 0.9999999999999991118 ) ) ;
#770 = ORIENTED_EDGE ( 'NONE', *, *, #3789, .F. ) ;
#771 = EDGE_CURVE ( 'NONE', #2041, #3555, #3599, .T. ) ;
#772 = DIRECTION ( 'NONE',  ( -2.555445736705798624E-15, 0.7071067811865431318, -0.7071067811865520136 ) ) ;
#773 = DIRECTION ( 'NONE',  ( 0.000000000000000000, 0.000000000000000000, 1.000000000000000000 ) ) ;
#774 = AXIS2_PLACEMENT_3D ( 'NONE', #2314, #3019, #2975 ) ;
#775 = ADVANCED_FACE ( 'NONE', ( #2191 ), #1050, .F. ) ;
#776 = EDGE_LOOP ( 'NONE', ( #1921, #2692, #1629, #24 ) ) ;
#777 = EDGE_CURVE ( 'NONE', #600, #1231, #1109, .T. ) ;
#778 = DIRECTION ( 'NONE',  ( 1.000000000000000000, 0.000000000000000000, 0.000000000000000000 ) ) ;
#779 = DIRECTION ( 'NONE',  ( 0.000000000000000000, 0.000000000000000000, 1.000000000000000000 ) ) ;
#780 = LINE ( 'NONE', #4222, #510 ) ;
#781 = ORIENTED_EDGE ( 'NONE', *, *, #556, .F. ) ;
#782 = ORIENTED_EDGE ( 'NONE', *, *, #2266, .F. ) ;
#783 = LINE ( 'NONE', #4383, #3985 ) ;
#784 = DIRECTION ( 'NONE',  ( -0.000000000000000000, 1.000000000000000000, 0.000000000000000000 ) ) ;
#785 = ORIENTED_EDGE ( 'NONE', *, *, #1500, .F. ) ;
#786 = DIRECTION ( 'NONE',  ( -1.000000000000000000, 0.000000000000000000, 0.000000000000000000 ) ) ;
#787 = DIRECTION ( 'NONE',  ( 1.000000000000000000, 0.000000000000000000, 0.000000000000000000 ) ) ;
#788 = ORIENTED_EDGE ( 'NONE', *, *, #2760, .F. ) ;
#789 = ORIENTED_EDGE ( 'NONE', *, *, #3730, .T. ) ;
#790 = DIRECTION ( 'NONE',  ( -0.000000000000000000, -0.000000000000000000, -1.000000000000000000 ) ) ;
#791 = DIRECTION ( 'NONE',  ( 0.000000000000000000, 0.000000000000000000, 1.000000000000000000 ) ) ;
#792 = VECTOR ( 'NONE', #713, 1000.000000000000000 ) ;
#793 = VERTEX_POINT ( 'NONE', #3622 ) ;
#794 = TOROIDAL_SURFACE ( 'NONE', #1461, 2.289213562373086930, 1.000000000000000000 ) ;
#795 = DIRECTION ( 'NONE',  ( 0.000000000000000000, 0.000000000000000000, -1.000000000000000000 ) ) ;
#796 = AXIS2_PLACEMENT_3D ( 'NONE', #4484, #3031, #2719 ) ;
#797 = EDGE_CURVE ( 'NONE', #1149, #2874, #2125, .T. ) ;
#798 = EDGE_CURVE ( 'NONE', #3992, #35, #2889, .T. ) ;
#799 = DIRECTION ( 'NONE',  ( -3.469446951953614189E-15, 1.000000000000000000, 0.000000000000000000 ) ) ;
#800 = VECTOR ( 'NONE', #3612, 1000.000000000000000 ) ;
#801 = FACE_OUTER_BOUND ( 'NONE', #4333, .T. ) ;
#802 = ORIENTED_EDGE ( 'NONE', *, *, #1365, .F. ) ;
#803 = VERTEX_POINT ( 'NONE', #2517 ) ;
#804 = VERTEX_POINT ( 'NONE', #1111 ) ;
#805 = TOROIDAL_SURFACE ( 'NONE', #3414, 4.080000000000000071, 1.000000000000000000 ) ;
#806 = VECTOR ( 'NONE', #4421, 999.9999999999998863 ) ;
#807 = FACE_OUTER_BOUND ( 'NONE', #1984, .T. ) ;
#808 = DIRECTION ( 'NONE',  ( -1.000000000000000000, 0.000000000000000000, 0.000000000000000000 ) ) ;
#809 = MANIFOLD_SOLID_BREP ( 'CirPattern1', #3550 ) ;
#810 = CIRCLE ( 'NONE', #1403, 1.000000000000000888 ) ;
#811 = EDGE_LOOP ( 'NONE', ( #2862, #3147, #361, #1024 ) ) ;
#812 = LINE ( 'NONE', #1878, #3854 ) ;
#813 = EDGE_LOOP ( 'NONE', ( #3818, #4163 ) ) ;
#814 = VECTOR ( 'NONE', #4100, 1000.000000000000000 ) ;
#815 = EDGE_LOOP ( 'NONE', ( #1668, #1600, #869, #2244 ) ) ;
#816 = LINE ( 'NONE', #2162, #459 ) ;
#817 = DIRECTION ( 'NONE',  ( 1.047444401652940007E-14, -1.000000000000000000, 0.000000000000000000 ) ) ;
#818 = AXIS2_PLACEMENT_3D ( 'NONE', #2910, #3930, #4323 ) ;
#819 = VECTOR ( 'NONE', #4329, 1000.000000000000000 ) ;
#820 = EDGE_CURVE ( 'NONE', #3895, #1672, #531, .T. ) ;
#821 = CARTESIAN_POINT ( 'NONE',  ( 63.92000000000001592, 5.080000000000015170, 1.000000000000000000 ) ) ;
#822 = EDGE_LOOP ( 'NONE', ( #3299, #4360, #3666, #1243 ) ) ;
#823 = AXIS2_PLACEMENT_3D ( 'NONE', #3238, #2933, #3609 ) ;
#824 = FACE_OUTER_BOUND ( 'NONE', #245, .T. ) ;
#825 = LINE ( 'NONE', #2964, #3623 ) ;
#826 = CARTESIAN_POINT ( 'NONE',  ( 1.000000000000000000, 5.080000000000000959, 10.00000000000000000 ) ) ;
#827 = ADVANCED_FACE ( 'NONE', ( #721 ), #3861, .T. ) ;
#828 = EDGE_LOOP ( 'NONE', ( #2586, #2127, #3603, #2307 ) ) ;
#829 = ORIENTED_EDGE ( 'NONE', *, *, #4261, .T. ) ;
#830 = EDGE_CURVE ( 'NONE', #4066, #2902, #3502, .T. ) ;
#831 = ORIENTED_EDGE ( 'NONE', *, *, #269, .F. ) ;
#832 = CYLINDRICAL_SURFACE ( 'NONE', #3325, 1.000000000000000000 ) ;
#833 = DIRECTION ( 'NONE',  ( 0.000000000000000000, 0.000000000000000000, 1.000000000000000000 ) ) ;
#834 = EDGE_CURVE ( 'NONE', #1738, #3042, #2400, .T. ) ;
#835 = EDGE_LOOP ( 'NONE', ( #2773, #2474, #2016, #1589 ) ) ;
#836 = DIRECTION ( 'NONE',  ( 0.000000000000000000, 1.000000000000000000, 0.000000000000000000 ) ) ;
#837 = ADVANCED_FACE ( 'NONE', ( #855 ), #1497, .T. ) ;
#838 = FACE_OUTER_BOUND ( 'NONE', #1926, .T. ) ;
#839 = ORIENTED_EDGE ( 'NONE', *, *, #2083, .T. ) ;
#840 = EDGE_LOOP ( 'NONE', ( #863, #2981, #2716, #4252 ) ) ;
#841 = CARTESIAN_POINT ( 'NONE',  ( 10.16000000000013337, 2.539999999999912550, 0.000000000000000000 ) ) ;
#842 = DIRECTION ( 'NONE',  ( 0.000000000000000000, 0.000000000000000000, -1.000000000000000000 ) ) ;
#843 = CARTESIAN_POINT ( 'NONE',  ( 11.16000000000012093, 6.539999999999916547, 9.000000000000001776 ) ) ;
#844 = DIRECTION ( 'NONE',  ( -3.469446951953615767E-15, 1.000000000000000000, 0.000000000000000000 ) ) ;
#845 = ORIENTED_EDGE ( 'NONE', *, *, #3814, .T. ) ;
#846 = CARTESIAN_POINT ( 'NONE',  ( 10.15999999999967862, 65.45999999999975216, 1.000000000000000000 ) ) ;
#847 = ADVANCED_FACE ( 'NONE', ( #2609 ), #2032, .T. ) ;
#848 = DIRECTION ( 'NONE',  ( -1.000000000000000000, 0.000000000000000000, 0.000000000000000000 ) ) ;
#849 = AXIS2_PLACEMENT_3D ( 'NONE', #3349, #1544, #1224 ) ;
#850 = FACE_OUTER_BOUND ( 'NONE', #2277, .T. ) ;
#851 = ORIENTED_EDGE ( 'NONE', *, *, #4431, .F. ) ;
#852 = ORIENTED_EDGE ( 'NONE', *, *, #2982, .F. ) ;
#853 = ORIENTED_EDGE ( 'NONE', *, *, #2624, .F. ) ;
#854 = DIRECTION ( 'NONE',  ( 0.000000000000000000, 0.000000000000000000, 1.000000000000000000 ) ) ;
#855 = FACE_OUTER_BOUND ( 'NONE', #313, .T. ) ;
#856 = CYLINDRICAL_SURFACE ( 'NONE', #2580, 1.000000000000000000 ) ;
#857 = VERTEX_POINT ( 'NONE', #1874 ) ;
#858 = CARTESIAN_POINT ( 'NONE',  ( 67.46000000000002217, 57.84000000000001762, 1.000000000000000000 ) ) ;
#859 = EDGE_CURVE ( 'NONE', #533, #2060, #929, .T. ) ;
#860 = CARTESIAN_POINT ( 'NONE',  ( 11.15999999999971060, 62.45999999999977348, 9.000000000000001776 ) ) ;
#861 = ADVANCED_FACE ( 'NONE', ( #3375 ), #2540, .T. ) ;
#862 = EDGE_LOOP ( 'NONE', ( #2703, #591, #3161, #4334 ) ) ;
#863 = ORIENTED_EDGE ( 'NONE', *, *, #2164, .T. ) ;
#864 = CARTESIAN_POINT ( 'NONE',  ( 62.46000000000001506, 57.84000000000001762, 9.000000000000001776 ) ) ;
#865 = CARTESIAN_POINT ( 'NONE',  ( 63.91999999999968196, 65.04500000000032855, 0.000000000000000000 ) ) ;
#866 = LINE ( 'NONE', #4324, #2123 ) ;
#867 = TOROIDAL_SURFACE ( 'NONE', #2632, 2.289213562373099364, 1.000000000000000000 ) ;
#868 = DIRECTION ( 'NONE',  ( -3.491481338843133355E-15, 1.000000000000000000, 0.000000000000000000 ) ) ;
#869 = ORIENTED_EDGE ( 'NONE', *, *, #2384, .F. ) ;
#870 = CARTESIAN_POINT ( 'NONE',  ( 10.16000000000011383, 7.539999999999912106, 9.000000000000001776 ) ) ;
#871 = CYLINDRICAL_SURFACE ( 'NONE', #2802, 1.000000000000000000 ) ;
#872 = DIRECTION ( 'NONE',  ( 0.000000000000000000, -1.000000000000000000, 0.000000000000000000 ) ) ;
#873 = TOROIDAL_SURFACE ( 'NONE', #2053, 2.000000000000000000, 1.000000000000000000 ) ;
#874 = EDGE_LOOP ( 'NONE', ( #3697, #1463, #2269, #984 ) ) ;
#875 = AXIS2_PLACEMENT_3D ( 'NONE', #1307, #4439, #1978 ) ;
#876 = DIRECTION ( 'NONE',  ( 1.000000000000000000, 0.000000000000000000, 0.000000000000000000 ) ) ;
#877 = VERTEX_POINT ( 'NONE', #2288 ) ;
#878 = VECTOR ( 'NONE', #492, 1000.000000000000000 ) ;
#879 = CYLINDRICAL_SURFACE ( 'NONE', #515, 1.000000000000000888 ) ;
#880 = CYLINDRICAL_SURFACE ( 'NONE', #705, 1.125000000000000888 ) ;
#881 = CARTESIAN_POINT ( 'NONE',  ( 5.080000000000134186, 2.790786437626808336, 1.000000000000000000 ) ) ;
#882 = AXIS2_PLACEMENT_3D ( 'NONE', #3596, #2778, #3221 ) ;
#883 = ORIENTED_EDGE ( 'NONE', *, *, #2105, .T. ) ;
#884 = CARTESIAN_POINT ( 'NONE',  ( 2.540000000000000036, 57.84000000000000341, 10.00000000000000000 ) ) ;
#885 = CIRCLE ( 'NONE', #674, 1.000000000000000888 ) ;
#886 = CARTESIAN_POINT ( 'NONE',  ( 62.46000000000001506, 10.16000000000001613, 1.000000000000000000 ) ) ;
#887 = VERTEX_POINT ( 'NONE', #185 ) ;
#888 = ADVANCED_FACE ( 'NONE', ( #114 ), #4337, .F. ) ;
#889 = ORIENTED_EDGE ( 'NONE', *, *, #2305, .T. ) ;
#890 = DIRECTION ( 'NONE',  ( 1.000000000000000000, 0.000000000000000000, 0.000000000000000000 ) ) ;
#891 = CARTESIAN_POINT ( 'NONE',  ( 57.84000000000011710, 6.540000000000084412, 9.000000000000001776 ) ) ;
#892 = AXIS2_PLACEMENT_3D ( 'NONE', #4457, #2594, #3723 ) ;
#893 = EDGE_CURVE ( 'NONE', #1539, #3656, #2851, .T. ) ;
#894 = AXIS2_PLACEMENT_3D ( 'NONE', #224, #1935, #1558 ) ;
#895 = AXIS2_PLACEMENT_3D ( 'NONE', #2526, #2908, #3904 ) ;
#896 = AXIS2_PLACEMENT_3D ( 'NONE', #1802, #1087, #3226 ) ;
#897 = DIRECTION ( 'NONE',  ( 1.233581138472395244E-14, -1.000000000000000000, 0.000000000000000000 ) ) ;
#898 = ORIENTED_EDGE ( 'NONE', *, *, #2727, .F. ) ;
#899 = CARTESIAN_POINT ( 'NONE',  ( 57.83999999999965524, 67.46000000000026375, 1.000000000000000000 ) ) ;
#900 = EDGE_CURVE ( 'NONE', #3088, #84, #490, .T. ) ;
#901 = AXIS2_PLACEMENT_3D ( 'NONE', #3589, #389, #3657 ) ;
#902 = CIRCLE ( 'NONE', #2893, 1.000000000000000000 ) ;
#903 = CARTESIAN_POINT ( 'NONE',  ( 3.540000000000005809, 11.16000000000000369, 9.000000000000001776 ) ) ;
#904 = AXIS2_PLACEMENT_3D ( 'NONE', #4339, #1595, #2945 ) ;
#905 = EDGE_LOOP ( 'NONE', ( #1215, #3538, #2939, #3458 ) ) ;
#906 = CARTESIAN_POINT ( 'NONE',  ( 65.04500000000001592, 5.080000000000015170, 0.000000000000000000 ) ) ;
#907 = CIRCLE ( 'NONE', #3572, 1.125000000000001776 ) ;
#908 = DIRECTION ( 'NONE',  ( -0.000000000000000000, -0.000000000000000000, 1.000000000000000000 ) ) ;
#909 = DIRECTION ( 'NONE',  ( 1.000000000000000000, 1.047444401652940007E-14, -0.000000000000000000 ) ) ;
#910 = LINE ( 'NONE', #3780, #2076 ) ;
#911 = ORIENTED_EDGE ( 'NONE', *, *, #2934, .T. ) ;
#912 = LINE ( 'NONE', #884, #1342 ) ;
#913 = DIRECTION ( 'NONE',  ( 0.000000000000000000, 0.000000000000000000, 1.000000000000000000 ) ) ;
#914 = LINE ( 'NONE', #1323, #756 ) ;
#915 = ORIENTED_EDGE ( 'NONE', *, *, #3021, .T. ) ;
#916 = EDGE_LOOP ( 'NONE', ( #2064, #4313, #43, #4320 ) ) ;
#917 = FACE_OUTER_BOUND ( 'NONE', #3471, .T. ) ;
#918 = DIRECTION ( 'NONE',  ( -1.000000000000000000, 0.000000000000000000, 0.000000000000000000 ) ) ;
#919 = DIRECTION ( 'NONE',  ( -1.000000000000000000, -3.616204678323799768E-15, -0.000000000000000000 ) ) ;
#920 = ADVANCED_FACE ( 'NONE', ( #3298 ), #570, .T. ) ;
#921 = EDGE_CURVE ( 'NONE', #27, #1738, #517, .T. ) ;
#922 = FACE_OUTER_BOUND ( 'NONE', #3678, .T. ) ;
#923 = DIRECTION ( 'NONE',  ( -0.000000000000000000, -0.000000000000000000, -1.000000000000000000 ) ) ;
#924 = VERTEX_POINT ( 'NONE', #1918 ) ;
#925 = CARTESIAN_POINT ( 'NONE',  ( 63.91999999999968196, 65.04500000000032855, 0.7499999999999964473 ) ) ;
#926 = EDGE_CURVE ( 'NONE', #2823, #3497, #1430, .T. ) ;
#927 = ADVANCED_FACE ( 'NONE', ( #4056 ), #880, .F. ) ;
#928 = VERTEX_POINT ( 'NONE', #1893 ) ;
#929 = CIRCLE ( 'NONE', #3957, 1.000000000000000000 ) ;
#930 = CARTESIAN_POINT ( 'NONE',  ( 63.92000000000000171, 1.000000000000007772, 0.9999999999999991118 ) ) ;
#931 = DIRECTION ( 'NONE',  ( 0.000000000000000000, 0.000000000000000000, 1.000000000000000000 ) ) ;
#932 = ORIENTED_EDGE ( 'NONE', *, *, #10, .T. ) ;
#933 = DIRECTION ( 'NONE',  ( 6.062251262144429248E-15, -1.000000000000000000, 0.000000000000000000 ) ) ;
#934 = FACE_OUTER_BOUND ( 'NONE', #2684, .T. ) ;
#935 = CARTESIAN_POINT ( 'NONE',  ( 0.000000000000000000, 0.000000000000000000, 0.9999999999999991118 ) ) ;
#936 = ORIENTED_EDGE ( 'NONE', *, *, #2471, .T. ) ;
#937 = VERTEX_POINT ( 'NONE', #545 ) ;
#938 = DIRECTION ( 'NONE',  ( -0.000000000000000000, -0.000000000000000000, -1.000000000000000000 ) ) ;
#939 = CIRCLE ( 'NONE', #4216, 2.289213562373097588 ) ;
#940 = CARTESIAN_POINT ( 'NONE',  ( 5.080000000000126192, 5.079999999999895266, 9.707106781186546129 ) ) ;
#941 = LINE ( 'NONE', #2343, #1103 ) ;
#942 = ORIENTED_EDGE ( 'NONE', *, *, #3899, .F. ) ;
#943 = DIRECTION ( 'NONE',  ( 0.000000000000000000, 0.000000000000000000, 1.000000000000000000 ) ) ;
#944 = EDGE_LOOP ( 'NONE', ( #2584, #3719, #3797, #4024 ) ) ;
#945 = EDGE_CURVE ( 'NONE', #62, #2559, #3320, .T. ) ;
#946 = EDGE_CURVE ( 'NONE', #2357, #2769, #3296, .T. ) ;
#947 = DIRECTION ( 'NONE',  ( -1.000000000000000000, 0.000000000000000000, 0.000000000000000000 ) ) ;
#948 = AXIS2_PLACEMENT_3D ( 'NONE', #2145, #1819, #3176 ) ;
#949 = LINE ( 'NONE', #975, #290 ) ;
#950 = DIRECTION ( 'NONE',  ( 1.000000000000000000, 1.059916735601006648E-14, 0.000000000000000000 ) ) ;
#951 = VERTEX_POINT ( 'NONE', #4384 ) ;
#952 = LINE ( 'NONE', #1284, #2515 ) ;
#953 = AXIS2_PLACEMENT_3D ( 'NONE', #544, #2996, #3689 ) ;
#954 = CIRCLE ( 'NONE', #2424, 2.289213562373099364 ) ;
#955 = DIRECTION ( 'NONE',  ( 1.000000000000000000, 0.000000000000000000, 0.000000000000000000 ) ) ;
#956 = CARTESIAN_POINT ( 'NONE',  ( 58.83999999999967656, 65.46000000000026375, 9.000000000000001776 ) ) ;
#957 = CIRCLE ( 'NONE', #1097, 2.000000000000000000 ) ;
#958 = ORIENTED_EDGE ( 'NONE', *, *, #439, .T. ) ;
#959 = ORIENTED_EDGE ( 'NONE', *, *, #1966, .F. ) ;
#960 = DIRECTION ( 'NONE',  ( 0.000000000000000000, 0.000000000000000000, 1.000000000000000000 ) ) ;
#961 = CARTESIAN_POINT ( 'NONE',  ( 63.91999999999969617, 63.92000000000032145, 0.2928932188134569792 ) ) ;
#962 = ADVANCED_FACE ( 'NONE', ( #4089 ), #1961, .T. ) ;
#963 = FACE_OUTER_BOUND ( 'NONE', #4549, .T. ) ;
#964 = AXIS2_PLACEMENT_3D ( 'NONE', #3166, #3456, #4569 ) ;
#965 = EDGE_LOOP ( 'NONE', ( #478, #251, #2204, #2917 ) ) ;
#966 = FACE_OUTER_BOUND ( 'NONE', #1351, .T. ) ;
#967 = VECTOR ( 'NONE', #553, 1000.000000000000000 ) ;
#968 = CARTESIAN_POINT ( 'NONE',  ( 57.83999999999971209, 62.46000000000026375, 9.000000000000001776 ) ) ;
#969 = EDGE_LOOP ( 'NONE', ( #3411, #3512, #2894, #1031 ) ) ;
#970 = CIRCLE ( 'NONE', #1339, 2.000000000000001776 ) ;
#971 = CIRCLE ( 'NONE', #2220, 1.000000000000000888 ) ;
#972 = VECTOR ( 'NONE', #2838, 1000.000000000000000 ) ;
#973 = CARTESIAN_POINT ( 'NONE',  ( 68.00000000000000000, 5.080000000000008065, 0.000000000000000000 ) ) ;
#974 = EDGE_CURVE ( 'NONE', #3442, #1237, #2923, .T. ) ;
#975 = CARTESIAN_POINT ( 'NONE',  ( 0.000000000000000000, 69.00000000000000000, 0.9999999999999991118 ) ) ;
#976 = ORIENTED_EDGE ( 'NONE', *, *, #2490, .F. ) ;
#977 = DIRECTION ( 'NONE',  ( 1.000000000000000000, 0.000000000000000000, 0.000000000000000000 ) ) ;
#978 = AXIS2_PLACEMENT_3D ( 'NONE', #3821, #1973, #3380 ) ;
#979 = EDGE_CURVE ( 'NONE', #3167, #1576, #491, .T. ) ;
#980 = FACE_OUTER_BOUND ( 'NONE', #2189, .T. ) ;
#981 = DIRECTION ( 'NONE',  ( 1.000000000000000000, 0.000000000000000000, 0.000000000000000000 ) ) ;
#982 = ORIENTED_EDGE ( 'NONE', *, *, #4102, .F. ) ;
#983 = ADVANCED_FACE ( 'NONE', ( #2732 ), #3071, .T. ) ;
#984 = ORIENTED_EDGE ( 'NONE', *, *, #1423, .F. ) ;
#985 = DIRECTION ( 'NONE',  ( 1.047444401652940007E-14, -1.000000000000000000, 0.000000000000000000 ) ) ;
#986 = FACE_BOUND ( 'NONE', #3672, .T. ) ;
#987 = DIRECTION ( 'NONE',  ( -1.000000000000000000, 0.000000000000000000, 0.000000000000000000 ) ) ;
#988 = CARTESIAN_POINT ( 'NONE',  ( 57.84000000000013131, 1.540000000000084857, 0.000000000000000000 ) ) ;
#989 = DIRECTION ( 'NONE',  ( 0.000000000000000000, 0.000000000000000000, -1.000000000000000000 ) ) ;
#990 = ORIENTED_EDGE ( 'NONE', *, *, #3594, .T. ) ;
#991 = CARTESIAN_POINT ( 'NONE',  ( 10.16000000000013337, 2.539999999999912550, 1.000000000000000000 ) ) ;
#992 = ORIENTED_EDGE ( 'NONE', *, *, #2821, .T. ) ;
#993 = FACE_OUTER_BOUND ( 'NONE', #1891, .T. ) ;
#994 = DIRECTION ( 'NONE',  ( 0.000000000000000000, 0.000000000000000000, -1.000000000000000000 ) ) ;
#995 = ORIENTED_EDGE ( 'NONE', *, *, #2846, .F. ) ;
#996 = ADVANCED_FACE ( 'NONE', ( #4474 ), #3419, .T. ) ;
#997 = CARTESIAN_POINT ( 'NONE',  ( 2.790786437626900707, 63.92000000000000171, 9.000000000000001776 ) ) ;
#998 = DIRECTION ( 'NONE',  ( 1.000000000000000000, 0.000000000000000000, 0.000000000000000000 ) ) ;
#999 = CARTESIAN_POINT ( 'NONE',  ( 7.540000000000006253, 11.16000000000000369, 9.000000000000001776 ) ) ;
#1000 = EDGE_LOOP ( 'NONE', ( #197, #4058, #1273, #4540 ) ) ;
#1001 = CYLINDRICAL_SURFACE ( 'NONE', #1716, 0.9999999999999940048 ) ;
#1002 = EDGE_CURVE ( 'NONE', #653, #1754, #939, .T. ) ;
#1003 = CYLINDRICAL_SURFACE ( 'NONE', #1041, 1.125000000000000888 ) ;
#1004 = ORIENTED_EDGE ( 'NONE', *, *, #3539, .T. ) ;
#1005 = ORIENTED_EDGE ( 'NONE', *, *, #4071, .T. ) ;
#1006 = CYLINDRICAL_SURFACE ( 'NONE', #4529, 1.000000000000000888 ) ;
#1007 = EDGE_CURVE ( 'NONE', #1672, #3043, #949, .T. ) ;
#1008 = EDGE_CURVE ( 'NONE', #2253, #1084, #3844, .T. ) ;
#1009 = CARTESIAN_POINT ( 'NONE',  ( 59.83999999999971209, 62.46000000000028507, 9.000000000000001776 ) ) ;
#1010 = CARTESIAN_POINT ( 'NONE',  ( 10.15999999999973191, 60.45999999999976637, 10.00000000000000000 ) ) ;
#1011 = ORIENTED_EDGE ( 'NONE', *, *, #2955, .F. ) ;
#1012 = DIRECTION ( 'NONE',  ( 0.000000000000000000, 0.000000000000000000, 1.000000000000000000 ) ) ;
#1013 = ORIENTED_EDGE ( 'NONE', *, *, #2897, .F. ) ;
#1014 = CARTESIAN_POINT ( 'NONE',  ( 11.16000000000013515, 1.539999999999916547, 9.000000000000001776 ) ) ;
#1015 = CARTESIAN_POINT ( 'NONE',  ( 63.91999999999969617, 63.92000000000032145, 0.000000000000000000 ) ) ;
#1016 = ORIENTED_EDGE ( 'NONE', *, *, #1002, .F. ) ;
#1017 = CARTESIAN_POINT ( 'NONE',  ( 6.954999999999989413, 63.92000000000000171, 0.000000000000000000 ) ) ;
#1018 = DIRECTION ( 'NONE',  ( 0.000000000000000000, 1.000000000000000000, 0.000000000000000000 ) ) ;
#1019 = ORIENTED_EDGE ( 'NONE', *, *, #3452, .F. ) ;
#1020 = CIRCLE ( 'NONE', #3616, 4.080000000000000071 ) ;
#1021 = DIRECTION ( 'NONE',  ( -0.000000000000000000, -0.000000000000000000, -1.000000000000000000 ) ) ;
#1022 = ORIENTED_EDGE ( 'NONE', *, *, #1793, .F. ) ;
#1023 = CIRCLE ( 'NONE', #3769, 1.000000000000000000 ) ;
#1024 = ORIENTED_EDGE ( 'NONE', *, *, #4152, .F. ) ;
#1025 = CARTESIAN_POINT ( 'NONE',  ( 3.540000000000000036, 57.84000000000000341, 9.000000000000001776 ) ) ;
#1026 = VECTOR ( 'NONE', #1557, 1000.000000000000000 ) ;
#1027 = AXIS2_PLACEMENT_3D ( 'NONE', #2935, #3340, #2582 ) ;
#1028 = CYLINDRICAL_SURFACE ( 'NONE', #671, 1.125000000000000888 ) ;
#1029 = EDGE_CURVE ( 'NONE', #804, #1375, #2710, .T. ) ;
#1030 = CARTESIAN_POINT ( 'NONE',  ( 63.91999999999969617, 63.92000000000032145, 9.249999999999994671 ) ) ;
#1031 = ORIENTED_EDGE ( 'NONE', *, *, #2305, .F. ) ;
#1032 = EDGE_CURVE ( 'NONE', #793, #441, #3536, .T. ) ;
#1033 = FACE_OUTER_BOUND ( 'NONE', #4556, .T. ) ;
#1034 = CARTESIAN_POINT ( 'NONE',  ( 63.92000000000001592, 5.080000000000015170, 9.000000000000001776 ) ) ;
#1035 = AXIS2_PLACEMENT_3D ( 'NONE', #3602, #2567, #451 ) ;
#1036 = AXIS2_PLACEMENT_3D ( 'NONE', #4277, #1400, #2178 ) ;
#1037 = CIRCLE ( 'NONE', #964, 1.000000000000000888 ) ;
#1038 = ORIENTED_EDGE ( 'NONE', *, *, #217, .T. ) ;
#1039 = EDGE_CURVE ( 'NONE', #4019, #494, #659, .T. ) ;
#1040 = TOROIDAL_SURFACE ( 'NONE', #680, 4.080000000000000071, 1.000000000000000000 ) ;
#1041 = AXIS2_PLACEMENT_3D ( 'NONE', #4562, #2427, #1995 ) ;
#1042 = PLANE ( 'NONE',  #1911 ) ;
#1043 = DIRECTION ( 'NONE',  ( 0.000000000000000000, 0.000000000000000000, 1.000000000000000000 ) ) ;
#1044 = VECTOR ( 'NONE', #2252, 999.9999999999998863 ) ;
#1045 = AXIS2_PLACEMENT_3D ( 'NONE', #2128, #3561, #379 ) ;
#1046 = FACE_OUTER_BOUND ( 'NONE', #828, .T. ) ;
#1047 = ORIENTED_EDGE ( 'NONE', *, *, #1763, .T. ) ;
#1048 = CIRCLE ( 'NONE', #4086, 1.000000000000000888 ) ;
#1049 = AXIS2_PLACEMENT_3D ( 'NONE', #2317, #3352, #1573 ) ;
#1050 = CYLINDRICAL_SURFACE ( 'NONE', #896, 1.000000000000000888 ) ;
#1051 = ORIENTED_EDGE ( 'NONE', *, *, #3398, .F. ) ;
#1052 = CIRCLE ( 'NONE', #3057, 1.000000000000000000 ) ;
#1053 = VERTEX_POINT ( 'NONE', #279 ) ;
#1054 = CARTESIAN_POINT ( 'NONE',  ( 1.540000000000000036, 58.84000000000000341, 10.00000000000000000 ) ) ;
#1055 = ADVANCED_FACE ( 'NONE', ( #3491 ), #235, .F. ) ;
#1056 = VECTOR ( 'NONE', #2705, 1000.000000000000114 ) ;
#1057 = CARTESIAN_POINT ( 'NONE',  ( 57.83999999999966946, 66.46000000000026375, 9.000000000000001776 ) ) ;
#1058 = CYLINDRICAL_SURFACE ( 'NONE', #2360, 1.000000000000000888 ) ;
#1059 = FACE_OUTER_BOUND ( 'NONE', #916, .T. ) ;
#1060 = CARTESIAN_POINT ( 'NONE',  ( 3.954999999999998295, 63.92000000000000171, 0.000000000000000000 ) ) ;
#1061 = ADVANCED_FACE ( 'NONE', ( #2035 ), #2795, .F. ) ;
#1062 = CARTESIAN_POINT ( 'NONE',  ( 5.080000000000000071, 63.92000000000000171, 9.249999999999994671 ) ) ;
#1063 = ORIENTED_EDGE ( 'NONE', *, *, #3398, .T. ) ;
#1064 = EDGE_CURVE ( 'NONE', #3704, #4019, #3323, .T. ) ;
#1065 = EDGE_CURVE ( 'NONE', #468, #2182, #2425, .T. ) ;
#1066 = CYLINDRICAL_SURFACE ( 'NONE', #4287, 1.000000000000000000 ) ;
#1067 = CARTESIAN_POINT ( 'NONE',  ( 63.91999999999969617, 63.92000000000032145, 9.707106781186546129 ) ) ;
#1068 = ORIENTED_EDGE ( 'NONE', *, *, #4325, .F. ) ;
#1069 = CARTESIAN_POINT ( 'NONE',  ( 63.92000000000000171, 63.92000000000001592, 0.9999999999999991118 ) ) ;
#1070 = EDGE_LOOP ( 'NONE', ( #3643, #3742, #1158, #2535 ) ) ;
#1071 = DIRECTION ( 'NONE',  ( 0.000000000000000000, 0.000000000000000000, 1.000000000000000000 ) ) ;
#1072 = LINE ( 'NONE', #8, #735 ) ;
#1073 = ORIENTED_EDGE ( 'NONE', *, *, #921, .F. ) ;
#1074 = LINE ( 'NONE', #4276, #4235 ) ;
#1075 = CARTESIAN_POINT ( 'NONE',  ( 5.080000000000000071, 5.080000000000000959, 9.000000000000001776 ) ) ;
#1076 = CARTESIAN_POINT ( 'NONE',  ( 69.00000000000000000, 5.080000000000008065, 9.000000000000001776 ) ) ;
#1077 = ORIENTED_EDGE ( 'NONE', *, *, #3944, .T. ) ;
#1078 = CARTESIAN_POINT ( 'NONE',  ( 62.46000000000001506, 11.16000000000001791, 0.000000000000000000 ) ) ;
#1079 = EDGE_CURVE ( 'NONE', #4437, #62, #1343, .T. ) ;
#1080 = FACE_OUTER_BOUND ( 'NONE', #1723, .T. ) ;
#1081 = DIRECTION ( 'NONE',  ( -1.000000000000000000, -1.247233394806660186E-16, 0.000000000000000000 ) ) ;
#1082 = ADVANCED_FACE ( 'NONE', ( #3851 ), #1618, .T. ) ;
#1083 = LINE ( 'NONE', #3554, #1775 ) ;
#1084 = VERTEX_POINT ( 'NONE', #4110 ) ;
#1085 = ADVANCED_FACE ( 'NONE', ( #2332 ), #873, .T. ) ;
#1086 = AXIS2_PLACEMENT_3D ( 'NONE', #3361, #3006, #3748 ) ;
#1087 = DIRECTION ( 'NONE',  ( 0.000000000000000000, 0.000000000000000000, -1.000000000000000000 ) ) ;
#1088 = ORIENTED_EDGE ( 'NONE', *, *, #4517, .T. ) ;
#1089 = CARTESIAN_POINT ( 'NONE',  ( 66.46000000000002217, 59.84000000000001762, 10.00000000000000000 ) ) ;
#1090 = DIRECTION ( 'NONE',  ( -1.247233394806660679E-16, 1.000000000000000000, 0.000000000000000000 ) ) ;
#1091 = CIRCLE ( 'NONE', #2122, 1.000000000000000888 ) ;
#1092 = CIRCLE ( 'NONE', #2646, 1.000000000000000000 ) ;
#1093 = DIRECTION ( 'NONE',  ( -0.000000000000000000, -0.000000000000000000, -1.000000000000000000 ) ) ;
#1094 = ORIENTED_EDGE ( 'NONE', *, *, #1008, .T. ) ;
#1095 = DIRECTION ( 'NONE',  ( -1.000000000000000000, -1.059916735601006648E-14, 0.000000000000000000 ) ) ;
#1096 = CIRCLE ( 'NONE', #4065, 1.000000000000000000 ) ;
#1097 = AXIS2_PLACEMENT_3D ( 'NONE', #1361, #2467, #2508 ) ;
#1098 = EDGE_LOOP ( 'NONE', ( #915, #1830, #1120, #3954 ) ) ;
#1099 = LINE ( 'NONE', #3595, #3067 ) ;
#1100 = AXIS2_PLACEMENT_3D ( 'NONE', #1491, #3314, #2555 ) ;
#1101 = CARTESIAN_POINT ( 'NONE',  ( 10.15999999999967862, 65.45999999999975216, 10.00000000000000000 ) ) ;
#1102 = CARTESIAN_POINT ( 'NONE',  ( 9.159999999999708820, 62.45999999999975216, 0.000000000000000000 ) ) ;
#1103 = VECTOR ( 'NONE', #604, 1000.000000000000000 ) ;
#1104 = EDGE_LOOP ( 'NONE', ( #2426, #3155, #3677, #845 ) ) ;
#1105 = EDGE_LOOP ( 'NONE', ( #3667, #1630, #3470, #3078 ) ) ;
#1106 = EDGE_CURVE ( 'NONE', #2388, #3732, #3475, .T. ) ;
#1107 = DIRECTION ( 'NONE',  ( -3.469446951953615767E-15, 1.000000000000000000, 0.000000000000000000 ) ) ;
#1108 = AXIS2_PLACEMENT_3D ( 'NONE', #841, #1289, #4438 ) ;
#1109 = CIRCLE ( 'NONE', #3712, 1.000000000000000888 ) ;
#1110 = EDGE_CURVE ( 'NONE', #4472, #3209, #3402, .T. ) ;
#1111 = CARTESIAN_POINT ( 'NONE',  ( 57.84000000000013131, 1.540000000000084857, 10.00000000000000000 ) ) ;
#1112 = EDGE_LOOP ( 'NONE', ( #3430, #3050, #2944, #2697 ) ) ;
#1113 = DIRECTION ( 'NONE',  ( 1.387778780781444413E-14, -1.000000000000000000, 0.000000000000000000 ) ) ;
#1114 = CIRCLE ( 'NONE', #3714, 2.289213562373087374 ) ;
#1115 = VECTOR ( 'NONE', #2785, 1000.000000000000000 ) ;
#1116 = EDGE_CURVE ( 'NONE', #4172, #2991, #51, .T. ) ;
#1117 = DIRECTION ( 'NONE',  ( 0.000000000000000000, 0.000000000000000000, 1.000000000000000000 ) ) ;
#1118 = EDGE_CURVE ( 'NONE', #3704, #3608, #780, .T. ) ;
#1119 = CONICAL_SURFACE ( 'NONE', #2593, 1.125000000000000888, 0.7853981633974447263 ) ;
#1120 = ORIENTED_EDGE ( 'NONE', *, *, #1624, .F. ) ;
#1121 = DIRECTION ( 'NONE',  ( 1.000000000000000000, 3.491481338843133355E-15, -0.000000000000000000 ) ) ;
#1122 = EDGE_LOOP ( 'NONE', ( #3660, #3109, #1845, #2482 ) ) ;
#1123 = LINE ( 'NONE', #3215, #2592 ) ;
#1124 = CYLINDRICAL_SURFACE ( 'NONE', #2806, 1.000000000000000000 ) ;
#1125 = CIRCLE ( 'NONE', #2088, 1.000000000000000888 ) ;
#1126 = CARTESIAN_POINT ( 'NONE',  ( 2.540000000000000036, 58.84000000000000341, 9.000000000000001776 ) ) ;
#1127 = VERTEX_POINT ( 'NONE', #4558 ) ;
#1128 = DIRECTION ( 'NONE',  ( 0.000000000000000000, 0.000000000000000000, -1.000000000000000000 ) ) ;
#1129 = DIRECTION ( 'NONE',  ( 0.000000000000000000, 0.000000000000000000, 1.000000000000000000 ) ) ;
#1130 = CARTESIAN_POINT ( 'NONE',  ( 11.16000000000012804, 3.539999999999916103, 9.000000000000001776 ) ) ;
#1131 = ORIENTED_EDGE ( 'NONE', *, *, #2523, .T. ) ;
#1132 = EDGE_LOOP ( 'NONE', ( #3493, #4354, #2116, #2649 ) ) ;
#1133 = DIRECTION ( 'NONE',  ( -0.000000000000000000, -0.000000000000000000, -1.000000000000000000 ) ) ;
#1134 = EDGE_LOOP ( 'NONE', ( #3809, #2763, #3781, #1186 ) ) ;
#1135 = DIRECTION ( 'NONE',  ( 1.000000000000000000, 0.000000000000000000, 0.000000000000000000 ) ) ;
#1136 = CARTESIAN_POINT ( 'NONE',  ( 66.20921356237312239, 5.080000000000015170, 9.000000000000001776 ) ) ;
#1137 = ORIENTED_EDGE ( 'NONE', *, *, #3310, .F. ) ;
#1138 = DIRECTION ( 'NONE',  ( -0.000000000000000000, 1.000000000000000000, -0.000000000000000000 ) ) ;
#1139 = ADVANCED_FACE ( 'NONE', ( #761 ), #2102, .F. ) ;
#1140 = ORIENTED_EDGE ( 'NONE', *, *, #4317, .F. ) ;
#1141 = CARTESIAN_POINT ( 'NONE',  ( 63.91999999999967486, 66.20921356237342081, 0.000000000000000000 ) ) ;
#1142 = DIRECTION ( 'NONE',  ( 0.000000000000000000, 0.000000000000000000, 1.000000000000000000 ) ) ;
#1143 = ADVANCED_FACE ( 'NONE', ( #3516 ), #415, .T. ) ;
#1144 = CYLINDRICAL_SURFACE ( 'NONE', #4528, 1.000000000000000000 ) ;
#1145 = ORIENTED_EDGE ( 'NONE', *, *, #4267, .F. ) ;
#1146 = CARTESIAN_POINT ( 'NONE',  ( 9.160000000000140474, -9.096904694995023775E-14, 1.000000000000000000 ) ) ;
#1147 = DIRECTION ( 'NONE',  ( 1.047444401652940007E-14, -1.000000000000000000, -0.000000000000000000 ) ) ;
#1148 = EDGE_LOOP ( 'NONE', ( #2854, #366, #3881, #4137 ) ) ;
#1149 = VERTEX_POINT ( 'NONE', #328 ) ;
#1150 = ORIENTED_EDGE ( 'NONE', *, *, #2636, .F. ) ;
#1151 = CARTESIAN_POINT ( 'NONE',  ( 3.540000000000005809, 9.160000000000001918, 0.000000000000000000 ) ) ;
#1152 = DIRECTION ( 'NONE',  ( -0.000000000000000000, -0.000000000000000000, -1.000000000000000000 ) ) ;
#1153 = ORIENTED_EDGE ( 'NONE', *, *, #1106, .T. ) ;
#1154 = DIRECTION ( 'NONE',  ( -1.000000000000000000, -3.491481338843133355E-15, 0.000000000000000000 ) ) ;
#1155 = AXIS2_PLACEMENT_3D ( 'NONE', #4412, #1190, #220 ) ;
#1156 = DIRECTION ( 'NONE',  ( -1.000000000000000000, 0.000000000000000000, 0.000000000000000000 ) ) ;
#1157 = VERTEX_POINT ( 'NONE', #1102 ) ;
#1158 = ORIENTED_EDGE ( 'NONE', *, *, #1448, .T. ) ;
#1159 = DIRECTION ( 'NONE',  ( -3.491481338843133355E-15, 1.000000000000000000, 0.000000000000000000 ) ) ;
#1160 = CARTESIAN_POINT ( 'NONE',  ( 1.000000000000000000, 0.000000000000000000, 9.000000000000001776 ) ) ;
#1161 = EDGE_CURVE ( 'NONE', #3077, #3497, #2118, .T. ) ;
#1162 = AXIS2_PLACEMENT_3D ( 'NONE', #2654, #1941, #3267 ) ;
#1163 = AXIS2_PLACEMENT_3D ( 'NONE', #1034, #773, #2163 ) ;
#1164 = EDGE_CURVE ( 'NONE', #1913, #3498, #3483, .T. ) ;
#1165 = ADVANCED_FACE ( 'NONE', ( #59 ), #4503, .T. ) ;
#1166 = DIRECTION ( 'NONE',  ( -7.406550393246750671E-15, 0.7071067811865431318, -0.7071067811865520136 ) ) ;
#1167 = VERTEX_POINT ( 'NONE', #3553 ) ;
#1168 = AXIS2_PLACEMENT_3D ( 'NONE', #2331, #1297, #2689 ) ;
#1169 = FACE_OUTER_BOUND ( 'NONE', #1869, .T. ) ;
#1170 = EDGE_CURVE ( 'NONE', #1513, #1167, #2641, .T. ) ;
#1171 = FACE_OUTER_BOUND ( 'NONE', #3921, .T. ) ;
#1172 = DIRECTION ( 'NONE',  ( 0.000000000000000000, 0.000000000000000000, 1.000000000000000000 ) ) ;
#1173 = ADVANCED_FACE ( 'NONE', ( #2848 ), #3242, .T. ) ;
#1174 = ORIENTED_EDGE ( 'NONE', *, *, #2018, .F. ) ;
#1175 = VERTEX_POINT ( 'NONE', #1381 ) ;
#1176 = VERTEX_POINT ( 'NONE', #2449 ) ;
#1177 = CIRCLE ( 'NONE', #3260, 1.000000000000000888 ) ;
#1178 = FACE_OUTER_BOUND ( 'NONE', #835, .T. ) ;
#1179 = DIRECTION ( 'NONE',  ( 1.000000000000000000, 0.000000000000000000, -0.000000000000000000 ) ) ;
#1180 = CIRCLE ( 'NONE', #372, 1.000000000000000888 ) ;
#1181 = ORIENTED_EDGE ( 'NONE', *, *, #1205, .T. ) ;
#1182 = CARTESIAN_POINT ( 'NONE',  ( 9.160000000000140474, -9.096904694995023775E-14, 0.000000000000000000 ) ) ;
#1183 = TOROIDAL_SURFACE ( 'NONE', #2435, 2.000000000000000000, 1.000000000000000000 ) ;
#1184 = AXIS2_PLACEMENT_3D ( 'NONE', #2062, #1021, #2089 ) ;
#1185 = DIRECTION ( 'NONE',  ( 1.000000000000000000, 0.000000000000000000, 0.000000000000000000 ) ) ;
#1186 = ORIENTED_EDGE ( 'NONE', *, *, #4461, .T. ) ;
#1187 = VECTOR ( 'NONE', #1166, 999.9999999999998863 ) ;
#1188 = AXIS2_PLACEMENT_3D ( 'NONE', #572, #3743, #1622 ) ;
#1189 = EDGE_LOOP ( 'NONE', ( #4050, #3251, #2570, #3223 ) ) ;
#1190 = DIRECTION ( 'NONE',  ( 1.000000000000000000, 3.491481338843133355E-15, -0.000000000000000000 ) ) ;
#1191 = CARTESIAN_POINT ( 'NONE',  ( 60.46000000000002217, 10.16000000000001613, 9.000000000000001776 ) ) ;
#1192 = AXIS2_PLACEMENT_3D ( 'NONE', #3285, #754, #1525 ) ;
#1193 = AXIS2_PLACEMENT_3D ( 'NONE', #1209, #3378, #3000 ) ;
#1194 = CARTESIAN_POINT ( 'NONE',  ( 63.91999999999969617, 63.92000000000032145, 0.7499999999999964473 ) ) ;
#1195 = EDGE_LOOP ( 'NONE', ( #296, #640, #2599, #2878 ) ) ;
#1196 = EDGE_CURVE ( 'NONE', #4332, #2087, #1091, .T. ) ;
#1197 = AXIS2_PLACEMENT_3D ( 'NONE', #3104, #300, #2776 ) ;
#1198 = FACE_OUTER_BOUND ( 'NONE', #2320, .T. ) ;
#1199 = DIRECTION ( 'NONE',  ( -3.854941057726234744E-15, 1.000000000000000000, 0.000000000000000000 ) ) ;
#1200 = CARTESIAN_POINT ( 'NONE',  ( 1.000000000000000000, 5.080000000000000959, 0.000000000000000000 ) ) ;
#1201 = ORIENTED_EDGE ( 'NONE', *, *, #4033, .T. ) ;
#1202 = EDGE_CURVE ( 'NONE', #4238, #2120, #4284, .T. ) ;
#1203 = EDGE_LOOP ( 'NONE', ( #3959, #1880, #3316, #2211 ) ) ;
#1204 = ORIENTED_EDGE ( 'NONE', *, *, #301, .F. ) ;
#1205 = EDGE_CURVE ( 'NONE', #4230, #4112, #725, .T. ) ;
#1206 = LINE ( 'NONE', #4032, #1612 ) ;
#1207 = CARTESIAN_POINT ( 'NONE',  ( 3.540000000000005809, 9.160000000000001918, 1.000000000000000000 ) ) ;
#1208 = ORIENTED_EDGE ( 'NONE', *, *, #3189, .F. ) ;
#1209 = CARTESIAN_POINT ( 'NONE',  ( 5.080000000000000071, 63.92000000000000171, 9.000000000000001776 ) ) ;
#1210 = EDGE_LOOP ( 'NONE', ( #3873, #3219, #2199, #2012 ) ) ;
#1211 = VERTEX_POINT ( 'NONE', #2865 ) ;
#1212 = DIRECTION ( 'NONE',  ( 0.000000000000000000, 0.000000000000000000, 1.000000000000000000 ) ) ;
#1213 = CARTESIAN_POINT ( 'NONE',  ( 63.92000000000001592, 5.080000000000015170, 0.7499999999999964473 ) ) ;
#1214 = CARTESIAN_POINT ( 'NONE',  ( 1.540000000000006253, 11.16000000000000369, 9.000000000000001776 ) ) ;
#1215 = ORIENTED_EDGE ( 'NONE', *, *, #1347, .T. ) ;
#1216 = DIRECTION ( 'NONE',  ( -1.000000000000000000, 0.000000000000000000, 0.000000000000000000 ) ) ;
#1217 = CARTESIAN_POINT ( 'NONE',  ( 1.000000000000000000, 5.080000000000000959, 10.00000000000000000 ) ) ;
#1218 = DIRECTION ( 'NONE',  ( -0.000000000000000000, -0.000000000000000000, -1.000000000000000000 ) ) ;
#1219 = ORIENTED_EDGE ( 'NONE', *, *, #3138, .F. ) ;
#1220 = DIRECTION ( 'NONE',  ( 0.000000000000000000, 0.000000000000000000, -1.000000000000000000 ) ) ;
#1221 = ORIENTED_EDGE ( 'NONE', *, *, #377, .F. ) ;
#1222 = DIRECTION ( 'NONE',  ( 1.000000000000000000, 0.000000000000000000, 0.000000000000000000 ) ) ;
#1223 = EDGE_CURVE ( 'NONE', #1820, #3224, #3980, .T. ) ;
#1224 = DIRECTION ( 'NONE',  ( 1.000000000000000000, 0.000000000000000000, 0.000000000000000000 ) ) ;
#1225 = DIRECTION ( 'NONE',  ( 0.000000000000000000, 0.000000000000000000, 1.000000000000000000 ) ) ;
#1226 = ADVANCED_FACE ( 'NONE', ( #437 ), #2965, .F. ) ;
#1227 = VERTEX_POINT ( 'NONE', #1512 ) ;
#1228 = DIRECTION ( 'NONE',  ( 1.040834085586083310E-14, -1.000000000000000000, 0.000000000000000000 ) ) ;
#1229 = FACE_OUTER_BOUND ( 'NONE', #74, .T. ) ;
#1230 = LINE ( 'NONE', #214, #2972 ) ;
#1231 = VERTEX_POINT ( 'NONE', #2990 ) ;
#1232 = ORIENTED_EDGE ( 'NONE', *, *, #98, .T. ) ;
#1233 = CARTESIAN_POINT ( 'NONE',  ( 63.92000000000000171, 5.080000000000008065, 10.00000000000000000 ) ) ;
#1234 = FACE_OUTER_BOUND ( 'NONE', #905, .T. ) ;
#1235 = CARTESIAN_POINT ( 'NONE',  ( 66.46000000000002217, 57.84000000000001762, 9.000000000000001776 ) ) ;
#1236 = DIRECTION ( 'NONE',  ( 0.000000000000000000, 0.000000000000000000, -1.000000000000000000 ) ) ;
#1237 = VERTEX_POINT ( 'NONE', #1200 ) ;
#1238 = CARTESIAN_POINT ( 'NONE',  ( 63.91999999999969617, 63.92000000000032145, 0.000000000000000000 ) ) ;
#1239 = AXIS2_PLACEMENT_3D ( 'NONE', #3970, #1863, #481 ) ;
#1240 = DIRECTION ( 'NONE',  ( -3.491481338843133355E-15, 1.000000000000000000, 0.000000000000000000 ) ) ;
#1241 = CARTESIAN_POINT ( 'NONE',  ( 59.83999999999967656, 65.46000000000027796, 9.000000000000001776 ) ) ;
#1242 = AXIS2_PLACEMENT_3D ( 'NONE', #1359, #3087, #2724 ) ;
#1243 = ORIENTED_EDGE ( 'NONE', *, *, #2103, .T. ) ;
#1244 = AXIS2_PLACEMENT_3D ( 'NONE', #3333, #4119, #2005 ) ;
#1245 = EDGE_LOOP ( 'NONE', ( #3433, #1881, #2940, #1730 ) ) ;
#1246 = ORIENTED_EDGE ( 'NONE', *, *, #798, .F. ) ;
#1247 = CIRCLE ( 'NONE', #4070, 1.000000000000000888 ) ;
#1248 = CARTESIAN_POINT ( 'NONE',  ( 62.46000000000001506, 11.16000000000001791, 0.000000000000000000 ) ) ;
#1249 = DIRECTION ( 'NONE',  ( 1.156482317317870344E-14, -1.000000000000000000, 0.000000000000000000 ) ) ;
#1250 = DIRECTION ( 'NONE',  ( -3.469446951953614189E-15, 1.000000000000000000, 0.000000000000000000 ) ) ;
#1251 = CIRCLE ( 'NONE', #67, 1.000000000000000000 ) ;
#1252 = ORIENTED_EDGE ( 'NONE', *, *, #4431, .T. ) ;
#1253 = DIRECTION ( 'NONE',  ( 0.000000000000000000, 0.000000000000000000, 1.000000000000000000 ) ) ;
#1254 = EDGE_CURVE ( 'NONE', #2585, #438, #3832, .T. ) ;
#1255 = EDGE_CURVE ( 'NONE', #1936, #441, #3694, .T. ) ;
#1256 = TOROIDAL_SURFACE ( 'NONE', #225, 2.289213562373086930, 1.000000000000000000 ) ;
#1257 = DIRECTION ( 'NONE',  ( -7.401486830834424794E-15, 1.000000000000000000, 0.000000000000000000 ) ) ;
#1258 = CARTESIAN_POINT ( 'NONE',  ( 63.92000000000000171, 5.080000000000008065, 0.9999999999999991118 ) ) ;
#1259 = ORIENTED_EDGE ( 'NONE', *, *, #4158, .T. ) ;
#1260 = ORIENTED_EDGE ( 'NONE', *, *, #746, .F. ) ;
#1261 = DIRECTION ( 'NONE',  ( 1.000000000000000000, 0.000000000000000000, 0.000000000000000000 ) ) ;
#1262 = CARTESIAN_POINT ( 'NONE',  ( 0.000000000000000000, 0.000000000000000000, 0.000000000000000000 ) ) ;
#1263 = DIRECTION ( 'NONE',  ( 0.000000000000000000, 0.000000000000000000, 1.000000000000000000 ) ) ;
#1264 = EDGE_CURVE ( 'NONE', #1519, #3010, #2194, .T. ) ;
#1265 = CIRCLE ( 'NONE', #3632, 1.000000000000000000 ) ;
#1266 = VECTOR ( 'NONE', #4530, 1000.000000000000000 ) ;
#1267 = ADVANCED_FACE ( 'NONE', ( #850 ), #2723, .F. ) ;
#1268 = AXIS2_PLACEMENT_3D ( 'NONE', #4023, #868, #1236 ) ;
#1269 = AXIS2_PLACEMENT_3D ( 'NONE', #3927, #12, #727 ) ;
#1270 = AXIS2_PLACEMENT_3D ( 'NONE', #1069, #3898, #4270 ) ;
#1271 = CARTESIAN_POINT ( 'NONE',  ( 9.159999999999666187, 66.45999999999973795, 10.00000000000000000 ) ) ;
#1272 = CARTESIAN_POINT ( 'NONE',  ( 11.16000000000012804, 3.539999999999916103, 9.000000000000001776 ) ) ;
#1273 = ORIENTED_EDGE ( 'NONE', *, *, #830, .F. ) ;
#1274 = CARTESIAN_POINT ( 'NONE',  ( 66.46000000000002217, 10.16000000000001613, 0.000000000000000000 ) ) ;
#1275 = CIRCLE ( 'NONE', #3575, 2.000000000000001776 ) ;
#1276 = CIRCLE ( 'NONE', #3864, 2.000000000000001776 ) ;
#1277 = AXIS2_PLACEMENT_3D ( 'NONE', #2532, #3313, #759 ) ;
#1278 = ORIENTED_EDGE ( 'NONE', *, *, #701, .F. ) ;
#1279 = AXIS2_PLACEMENT_3D ( 'NONE', #1583, #3038, #3774 ) ;
#1280 = DIRECTION ( 'NONE',  ( 1.000000000000000000, 0.000000000000000000, 0.000000000000000000 ) ) ;
#1281 = DIRECTION ( 'NONE',  ( 0.000000000000000000, 0.000000000000000000, -1.000000000000000000 ) ) ;
#1282 = LINE ( 'NONE', #569, #2213 ) ;
#1283 = ORIENTED_EDGE ( 'NONE', *, *, #834, .T. ) ;
#1284 = CARTESIAN_POINT ( 'NONE',  ( 63.92000000000000171, 1.000000000000007772, 10.00000000000000000 ) ) ;
#1285 = CARTESIAN_POINT ( 'NONE',  ( 6.540000000000006253, 11.16000000000000369, 9.000000000000001776 ) ) ;
#1286 = LINE ( 'NONE', #2021, #2757 ) ;
#1287 = ORIENTED_EDGE ( 'NONE', *, *, #4184, .T. ) ;
#1288 = ORIENTED_EDGE ( 'NONE', *, *, #4471, .F. ) ;
#1289 = DIRECTION ( 'NONE',  ( -1.000000000000000000, -3.491481338843133355E-15, 0.000000000000000000 ) ) ;
#1290 = FACE_BOUND ( 'NONE', #1577, .T. ) ;
#1291 = EDGE_CURVE ( 'NONE', #404, #2060, #178, .T. ) ;
#1292 = DIRECTION ( 'NONE',  ( -0.000000000000000000, -0.000000000000000000, -1.000000000000000000 ) ) ;
#1293 = ORIENTED_EDGE ( 'NONE', *, *, #208, .T. ) ;
#1294 = EDGE_CURVE ( 'NONE', #2087, #3775, #539, .T. ) ;
#1295 = PLANE ( 'NONE',  #1643 ) ;
#1296 = VERTEX_POINT ( 'NONE', #2583 ) ;
#1297 = DIRECTION ( 'NONE',  ( -0.000000000000000000, 0.000000000000000000, -1.000000000000000000 ) ) ;
#1298 = DIRECTION ( 'NONE',  ( -0.000000000000000000, -1.000000000000000000, -0.000000000000000000 ) ) ;
#1299 = CARTESIAN_POINT ( 'NONE',  ( 63.91999999999971038, 62.79500000000032145, 9.249999999999994671 ) ) ;
#1300 = EDGE_LOOP ( 'NONE', ( #3889, #2249, #676, #4553 ) ) ;
#1301 = FACE_OUTER_BOUND ( 'NONE', #2119, .T. ) ;
#1302 = DIRECTION ( 'NONE',  ( 1.247233394806660679E-16, -1.000000000000000000, 0.000000000000000000 ) ) ;
#1303 = DIRECTION ( 'NONE',  ( 0.000000000000000000, 0.000000000000000000, 1.000000000000000000 ) ) ;
#1304 = ORIENTED_EDGE ( 'NONE', *, *, #357, .F. ) ;
#1305 = ORIENTED_EDGE ( 'NONE', *, *, #2841, .F. ) ;
#1306 = CARTESIAN_POINT ( 'NONE',  ( 59.84000000000012420, 6.540000000000091518, 0.000000000000000000 ) ) ;
#1307 = CARTESIAN_POINT ( 'NONE',  ( 63.92000000000000171, 5.080000000000008065, 9.000000000000001776 ) ) ;
#1308 = EDGE_CURVE ( 'NONE', #2140, #1936, #3978, .T. ) ;
#1309 = ORIENTED_EDGE ( 'NONE', *, *, #1712, .F. ) ;
#1310 = DIRECTION ( 'NONE',  ( 1.000000000000000000, 0.000000000000000000, 0.000000000000000000 ) ) ;
#1311 = EDGE_CURVE ( 'NONE', #857, #1211, #285, .T. ) ;
#1312 = AXIS2_PLACEMENT_3D ( 'NONE', #1262, #2250, #501 ) ;
#1313 = ORIENTED_EDGE ( 'NONE', *, *, #3952, .F. ) ;
#1314 = EDGE_CURVE ( 'NONE', #1296, #3746, #2870, .T. ) ;
#1315 = EDGE_CURVE ( 'NONE', #133, #3916, #4351, .T. ) ;
#1316 = DIRECTION ( 'NONE',  ( 0.000000000000000000, 0.000000000000000000, -1.000000000000000000 ) ) ;
#1317 = AXIS2_PLACEMENT_3D ( 'NONE', #3046, #4453, #1281 ) ;
#1318 = DIRECTION ( 'NONE',  ( 1.000000000000000000, 0.000000000000000000, 0.000000000000000000 ) ) ;
#1319 = DIRECTION ( 'NONE',  ( 0.000000000000000000, 0.000000000000000000, 1.000000000000000000 ) ) ;
#1320 = ORIENTED_EDGE ( 'NONE', *, *, #1415, .T. ) ;
#1321 = DIRECTION ( 'NONE',  ( -1.000000000000000000, 0.000000000000000000, 0.000000000000000000 ) ) ;
#1322 = CARTESIAN_POINT ( 'NONE',  ( 61.46000000000002217, 11.16000000000001791, 0.000000000000000000 ) ) ;
#1323 = CARTESIAN_POINT ( 'NONE',  ( 3.540000000000000036, 58.84000000000000341, 0.000000000000000000 ) ) ;
#1324 = CIRCLE ( 'NONE', #64, 1.000000000000000888 ) ;
#1325 = EDGE_LOOP ( 'NONE', ( #336, #4001, #2815, #46 ) ) ;
#1326 = ORIENTED_EDGE ( 'NONE', *, *, #3653, .F. ) ;
#1327 = CARTESIAN_POINT ( 'NONE',  ( 63.91999999999972459, 61.63078643762724340, 0.000000000000000000 ) ) ;
#1328 = DIRECTION ( 'NONE',  ( -1.000000000000000000, 0.000000000000000000, 0.000000000000000000 ) ) ;
#1329 = CIRCLE ( 'NONE', #1916, 2.000000000000000444 ) ;
#1330 = CARTESIAN_POINT ( 'NONE',  ( 63.92000000000000171, 63.92000000000001592, 10.00000000000000000 ) ) ;
#1331 = LINE ( 'NONE', #1010, #3494 ) ;
#1332 = CONICAL_SURFACE ( 'NONE', #1545, 1.874999999999987788, 0.7853981633974419507 ) ;
#1333 = ORIENTED_EDGE ( 'NONE', *, *, #3018, .T. ) ;
#1334 = ORIENTED_EDGE ( 'NONE', *, *, #249, .F. ) ;
#1335 = CARTESIAN_POINT ( 'NONE',  ( 6.540000000000000924, 58.84000000000000341, 10.00000000000000000 ) ) ;
#1336 = TOROIDAL_SURFACE ( 'NONE', #2814, 2.000000000000000000, 1.000000000000000000 ) ;
#1337 = CARTESIAN_POINT ( 'NONE',  ( 68.00000000000000000, 63.92000000000001592, 1.000000000000000000 ) ) ;
#1338 = ORIENTED_EDGE ( 'NONE', *, *, #3337, .T. ) ;
#1339 = AXIS2_PLACEMENT_3D ( 'NONE', #4259, #3908, #105 ) ;
#1340 = VECTOR ( 'NONE', #4167, 1000.000000000000000 ) ;
#1341 = DIRECTION ( 'NONE',  ( 1.000000000000000000, 0.000000000000000000, 0.000000000000000000 ) ) ;
#1342 = VECTOR ( 'NONE', #3322, 1000.000000000000000 ) ;
#1343 = LINE ( 'NONE', #2690, #1687 ) ;
#1344 = ADVANCED_FACE ( 'NONE', ( #801 ), #4350, .T. ) ;
#1345 = ORIENTED_EDGE ( 'NONE', *, *, #4465, .F. ) ;
#1346 = PLANE ( 'NONE',  #3935 ) ;
#1347 = EDGE_CURVE ( 'NONE', #3775, #3994, #358, .T. ) ;
#1348 = AXIS2_PLACEMENT_3D ( 'NONE', #3976, #3220, #795 ) ;
#1349 = CARTESIAN_POINT ( 'NONE',  ( 63.92000000000001592, 5.080000000000015170, 9.000000000000001776 ) ) ;
#1350 = ORIENTED_EDGE ( 'NONE', *, *, #1991, .F. ) ;
#1351 = EDGE_LOOP ( 'NONE', ( #2233, #102, #3184, #2444 ) ) ;
#1352 = DIRECTION ( 'NONE',  ( 0.000000000000000000, 0.000000000000000000, 1.000000000000000000 ) ) ;
#1353 = LINE ( 'NONE', #2412, #4146 ) ;
#1354 = DIRECTION ( 'NONE',  ( 0.000000000000000000, 0.000000000000000000, 1.000000000000000000 ) ) ;
#1355 = EDGE_LOOP ( 'NONE', ( #1420, #340, #1498, #740 ) ) ;
#1356 = DIRECTION ( 'NONE',  ( 1.000000000000000000, 0.000000000000000000, 0.000000000000000000 ) ) ;
#1357 = CARTESIAN_POINT ( 'NONE',  ( 9.159999999999641318, 68.99999999999975842, 1.000000000000000000 ) ) ;
#1358 = PLANE ( 'NONE',  #4096 ) ;
#1359 = CARTESIAN_POINT ( 'NONE',  ( 5.080000000000126192, 5.079999999999895266, 0.7499999999999964473 ) ) ;
#1360 = ORIENTED_EDGE ( 'NONE', *, *, #4243, .T. ) ;
#1361 = CARTESIAN_POINT ( 'NONE',  ( 6.540000000000000924, 57.84000000000000341, 10.00000000000000000 ) ) ;
#1362 = DIRECTION ( 'NONE',  ( 1.000000000000000000, 0.000000000000000000, 0.000000000000000000 ) ) ;
#1363 = DIRECTION ( 'NONE',  ( 1.000000000000000000, 2.011273595335428079E-16, -0.000000000000000000 ) ) ;
#1364 = ORIENTED_EDGE ( 'NONE', *, *, #717, .F. ) ;
#1365 = EDGE_CURVE ( 'NONE', #2120, #630, #1758, .T. ) ;
#1366 = FACE_OUTER_BOUND ( 'NONE', #4200, .T. ) ;
#1367 = EDGE_CURVE ( 'NONE', #793, #3584, #2210, .T. ) ;
#1368 = ORIENTED_EDGE ( 'NONE', *, *, #3923, .T. ) ;
#1369 = VERTEX_POINT ( 'NONE', #1564 ) ;
#1370 = DIRECTION ( 'NONE',  ( 1.000000000000000000, 1.059916735601006648E-14, 0.000000000000000000 ) ) ;
#1371 = ADVANCED_FACE ( 'NONE', ( #4331 ), #291, .T. ) ;
#1372 = DIRECTION ( 'NONE',  ( -3.616204678323799768E-15, 1.000000000000000000, 0.000000000000000000 ) ) ;
#1373 = EDGE_CURVE ( 'NONE', #3382, #2300, #3639, .T. ) ;
#1374 = CYLINDRICAL_SURFACE ( 'NONE', #2885, 5.080000000000000071 ) ;
#1375 = VERTEX_POINT ( 'NONE', #486 ) ;
#1376 = DIRECTION ( 'NONE',  ( 1.000000000000000000, 0.000000000000000000, 0.000000000000000000 ) ) ;
#1377 = CARTESIAN_POINT ( 'NONE',  ( 3.497893218813465488, 63.92000000000000171, 0.2928932188134569792 ) ) ;
#1378 = LINE ( 'NONE', #2098, #2146 ) ;
#1379 = ORIENTED_EDGE ( 'NONE', *, *, #2342, .F. ) ;
#1380 = CARTESIAN_POINT ( 'NONE',  ( 11.16000000000012093, 6.539999999999916547, 0.000000000000000000 ) ) ;
#1381 = CARTESIAN_POINT ( 'NONE',  ( 66.46000000000002217, 11.16000000000001791, 9.000000000000001776 ) ) ;
#1382 = ORIENTED_EDGE ( 'NONE', *, *, #979, .T. ) ;
#1383 = ORIENTED_EDGE ( 'NONE', *, *, #1367, .T. ) ;
#1384 = VECTOR ( 'NONE', #4419, 1000.000000000000000 ) ;
#1385 = AXIS2_PLACEMENT_3D ( 'NONE', #670, #3372, #3508 ) ;
#1386 = DIRECTION ( 'NONE',  ( 0.000000000000000000, 0.000000000000000000, 1.000000000000000000 ) ) ;
#1387 = CARTESIAN_POINT ( 'NONE',  ( 5.080000000000126192, 5.079999999999895266, 9.249999999999994671 ) ) ;
#1388 = ORIENTED_EDGE ( 'NONE', *, *, #2521, .F. ) ;
#1389 = EDGE_CURVE ( 'NONE', #3994, #3243, #4061, .T. ) ;
#1390 = CIRCLE ( 'NONE', #2725, 1.000000000000000000 ) ;
#1391 = ORIENTED_EDGE ( 'NONE', *, *, #208, .F. ) ;
#1392 = FACE_OUTER_BOUND ( 'NONE', #3102, .T. ) ;
#1393 = CIRCLE ( 'NONE', #4062, 2.000000000000001776 ) ;
#1394 = AXIS2_PLACEMENT_3D ( 'NONE', #278, #1617, #1686 ) ;
#1395 = PLANE ( 'NONE',  #522 ) ;
#1396 = DIRECTION ( 'NONE',  ( -0.000000000000000000, 1.000000000000000000, -0.000000000000000000 ) ) ;
#1397 = EDGE_CURVE ( 'NONE', #3135, #3150, #2568, .T. ) ;
#1398 = ORIENTED_EDGE ( 'NONE', *, *, #2164, .F. ) ;
#1399 = DIRECTION ( 'NONE',  ( 1.247233394806660679E-16, -1.000000000000000000, -0.000000000000000000 ) ) ;
#1400 = DIRECTION ( 'NONE',  ( -1.000000000000000000, -3.369016658928398207E-15, 0.000000000000000000 ) ) ;
#1401 = AXIS2_PLACEMENT_3D ( 'NONE', #2524, #1419, #3211 ) ;
#1402 = EDGE_CURVE ( 'NONE', #2596, #2925, #364, .T. ) ;
#1403 = AXIS2_PLACEMENT_3D ( 'NONE', #1678, #3101, #989 ) ;
#1404 = CARTESIAN_POINT ( 'NONE',  ( 5.079999999999999183, 68.00000000000000000, 10.00000000000000000 ) ) ;
#1405 = VERTEX_POINT ( 'NONE', #3107 ) ;
#1406 = AXIS2_PLACEMENT_3D ( 'NONE', #4223, #4266, #2762 ) ;
#1407 = DIRECTION ( 'NONE',  ( 0.7071067811865431318, 8.659560562354879857E-17, -0.7071067811865520136 ) ) ;
#1408 = DIRECTION ( 'NONE',  ( -0.000000000000000000, -0.000000000000000000, -1.000000000000000000 ) ) ;
#1409 = VECTOR ( 'NONE', #392, 1000.000000000000000 ) ;
#1410 = AXIS2_PLACEMENT_3D ( 'NONE', #5, #1071, #2475 ) ;
#1411 = CARTESIAN_POINT ( 'NONE',  ( 11.15999999999973191, 60.45999999999977348, 10.00000000000000000 ) ) ;
#1412 = ORIENTED_EDGE ( 'NONE', *, *, #273, .T. ) ;
#1413 = AXIS2_PLACEMENT_3D ( 'NONE', #1833, #2928, #1810 ) ;
#1414 = AXIS2_PLACEMENT_3D ( 'NONE', #1774, #2383, #933 ) ;
#1415 = EDGE_CURVE ( 'NONE', #27, #3895, #3408, .T. ) ;
#1416 = AXIS2_PLACEMENT_3D ( 'NONE', #1560, #3386, #1216 ) ;
#1417 = ORIENTED_EDGE ( 'NONE', *, *, #2760, .T. ) ;
#1418 = CARTESIAN_POINT ( 'NONE',  ( 5.080000000000129745, 3.954999999999894378, 0.7499999999999964473 ) ) ;
#1419 = DIRECTION ( 'NONE',  ( -0.000000000000000000, -0.000000000000000000, -1.000000000000000000 ) ) ;
#1420 = ORIENTED_EDGE ( 'NONE', *, *, #4206, .F. ) ;
#1421 = DIRECTION ( 'NONE',  ( 0.000000000000000000, 0.000000000000000000, 1.000000000000000000 ) ) ;
#1422 = DIRECTION ( 'NONE',  ( 0.000000000000000000, 0.000000000000000000, 1.000000000000000000 ) ) ;
#1423 = EDGE_CURVE ( 'NONE', #1369, #3396, #1611, .T. ) ;
#1424 = ADVANCED_FACE ( 'NONE', ( #4288 ), #794, .T. ) ;
#1425 = ORIENTED_EDGE ( 'NONE', *, *, #3676, .F. ) ;
#1426 = CARTESIAN_POINT ( 'NONE',  ( 63.92000000000000171, 63.92000000000001592, 9.000000000000001776 ) ) ;
#1427 = CARTESIAN_POINT ( 'NONE',  ( 9.160000000000126263, 3.539999999999908997, 1.000000000000000000 ) ) ;
#1428 = ORIENTED_EDGE ( 'NONE', *, *, #767, .F. ) ;
#1429 = ORIENTED_EDGE ( 'NONE', *, *, #1816, .F. ) ;
#1430 = CIRCLE ( 'NONE', #1958, 1.125000000000000888 ) ;
#1431 = DIRECTION ( 'NONE',  ( 1.000000000000000000, 0.000000000000000000, 0.000000000000000000 ) ) ;
#1432 = DIRECTION ( 'NONE',  ( 1.247233394806660679E-16, -1.000000000000000000, -0.000000000000000000 ) ) ;
#1433 = ORIENTED_EDGE ( 'NONE', *, *, #797, .F. ) ;
#1434 = CARTESIAN_POINT ( 'NONE',  ( 63.91999999999972459, 61.63078643762724340, 1.000000000000000000 ) ) ;
#1435 = AXIS2_PLACEMENT_3D ( 'NONE', #1207, #3649, #165 ) ;
#1436 = DIRECTION ( 'NONE',  ( -1.000000000000000000, 0.000000000000000000, 0.000000000000000000 ) ) ;
#1437 = DIRECTION ( 'NONE',  ( 1.059916735601006332E-14, -1.000000000000000000, 0.000000000000000000 ) ) ;
#1438 = ORIENTED_EDGE ( 'NONE', *, *, #37, .F. ) ;
#1439 = CARTESIAN_POINT ( 'NONE',  ( 58.84000000000012420, 6.540000000000087965, 1.000000000000000000 ) ) ;
#1440 = DIRECTION ( 'NONE',  ( 1.040834085586083310E-14, -1.000000000000000000, 0.000000000000000000 ) ) ;
#1441 = EDGE_CURVE ( 'NONE', #4411, #1231, #25, .T. ) ;
#1442 = ORIENTED_EDGE ( 'NONE', *, *, #4336, .T. ) ;
#1443 = EDGE_CURVE ( 'NONE', #1127, #4172, #2278, .T. ) ;
#1444 = DIRECTION ( 'NONE',  ( 0.7071067811865451302, 0.000000000000000000, 0.7071067811865499042 ) ) ;
#1445 = DIRECTION ( 'NONE',  ( 0.000000000000000000, 0.000000000000000000, 1.000000000000000000 ) ) ;
#1446 = ORIENTED_EDGE ( 'NONE', *, *, #3159, .T. ) ;
#1447 = ORIENTED_EDGE ( 'NONE', *, *, #1202, .T. ) ;
#1448 = EDGE_CURVE ( 'NONE', #4249, #2925, #2348, .T. ) ;
#1449 = CARTESIAN_POINT ( 'NONE',  ( 8.540000000000004476, 10.16000000000000192, 10.00000000000000000 ) ) ;
#1450 = VERTEX_POINT ( 'NONE', #702 ) ;
#1451 = CARTESIAN_POINT ( 'NONE',  ( 65.46000000000002217, 59.84000000000001762, 1.000000000000000000 ) ) ;
#1452 = AXIS2_PLACEMENT_3D ( 'NONE', #1468, #2485, #1081 ) ;
#1453 = CARTESIAN_POINT ( 'NONE',  ( 62.46000000000001506, 59.84000000000001762, 0.000000000000000000 ) ) ;
#1454 = AXIS2_PLACEMENT_3D ( 'NONE', #3464, #1689, #998 ) ;
#1455 = AXIS2_PLACEMENT_3D ( 'NONE', #961, #221, #2043 ) ;
#1456 = ORIENTED_EDGE ( 'NONE', *, *, #3277, .F. ) ;
#1457 = DIRECTION ( 'NONE',  ( -6.938893903907228378E-15, 1.000000000000000000, 0.000000000000000000 ) ) ;
#1458 = ORIENTED_EDGE ( 'NONE', *, *, #1423, .T. ) ;
#1459 = CARTESIAN_POINT ( 'NONE',  ( 5.080000000000000071, 63.92000000000000171, 9.249999999999994671 ) ) ;
#1460 = DIRECTION ( 'NONE',  ( 0.000000000000000000, 0.000000000000000000, -1.000000000000000000 ) ) ;
#1461 = AXIS2_PLACEMENT_3D ( 'NONE', #2472, #2899, #1431 ) ;
#1462 = VECTOR ( 'NONE', #4221, 1000.000000000000000 ) ;
#1463 = ORIENTED_EDGE ( 'NONE', *, *, #123, .F. ) ;
#1464 = CIRCLE ( 'NONE', #1837, 1.000000000000000000 ) ;
#1465 = CARTESIAN_POINT ( 'NONE',  ( 3.540000000000005809, 10.16000000000000192, 1.000000000000000000 ) ) ;
#1466 = AXIS2_PLACEMENT_3D ( 'NONE', #1009, #4568, #268 ) ;
#1467 = PLANE ( 'NONE',  #1027 ) ;
#1468 = CARTESIAN_POINT ( 'NONE',  ( 8.540000000000006253, 1.065137319164889045E-15, 1.000000000000000000 ) ) ;
#1469 = ORIENTED_EDGE ( 'NONE', *, *, #2440, .F. ) ;
#1470 = ORIENTED_EDGE ( 'NONE', *, *, #3869, .F. ) ;
#1471 = VECTOR ( 'NONE', #3800, 1000.000000000000000 ) ;
#1472 = EDGE_CURVE ( 'NONE', #3224, #179, #1096, .T. ) ;
#1473 = CIRCLE ( 'NONE', #1850, 1.000000000000000888 ) ;
#1474 = STYLED_ITEM ( 'NONE', ( #2853 ), #809 ) ;
#1475 = FILL_AREA_STYLE_COLOUR ( '', #2077 ) ;
#1476 = EDGE_CURVE ( 'NONE', #4504, #4238, #3842, .T. ) ;
#1477 = ORIENTED_EDGE ( 'NONE', *, *, #3425, .T. ) ;
#1478 = LINE ( 'NONE', #1054, #683 ) ;
#1479 = TOROIDAL_SURFACE ( 'NONE', #2151, 2.000000000000000000, 1.000000000000000000 ) ;
#1480 = DIRECTION ( 'NONE',  ( 1.000000000000000000, 3.616204678323799768E-15, 0.000000000000000000 ) ) ;
#1481 = CIRCLE ( 'NONE', #1049, 1.000000000000000000 ) ;
#1482 = ORIENTED_EDGE ( 'NONE', *, *, #3140, .F. ) ;
#1483 = FACE_OUTER_BOUND ( 'NONE', #3688, .T. ) ;
#1484 = ORIENTED_EDGE ( 'NONE', *, *, #4566, .F. ) ;
#1485 = DIRECTION ( 'NONE',  ( 1.000000000000000000, -0.000000000000000000, -0.000000000000000000 ) ) ;
#1486 = DIRECTION ( 'NONE',  ( -1.247233394806660679E-16, 1.000000000000000000, -0.000000000000000000 ) ) ;
#1487 = VECTOR ( 'NONE', #672, 999.9999999999998863 ) ;
#1488 = LINE ( 'NONE', #1126, #3500 ) ;
#1489 = ORIENTED_EDGE ( 'NONE', *, *, #2553, .T. ) ;
#1490 = CYLINDRICAL_SURFACE ( 'NONE', #385, 1.000000000000000000 ) ;
#1491 = CARTESIAN_POINT ( 'NONE',  ( 57.83999999999971209, 62.46000000000026375, 0.000000000000000000 ) ) ;
#1492 = CARTESIAN_POINT ( 'NONE',  ( 57.84000000000011710, 6.540000000000084412, 0.000000000000000000 ) ) ;
#1493 = ORIENTED_EDGE ( 'NONE', *, *, #1254, .T. ) ;
#1494 = ORIENTED_EDGE ( 'NONE', *, *, #2384, .T. ) ;
#1495 = ORIENTED_EDGE ( 'NONE', *, *, #4340, .F. ) ;
#1496 = CARTESIAN_POINT ( 'NONE',  ( 3.540000000000005809, 9.160000000000001918, 10.00000000000000000 ) ) ;
#1497 = CYLINDRICAL_SURFACE ( 'NONE', #1739, 1.000000000000000888 ) ;
#1498 = ORIENTED_EDGE ( 'NONE', *, *, #1311, .T. ) ;
#1499 = FACE_OUTER_BOUND ( 'NONE', #3759, .T. ) ;
#1500 = EDGE_CURVE ( 'NONE', #3555, #4327, #3987, .T. ) ;
#1501 = ADVANCED_FACE ( 'NONE', ( #135 ), #879, .T. ) ;
#1502 = DIRECTION ( 'NONE',  ( 8.438362267849779450E-15, -1.000000000000000000, 0.000000000000000000 ) ) ;
#1503 = ORIENTED_EDGE ( 'NONE', *, *, #3539, .F. ) ;
#1504 = VERTEX_POINT ( 'NONE', #1496 ) ;
#1505 = LINE ( 'NONE', #2229, #3268 ) ;
#1506 = CYLINDRICAL_SURFACE ( 'NONE', #2871, 1.000000000000000888 ) ;
#1507 = EDGE_CURVE ( 'NONE', #192, #1975, #3669, .T. ) ;
#1508 = EDGE_CURVE ( 'NONE', #2769, #2388, #2061, .T. ) ;
#1509 = EDGE_LOOP ( 'NONE', ( #2456, #200, #1929, #694 ) ) ;
#1510 = DIRECTION ( 'NONE',  ( 1.247233394806660679E-16, -1.000000000000000000, 0.000000000000000000 ) ) ;
#1511 = FACE_BOUND ( 'NONE', #3121, .T. ) ;
#1512 = CARTESIAN_POINT ( 'NONE',  ( 65.04500000000001592, 5.080000000000015170, 9.249999999999994671 ) ) ;
#1513 = VERTEX_POINT ( 'NONE', #1917 ) ;
#1514 = EDGE_LOOP ( 'NONE', ( #3751, #1885, #617, #3358 ) ) ;
#1515 = ORIENTED_EDGE ( 'NONE', *, *, #1389, .F. ) ;
#1516 = CYLINDRICAL_SURFACE ( 'NONE', #1828, 1.000000000000000888 ) ;
#1517 = ADVANCED_FACE ( 'NONE', ( #184 ), #1516, .F. ) ;
#1518 = DIRECTION ( 'NONE',  ( -1.000000000000000000, 0.000000000000000000, 0.000000000000000000 ) ) ;
#1519 = VERTEX_POINT ( 'NONE', #1543 ) ;
#1520 = LINE ( 'NONE', #495, #1640 ) ;
#1521 = DIRECTION ( 'NONE',  ( 0.000000000000000000, 0.000000000000000000, -1.000000000000000000 ) ) ;
#1522 = EDGE_CURVE ( 'NONE', #2976, #1870, #4430, .T. ) ;
#1523 = EDGE_LOOP ( 'NONE', ( #3560, #3644, #1219, #1702 ) ) ;
#1524 = ORIENTED_EDGE ( 'NONE', *, *, #289, .F. ) ;
#1525 = DIRECTION ( 'NONE',  ( -3.469446951953614583E-15, 1.000000000000000000, 0.000000000000000000 ) ) ;
#1526 = CYLINDRICAL_SURFACE ( 'NONE', #1535, 1.000000000000000000 ) ;
#1527 = AXIS2_PLACEMENT_3D ( 'NONE', #4129, #1018, #615 ) ;
#1528 = VECTOR ( 'NONE', #161, 1000.000000000000000 ) ;
#1529 = EDGE_CURVE ( 'NONE', #62, #2060, #1390, .T. ) ;
#1530 = DIRECTION ( 'NONE',  ( 0.000000000000000000, 0.000000000000000000, 1.000000000000000000 ) ) ;
#1531 = VERTEX_POINT ( 'NONE', #3962 ) ;
#1532 = EDGE_CURVE ( 'NONE', #438, #542, #2973, .T. ) ;
#1533 = VECTOR ( 'NONE', #2919, 1000.000000000000000 ) ;
#1534 = DIRECTION ( 'NONE',  ( -1.059916735601006648E-14, 1.000000000000000000, 0.000000000000000000 ) ) ;
#1535 = AXIS2_PLACEMENT_3D ( 'NONE', #3330, #145, #1555 ) ;
#1536 = FACE_BOUND ( 'NONE', #3014, .T. ) ;
#1537 = AXIS2_PLACEMENT_3D ( 'NONE', #2625, #2255, #4376 ) ;
#1538 = CARTESIAN_POINT ( 'NONE',  ( 5.080000000000000071, 5.080000000000000959, 10.00000000000000000 ) ) ;
#1539 = VERTEX_POINT ( 'NONE', #1151 ) ;
#1540 = ORIENTED_EDGE ( 'NONE', *, *, #2409, .F. ) ;
#1541 = ORIENTED_EDGE ( 'NONE', *, *, #4099, .T. ) ;
#1542 = CIRCLE ( 'NONE', #3115, 2.289213562373083821 ) ;
#1543 = CARTESIAN_POINT ( 'NONE',  ( 57.84000000000011710, 8.540000000000084412, 0.000000000000000000 ) ) ;
#1544 = DIRECTION ( 'NONE',  ( 0.000000000000000000, 0.000000000000000000, -1.000000000000000000 ) ) ;
#1545 = AXIS2_PLACEMENT_3D ( 'NONE', #497, #4408, #1257 ) ;
#1546 = ORIENTED_EDGE ( 'NONE', *, *, #647, .F. ) ;
#1547 = LINE ( 'NONE', #2977, #3509 ) ;
#1548 = CIRCLE ( 'NONE', #77, 1.000000000000000888 ) ;
#1549 = CARTESIAN_POINT ( 'NONE',  ( 5.080000000000119087, 7.369213562372983084, 0.000000000000000000 ) ) ;
#1550 = EDGE_LOOP ( 'NONE', ( #4202, #4020, #3605, #111 ) ) ;
#1551 = AXIS2_PLACEMENT_3D ( 'NONE', #2387, #242, #3025 ) ;
#1552 = AXIS2_PLACEMENT_3D ( 'NONE', #1976, #1554, #1261 ) ;
#1553 = ORIENTED_EDGE ( 'NONE', *, *, #4069, .T. ) ;
#1554 = DIRECTION ( 'NONE',  ( -0.000000000000000000, -0.000000000000000000, -1.000000000000000000 ) ) ;
#1555 = DIRECTION ( 'NONE',  ( 0.000000000000000000, 0.000000000000000000, -1.000000000000000000 ) ) ;
#1556 = AXIS2_PLACEMENT_3D ( 'NONE', #669, #4211, #2396 ) ;
#1557 = DIRECTION ( 'NONE',  ( 1.000000000000000000, 0.000000000000000000, -0.000000000000000000 ) ) ;
#1558 = DIRECTION ( 'NONE',  ( 1.000000000000000000, 0.000000000000000000, 0.000000000000000000 ) ) ;
#1559 = ORIENTED_EDGE ( 'NONE', *, *, #2868, .F. ) ;
#1560 = CARTESIAN_POINT ( 'NONE',  ( 65.46000000000002217, 11.16000000000001791, 1.000000000000000000 ) ) ;
#1561 = EDGE_CURVE ( 'NONE', #1975, #668, #783, .T. ) ;
#1562 = EDGE_CURVE ( 'NONE', #3150, #3135, #2949, .T. ) ;
#1563 = CARTESIAN_POINT ( 'NONE',  ( 5.080000000000121751, 6.204999999999896154, 0.000000000000000000 ) ) ;
#1564 = CARTESIAN_POINT ( 'NONE',  ( 11.15999999999966796, 66.45999999999976637, 1.000000000000000000 ) ) ;
#1565 = ORIENTED_EDGE ( 'NONE', *, *, #3563, .F. ) ;
#1566 = DIRECTION ( 'NONE',  ( 3.289392656561045593E-15, -1.000000000000000000, 0.000000000000000000 ) ) ;
#1567 = ORIENTED_EDGE ( 'NONE', *, *, #767, .T. ) ;
#1568 = EDGE_CURVE ( 'NONE', #2357, #924, #1206, .T. ) ;
#1569 = CARTESIAN_POINT ( 'NONE',  ( 63.92000000000001592, 5.080000000000015170, 0.000000000000000000 ) ) ;
#1570 = DIRECTION ( 'NONE',  ( -3.428084671313971127E-15, 1.000000000000000000, 0.000000000000000000 ) ) ;
#1571 = DIRECTION ( 'NONE',  ( 3.491481338843133355E-15, -1.000000000000000000, -0.000000000000000000 ) ) ;
#1572 = ORIENTED_EDGE ( 'NONE', *, *, #2180, .F. ) ;
#1573 = DIRECTION ( 'NONE',  ( 0.000000000000000000, 0.000000000000000000, 1.000000000000000000 ) ) ;
#1574 = DIRECTION ( 'NONE',  ( 0.000000000000000000, 0.000000000000000000, 1.000000000000000000 ) ) ;
#1575 = DIRECTION ( 'NONE',  ( -3.491481338843133355E-15, 1.000000000000000000, -0.000000000000000000 ) ) ;
#1576 = VERTEX_POINT ( 'NONE', #445 ) ;
#1577 = EDGE_LOOP ( 'NONE', ( #474, #2794 ) ) ;
#1578 = CARTESIAN_POINT ( 'NONE',  ( 3.540000000000000036, 57.84000000000000341, 9.000000000000001776 ) ) ;
#1579 = CARTESIAN_POINT ( 'NONE',  ( 5.080000000000000071, 63.92000000000000171, 9.000000000000001776 ) ) ;
#1580 = DIRECTION ( 'NONE',  ( -1.000000000000000000, -1.224646799147353207E-16, 0.000000000000000000 ) ) ;
#1581 = DIRECTION ( 'NONE',  ( 1.000000000000000000, 0.000000000000000000, 0.000000000000000000 ) ) ;
#1582 = ORIENTED_EDGE ( 'NONE', *, *, #503, .T. ) ;
#1583 = CARTESIAN_POINT ( 'NONE',  ( 5.080000000000000959, 1.000000000000000666, 0.9999999999999991118 ) ) ;
#1584 = DIRECTION ( 'NONE',  ( 0.000000000000000000, -0.000000000000000000, -1.000000000000000000 ) ) ;
#1585 = DIRECTION ( 'NONE',  ( 0.000000000000000000, 0.000000000000000000, 1.000000000000000000 ) ) ;
#1586 = EDGE_CURVE ( 'NONE', #488, #4428, #1849, .T. ) ;
#1587 = EDGE_LOOP ( 'NONE', ( #3665, #2983, #1949, #2742 ) ) ;
#1588 = DIRECTION ( 'NONE',  ( 0.000000000000000000, 0.000000000000000000, 1.000000000000000000 ) ) ;
#1589 = ORIENTED_EDGE ( 'NONE', *, *, #2694, .T. ) ;
#1590 = DIRECTION ( 'NONE',  ( -1.000000000000000000, 0.000000000000000000, 0.000000000000000000 ) ) ;
#1591 = DIRECTION ( 'NONE',  ( 0.000000000000000000, 0.000000000000000000, 1.000000000000000000 ) ) ;
#1592 = EDGE_CURVE ( 'NONE', #1899, #668, #1023, .T. ) ;
#1593 = CARTESIAN_POINT ( 'NONE',  ( 6.540000000000006253, 11.16000000000000369, 0.000000000000000000 ) ) ;
#1594 = ORIENTED_EDGE ( 'NONE', *, *, #1110, .F. ) ;
#1595 = DIRECTION ( 'NONE',  ( -1.247233394806660679E-16, 1.000000000000000000, 0.000000000000000000 ) ) ;
#1596 = EDGE_CURVE ( 'NONE', #623, #3042, #2630, .T. ) ;
#1597 = APPLICATION_CONTEXT ( 'automotive_design' ) ;
#1598 = CARTESIAN_POINT ( 'NONE',  ( 5.080000000000126192, 5.079999999999895266, 1.000000000000000000 ) ) ;
#1599 = DIRECTION ( 'NONE',  ( -0.000000000000000000, 0.000000000000000000, -1.000000000000000000 ) ) ;
#1600 = ORIENTED_EDGE ( 'NONE', *, *, #3189, .T. ) ;
#1601 = EDGE_LOOP ( 'NONE', ( #3022, #4410, #1752, #1088 ) ) ;
#1602 = FACE_OUTER_BOUND ( 'NONE', #3518, .T. ) ;
#1603 = DIRECTION ( 'NONE',  ( 0.000000000000000000, 0.000000000000000000, 1.000000000000000000 ) ) ;
#1604 = DIRECTION ( 'NONE',  ( -0.000000000000000000, -0.000000000000000000, -1.000000000000000000 ) ) ;
#1605 = CARTESIAN_POINT ( 'NONE',  ( 58.83999999999966946, 66.46000000000026375, 9.000000000000001776 ) ) ;
#1606 = CARTESIAN_POINT ( 'NONE',  ( 3.540000000000005809, 11.16000000000000369, 9.000000000000001776 ) ) ;
#1607 = ORIENTED_EDGE ( 'NONE', *, *, #2160, .F. ) ;
#1608 = FACE_OUTER_BOUND ( 'NONE', #1960, .T. ) ;
#1609 = AXIS2_PLACEMENT_3D ( 'NONE', #3204, #3939, #2468 ) ;
#1610 = AXIS2_PLACEMENT_3D ( 'NONE', #1075, #2137, #4212 ) ;
#1611 = LINE ( 'NONE', #3040, #3487 ) ;
#1612 = VECTOR ( 'NONE', #2190, 1000.000000000000000 ) ;
#1613 = ORIENTED_EDGE ( 'NONE', *, *, #4002, .T. ) ;
#1614 = VECTOR ( 'NONE', #1901, 1000.000000000000114 ) ;
#1615 = CARTESIAN_POINT ( 'NONE',  ( 5.079999999999999183, 69.00000000000000000, 9.000000000000001776 ) ) ;
#1616 = CIRCLE ( 'NONE', #4576, 1.000000000000000000 ) ;
#1617 = DIRECTION ( 'NONE',  ( 0.000000000000000000, 0.000000000000000000, 1.000000000000000000 ) ) ;
#1618 = CYLINDRICAL_SURFACE ( 'NONE', #1317, 1.000000000000000888 ) ;
#1619 = LINE ( 'NONE', #3445, #2506 ) ;
#1620 = CIRCLE ( 'NONE', #4219, 1.000000000000000888 ) ;
#1621 = ORIENTED_EDGE ( 'NONE', *, *, #2100, .T. ) ;
#1622 = DIRECTION ( 'NONE',  ( -3.469446951953615767E-15, 1.000000000000000000, 0.000000000000000000 ) ) ;
#1623 = VECTOR ( 'NONE', #1142, 1000.000000000000000 ) ;
#1624 = EDGE_CURVE ( 'NONE', #160, #924, #3696, .T. ) ;
#1625 = CIRCLE ( 'NONE', #1919, 1.000000000000000000 ) ;
#1626 = DIRECTION ( 'NONE',  ( 1.040834085586083310E-14, -1.000000000000000000, 0.000000000000000000 ) ) ;
#1627 = ADVANCED_FACE ( 'NONE', ( #807 ), #832, .T. ) ;
#1628 = DIRECTION ( 'NONE',  ( 2.011273595335428079E-16, -1.000000000000000000, 0.000000000000000000 ) ) ;
#1629 = ORIENTED_EDGE ( 'NONE', *, *, #332, .T. ) ;
#1630 = ORIENTED_EDGE ( 'NONE', *, *, #4465, .T. ) ;
#1631 = CARTESIAN_POINT ( 'NONE',  ( 67.46000000000002217, 11.16000000000001791, 0.000000000000000000 ) ) ;
#1632 = LINE ( 'NONE', #4140, #3986 ) ;
#1633 = AXIS2_PLACEMENT_3D ( 'NONE', #76, #3350, #2263 ) ;
#1634 = CIRCLE ( 'NONE', #6, 2.289213562373083821 ) ;
#1635 = AXIS2_PLACEMENT_3D ( 'NONE', #1025, #3829, #2042 ) ;
#1636 = CARTESIAN_POINT ( 'NONE',  ( 65.79500000000000171, 5.080000000000015170, 0.000000000000000000 ) ) ;
#1637 = EDGE_LOOP ( 'NONE', ( #1469, #1174, #1572, #3365 ) ) ;
#1638 = LINE ( 'NONE', #2623, #2828 ) ;
#1639 = VECTOR ( 'NONE', #3148, 1000.000000000000000 ) ;
#1640 = VECTOR ( 'NONE', #1895, 1000.000000000000000 ) ;
#1641 = TOROIDAL_SURFACE ( 'NONE', #88, 2.000000000000000000, 1.000000000000000000 ) ;
#1642 = ORIENTED_EDGE ( 'NONE', *, *, #1314, .T. ) ;
#1643 = AXIS2_PLACEMENT_3D ( 'NONE', #1274, #2309, #2345 ) ;
#1644 = CARTESIAN_POINT ( 'NONE',  ( 63.92000000000000171, 5.080000000000008065, 10.00000000000000000 ) ) ;
#1645 = DIRECTION ( 'NONE',  ( 3.491481338843133355E-15, -1.000000000000000000, 0.000000000000000000 ) ) ;
#1646 = FACE_OUTER_BOUND ( 'NONE', #2172, .T. ) ;
#1647 = VERTEX_POINT ( 'NONE', #113 ) ;
#1648 = DIRECTION ( 'NONE',  ( 3.491481338843133355E-15, -1.000000000000000000, 0.000000000000000000 ) ) ;
#1649 = DIRECTION ( 'NONE',  ( 0.000000000000000000, 0.000000000000000000, 1.000000000000000000 ) ) ;
#1650 = CARTESIAN_POINT ( 'NONE',  ( 9.160000000000112053, 7.539999999999908553, 10.00000000000000000 ) ) ;
#1651 = ORIENTED_EDGE ( 'NONE', *, *, #217, .F. ) ;
#1652 = ADVANCED_FACE ( 'NONE', ( #1178 ), #3108, .T. ) ;
#1653 = ORIENTED_EDGE ( 'NONE', *, *, #2523, .F. ) ;
#1654 = DIRECTION ( 'NONE',  ( 0.000000000000000000, 1.000000000000000000, -0.000000000000000000 ) ) ;
#1655 = FACE_BOUND ( 'NONE', #2156, .T. ) ;
#1656 = EDGE_CURVE ( 'NONE', #2188, #3498, #211, .T. ) ;
#1657 = LINE ( 'NONE', #1677, #3620 ) ;
#1658 = DIRECTION ( 'NONE',  ( 0.000000000000000000, 0.000000000000000000, 1.000000000000000000 ) ) ;
#1659 = EDGE_CURVE ( 'NONE', #1809, #4338, #4283, .T. ) ;
#1660 = EDGE_LOOP ( 'NONE', ( #4031, #373, #1425, #599 ) ) ;
#1661 = CARTESIAN_POINT ( 'NONE',  ( 57.84000000000012420, 3.540000000000084857, 9.000000000000001776 ) ) ;
#1662 = ADVANCED_FACE ( 'NONE', ( #613 ), #202, .F. ) ;
#1663 = CARTESIAN_POINT ( 'NONE',  ( 1.540000000000000258, 57.84000000000000341, 10.00000000000000000 ) ) ;
#1664 = ORIENTED_EDGE ( 'NONE', *, *, #301, .T. ) ;
#1665 = FACE_OUTER_BOUND ( 'NONE', #118, .T. ) ;
#1666 = DIRECTION ( 'NONE',  ( 1.000000000000000000, 0.000000000000000000, 0.000000000000000000 ) ) ;
#1667 = DIRECTION ( 'NONE',  ( 1.387778780781444413E-14, -1.000000000000000000, 0.000000000000000000 ) ) ;
#1668 = ORIENTED_EDGE ( 'NONE', *, *, #3641, .T. ) ;
#1669 = CARTESIAN_POINT ( 'NONE',  ( 1.540000000000006031, 11.16000000000000369, 10.00000000000000000 ) ) ;
#1670 = FACE_OUTER_BOUND ( 'NONE', #1853, .T. ) ;
#1671 = DIRECTION ( 'NONE',  ( 0.000000000000000000, -1.000000000000000000, 0.000000000000000000 ) ) ;
#1672 = VERTEX_POINT ( 'NONE', #1987 ) ;
#1673 = ORIENTED_EDGE ( 'NONE', *, *, #2995, .F. ) ;
#1674 = CARTESIAN_POINT ( 'NONE',  ( 58.83999999999965524, 67.46000000000026375, 9.000000000000001776 ) ) ;
#1675 = LINE ( 'NONE', #4118, #3484 ) ;
#1676 = FACE_OUTER_BOUND ( 'NONE', #2536, .T. ) ;
#1677 = CARTESIAN_POINT ( 'NONE',  ( 5.079999999999999183, 68.00000000000000000, 10.00000000000000000 ) ) ;
#1678 = CARTESIAN_POINT ( 'NONE',  ( 7.369213562373099435, 63.92000000000000171, 9.000000000000001776 ) ) ;
#1679 = ORIENTED_EDGE ( 'NONE', *, *, #1205, .F. ) ;
#1680 = CARTESIAN_POINT ( 'NONE',  ( 1.000000000000000000, 63.92000000000000171, 9.000000000000001776 ) ) ;
#1681 = DIRECTION ( 'NONE',  ( 0.000000000000000000, -0.000000000000000000, -1.000000000000000000 ) ) ;
#1682 = ADVANCED_FACE ( 'NONE', ( #1665 ), #2013, .T. ) ;
#1683 = DIRECTION ( 'NONE',  ( 2.081668171172166620E-14, -1.000000000000000000, 0.000000000000000000 ) ) ;
#1684 = EDGE_CURVE ( 'NONE', #630, #4504, #3070, .T. ) ;
#1685 = ORIENTED_EDGE ( 'NONE', *, *, #2044, .F. ) ;
#1686 = DIRECTION ( 'NONE',  ( -1.000000000000000000, 0.000000000000000000, 0.000000000000000000 ) ) ;
#1687 = VECTOR ( 'NONE', #2403, 1000.000000000000000 ) ;
#1688 = AXIS2_PLACEMENT_3D ( 'NONE', #3834, #1726, #1747 ) ;
#1689 = DIRECTION ( 'NONE',  ( 0.000000000000000000, 0.000000000000000000, 1.000000000000000000 ) ) ;
#1690 = ORIENTED_EDGE ( 'NONE', *, *, #2301, .F. ) ;
#1691 = CARTESIAN_POINT ( 'NONE',  ( 5.080000000000000071, 63.92000000000000171, 0.000000000000000000 ) ) ;
#1692 = VECTOR ( 'NONE', #4423, 1000.000000000000000 ) ;
#1693 = CARTESIAN_POINT ( 'NONE',  ( 2.790786437626913585, 63.92000000000000171, 0.000000000000000000 ) ) ;
#1694 = VECTOR ( 'NONE', #1444, 1000.000000000000114 ) ;
#1695 = EDGE_LOOP ( 'NONE', ( #182, #1438, #4250, #1651 ) ) ;
#1696 = EDGE_LOOP ( 'NONE', ( #1582, #1259, #2095, #2108 ) ) ;
#1697 = CARTESIAN_POINT ( 'NONE',  ( 8.539999999999999147, 57.84000000000000341, 0.000000000000000000 ) ) ;
#1698 = TOROIDAL_SURFACE ( 'NONE', #1992, 2.289213562373099364, 1.000000000000000000 ) ;
#1699 = CARTESIAN_POINT ( 'NONE',  ( 10.16000000000011383, 7.539999999999912106, 0.000000000000000000 ) ) ;
#1700 = LINE ( 'NONE', #2094, #1701 ) ;
#1701 = VECTOR ( 'NONE', #1658, 1000.000000000000000 ) ;
#1702 = ORIENTED_EDGE ( 'NONE', *, *, #2330, .T. ) ;
#1703 = FACE_OUTER_BOUND ( 'NONE', #2967, .T. ) ;
#1704 = DIRECTION ( 'NONE',  ( -0.000000000000000000, -0.000000000000000000, -1.000000000000000000 ) ) ;
#1705 = CARTESIAN_POINT ( 'NONE',  ( 5.080000000000000071, 5.080000000000000959, 10.00000000000000000 ) ) ;
#1706 = AXIS2_PLACEMENT_3D ( 'NONE', #864, #500, #143 ) ;
#1707 = VECTOR ( 'NONE', #1432, 1000.000000000000000 ) ;
#1708 = DIRECTION ( 'NONE',  ( 0.000000000000000000, 0.000000000000000000, 1.000000000000000000 ) ) ;
#1709 = LINE ( 'NONE', #2399, #1471 ) ;
#1710 = EDGE_LOOP ( 'NONE', ( #691, #448, #1429, #1807 ) ) ;
#1711 = AXIS2_PLACEMENT_3D ( 'NONE', #2165, #3634, #2550 ) ;
#1712 = EDGE_CURVE ( 'NONE', #2339, #2370, #665, .T. ) ;
#1713 = VECTOR ( 'NONE', #402, 1000.000000000000000 ) ;
#1714 = ADVANCED_FACE ( 'NONE', ( #3776 ), #2731, .F. ) ;
#1715 = CARTESIAN_POINT ( 'NONE',  ( 11.15999999999966796, 66.45999999999976637, 0.000000000000000000 ) ) ;
#1716 = AXIS2_PLACEMENT_3D ( 'NONE', #2117, #2406, #3890 ) ;
#1717 = DIRECTION ( 'NONE',  ( 1.644696328280507019E-15, -1.000000000000000000, 0.000000000000000000 ) ) ;
#1718 = EDGE_LOOP ( 'NONE', ( #4256, #3381, #936, #3960 ) ) ;
#1719 = CIRCLE ( 'NONE', #16, 2.000000000000000888 ) ;
#1720 = EDGE_CURVE ( 'NONE', #2960, #3036, #215, .T. ) ;
#1721 = CARTESIAN_POINT ( 'NONE',  ( 61.46000000000001506, 57.84000000000001762, 9.000000000000001776 ) ) ;
#1722 = ORIENTED_EDGE ( 'NONE', *, *, #3138, .T. ) ;
#1723 = EDGE_LOOP ( 'NONE', ( #1493, #1540, #2382, #4498 ) ) ;
#1724 = CARTESIAN_POINT ( 'NONE',  ( 62.79500000000001592, 5.080000000000015170, 0.7499999999999964473 ) ) ;
#1725 = CARTESIAN_POINT ( 'NONE',  ( 5.080000000000126192, 5.079999999999895266, 0.000000000000000000 ) ) ;
#1726 = DIRECTION ( 'NONE',  ( -0.000000000000000000, -0.000000000000000000, -1.000000000000000000 ) ) ;
#1727 = DIRECTION ( 'NONE',  ( -1.000000000000000000, 0.000000000000000000, 0.000000000000000000 ) ) ;
#1728 = EDGE_LOOP ( 'NONE', ( #1181, #4, #1732, #2512 ) ) ;
#1729 = CARTESIAN_POINT ( 'NONE',  ( 66.46000000000002217, 10.16000000000001613, 1.000000000000000000 ) ) ;
#1730 = ORIENTED_EDGE ( 'NONE', *, *, #276, .F. ) ;
#1731 = EDGE_CURVE ( 'NONE', #1531, #4144, #4359, .T. ) ;
#1732 = ORIENTED_EDGE ( 'NONE', *, *, #4243, .F. ) ;
#1733 = DIRECTION ( 'NONE',  ( 1.000000000000000000, 0.000000000000000000, 0.000000000000000000 ) ) ;
#1734 = ADVANCED_FACE ( 'NONE', ( #2759 ), #4178, .T. ) ;
#1735 = CARTESIAN_POINT ( 'NONE',  ( 63.91999999999971038, 62.79500000000032145, 0.000000000000000000 ) ) ;
#1736 = DIRECTION ( 'NONE',  ( -2.011273595335420437E-16, 1.000000000000000000, 0.000000000000000000 ) ) ;
#1737 = ORIENTED_EDGE ( 'NONE', *, *, #1846, .T. ) ;
#1738 = VERTEX_POINT ( 'NONE', #973 ) ;
#1739 = AXIS2_PLACEMENT_3D ( 'NONE', #2920, #1179, #2562 ) ;
#1740 = EDGE_CURVE ( 'NONE', #237, #937, #3392, .T. ) ;
#1741 = DIRECTION ( 'NONE',  ( -2.652234927188185774E-15, 1.000000000000000000, 0.000000000000000000 ) ) ;
#1742 = ORIENTED_EDGE ( 'NONE', *, *, #2273, .T. ) ;
#1743 = ADVANCED_FACE ( 'NONE', ( #3802 ), #58, .T. ) ;
#1744 = ORIENTED_EDGE ( 'NONE', *, *, #4203, .F. ) ;
#1745 = DIRECTION ( 'NONE',  ( 1.040834085586083310E-14, -1.000000000000000000, 0.000000000000000000 ) ) ;
#1746 = CARTESIAN_POINT ( 'NONE',  ( 5.079999999999999183, 68.00000000000000000, 1.000000000000000000 ) ) ;
#1747 = DIRECTION ( 'NONE',  ( -1.000000000000000000, 0.000000000000000000, 0.000000000000000000 ) ) ;
#1748 = DIRECTION ( 'NONE',  ( 1.233581138472395244E-14, -1.000000000000000000, 0.000000000000000000 ) ) ;
#1749 = ORIENTED_EDGE ( 'NONE', *, *, #584, .T. ) ;
#1750 = LINE ( 'NONE', #3168, #4164 ) ;
#1751 = DIRECTION ( 'NONE',  ( 1.000000000000000000, 0.000000000000000000, 0.000000000000000000 ) ) ;
#1752 = ORIENTED_EDGE ( 'NONE', *, *, #3110, .T. ) ;
#1753 = CARTESIAN_POINT ( 'NONE',  ( 69.00000000000000000, 63.92000000000001592, 9.000000000000001776 ) ) ;
#1754 = VERTEX_POINT ( 'NONE', #308 ) ;
#1755 = AXIS2_PLACEMENT_3D ( 'NONE', #2509, #1408, #22 ) ;
#1756 = CIRCLE ( 'NONE', #1036, 1.000000000000000000 ) ;
#1757 = CARTESIAN_POINT ( 'NONE',  ( 57.83999999999973340, 60.46000000000026375, 9.000000000000001776 ) ) ;
#1758 = CIRCLE ( 'NONE', #1908, 1.000000000000000000 ) ;
#1759 = EDGE_LOOP ( 'NONE', ( #3257, #2338, #1565, #4398 ) ) ;
#1760 = DIRECTION ( 'NONE',  ( -1.247233394806660679E-16, 1.000000000000000000, -0.000000000000000000 ) ) ;
#1761 = AXIS2_PLACEMENT_3D ( 'NONE', #4413, #2548, #2644 ) ;
#1762 = EDGE_CURVE ( 'NONE', #2033, #2874, #2876, .T. ) ;
#1763 = EDGE_CURVE ( 'NONE', #4353, #937, #1616, .T. ) ;
#1764 = CIRCLE ( 'NONE', #598, 2.000000000000000444 ) ;
#1765 = DIRECTION ( 'NONE',  ( 0.000000000000000000, 0.000000000000000000, -1.000000000000000000 ) ) ;
#1766 = CARTESIAN_POINT ( 'NONE',  ( 60.46000000000001506, 57.84000000000001762, 0.000000000000000000 ) ) ;
#1767 = ORIENTED_EDGE ( 'NONE', *, *, #1522, .T. ) ;
#1768 = DIRECTION ( 'NONE',  ( -1.000000000000000000, -0.000000000000000000, -0.000000000000000000 ) ) ;
#1769 = CARTESIAN_POINT ( 'NONE',  ( 65.46000000000002217, 9.160000000000016129, 0.000000000000000000 ) ) ;
#1770 = EDGE_CURVE ( 'NONE', #4230, #887, #2653, .T. ) ;
#1771 = CIRCLE ( 'NONE', #3335, 1.000000000000000888 ) ;
#1772 = CIRCLE ( 'NONE', #3417, 1.125000000000000888 ) ;
#1773 = ORIENTED_EDGE ( 'NONE', *, *, #2386, .F. ) ;
#1774 = CARTESIAN_POINT ( 'NONE',  ( 63.91999999999969617, 63.92000000000032145, 10.00000000000000000 ) ) ;
#1775 = VECTOR ( 'NONE', #3178, 1000.000000000000000 ) ;
#1776 = AXIS2_PLACEMENT_3D ( 'NONE', #334, #3141, #3094 ) ;
#1777 = FACE_OUTER_BOUND ( 'NONE', #1134, .T. ) ;
#1778 = DIRECTION ( 'NONE',  ( 1.247233394806660679E-16, -1.000000000000000000, 0.000000000000000000 ) ) ;
#1779 = AXIS2_PLACEMENT_3D ( 'NONE', #4442, #2648, #4073 ) ;
#1780 = AXIS2_PLACEMENT_3D ( 'NONE', #2000, #4483, #2024 ) ;
#1781 = ORIENTED_EDGE ( 'NONE', *, *, #2330, .F. ) ;
#1782 = CIRCLE ( 'NONE', #2009, 2.289213562373083821 ) ;
#1783 = CIRCLE ( 'NONE', #4165, 4.080000000000000959 ) ;
#1784 = CARTESIAN_POINT ( 'NONE',  ( 5.079999999999999183, 68.00000000000000000, 9.000000000000001776 ) ) ;
#1785 = ORIENTED_EDGE ( 'NONE', *, *, #3309, .T. ) ;
#1786 = CARTESIAN_POINT ( 'NONE',  ( 61.46000000000001506, 57.84000000000001762, 10.00000000000000000 ) ) ;
#1787 = CARTESIAN_POINT ( 'NONE',  ( 2.540000000000006253, 11.16000000000000369, 9.000000000000001776 ) ) ;
#1788 = EDGE_CURVE ( 'NONE', #3775, #1369, #655, .T. ) ;
#1789 = FACE_OUTER_BOUND ( 'NONE', #862, .T. ) ;
#1790 = ORIENTED_EDGE ( 'NONE', *, *, #3662, .F. ) ;
#1791 = CARTESIAN_POINT ( 'NONE',  ( 63.91999999999967486, 65.50210678118686758, 9.707106781186546129 ) ) ;
#1792 = DIRECTION ( 'NONE',  ( 2.011273595335426354E-16, -1.000000000000000000, 0.000000000000000000 ) ) ;
#1793 = EDGE_CURVE ( 'NONE', #4105, #3382, #3702, .T. ) ;
#1794 = FACE_OUTER_BOUND ( 'NONE', #3029, .T. ) ;
#1795 = ORIENTED_EDGE ( 'NONE', *, *, #70, .T. ) ;
#1796 = EDGE_CURVE ( 'NONE', #4066, #3403, #1247, .T. ) ;
#1797 = CARTESIAN_POINT ( 'NONE',  ( 58.83999999999966946, 66.46000000000026375, 0.000000000000000000 ) ) ;
#1798 = LINE ( 'NONE', #1017, #2351 ) ;
#1799 = DIRECTION ( 'NONE',  ( -3.469446951953614583E-15, 1.000000000000000000, 0.000000000000000000 ) ) ;
#1800 = ORIENTED_EDGE ( 'NONE', *, *, #534, .T. ) ;
#1801 = VERTEX_POINT ( 'NONE', #716 ) ;
#1802 = CARTESIAN_POINT ( 'NONE',  ( 65.46000000000002217, 11.16000000000001791, 0.000000000000000000 ) ) ;
#1803 = EDGE_LOOP ( 'NONE', ( #412, #788, #106, #1288 ) ) ;
#1804 = DIRECTION ( 'NONE',  ( 1.000000000000000000, 0.000000000000000000, 0.000000000000000000 ) ) ;
#1805 = DIRECTION ( 'NONE',  ( -3.469446951953611033E-15, 1.000000000000000000, 0.000000000000000000 ) ) ;
#1806 = AXIS2_PLACEMENT_3D ( 'NONE', #3824, #3757, #1717 ) ;
#1807 = ORIENTED_EDGE ( 'NONE', *, *, #3971, .T. ) ;
#1808 = CARTESIAN_POINT ( 'NONE',  ( 10.16000000000013337, 1.539999999999912772, 9.000000000000001776 ) ) ;
#1809 = VERTEX_POINT ( 'NONE', #697 ) ;
#1810 = DIRECTION ( 'NONE',  ( 0.000000000000000000, -0.000000000000000000, -1.000000000000000000 ) ) ;
#1811 = CYLINDRICAL_SURFACE ( 'NONE', #2655, 1.000000000000000888 ) ;
#1812 = ADVANCED_FACE ( 'NONE', ( #21 ), #4435, .T. ) ;
#1813 = DIRECTION ( 'NONE',  ( -0.7071067811865451302, 0.000000000000000000, 0.7071067811865499042 ) ) ;
#1814 = ORIENTED_EDGE ( 'NONE', *, *, #673, .T. ) ;
#1815 = CARTESIAN_POINT ( 'NONE',  ( 6.540000000000000924, 59.84000000000000341, 10.00000000000000000 ) ) ;
#1816 = EDGE_CURVE ( 'NONE', #4105, #3846, #2144, .T. ) ;
#1817 = EDGE_CURVE ( 'NONE', #1149, #3608, #957, .T. ) ;
#1818 = CARTESIAN_POINT ( 'NONE',  ( 7.540000000000006253, 11.16000000000000369, 1.000000000000000000 ) ) ;
#1819 = DIRECTION ( 'NONE',  ( 0.000000000000000000, -1.000000000000000000, 0.000000000000000000 ) ) ;
#1820 = VERTEX_POINT ( 'NONE', #3551 ) ;
#1821 = ORIENTED_EDGE ( 'NONE', *, *, #1315, .F. ) ;
#1822 =( NAMED_UNIT ( * ) SI_UNIT ( $, .STERADIAN. ) SOLID_ANGLE_UNIT ( ) );
#1823 = EDGE_LOOP ( 'NONE', ( #2430, #2969, #1673, #467 ) ) ;
#1824 = LINE ( 'NONE', #1786, #3127 ) ;
#1825 = AXIS2_PLACEMENT_3D ( 'NONE', #2761, #656, #2779 ) ;
#1826 = CIRCLE ( 'NONE', #3106, 2.000000000000000000 ) ;
#1827 = DIRECTION ( 'NONE',  ( -3.469446951953617344E-15, 1.000000000000000000, 0.000000000000000000 ) ) ;
#1828 = AXIS2_PLACEMENT_3D ( 'NONE', #2608, #3621, #2240 ) ;
#1829 = CIRCLE ( 'NONE', #796, 1.000000000000000000 ) ;
#1830 = ORIENTED_EDGE ( 'NONE', *, *, #3586, .F. ) ;
#1831 = CARTESIAN_POINT ( 'NONE',  ( 3.540000000000005809, 11.16000000000000369, 0.000000000000000000 ) ) ;
#1832 = VERTEX_POINT ( 'NONE', #1753 ) ;
#1833 = CARTESIAN_POINT ( 'NONE',  ( 10.15999999999966796, 66.45999999999975216, 0.000000000000000000 ) ) ;
#1834 = DIRECTION ( 'NONE',  ( 1.000000000000000000, 0.000000000000000000, 0.000000000000000000 ) ) ;
#1835 = VECTOR ( 'NONE', #345, 1000.000000000000000 ) ;
#1836 = ORIENTED_EDGE ( 'NONE', *, *, #2678, .T. ) ;
#1837 = AXIS2_PLACEMENT_3D ( 'NONE', #4174, #1704, #876 ) ;
#1838 = CARTESIAN_POINT ( 'NONE',  ( 57.84000000000011710, 6.540000000000084412, 10.00000000000000000 ) ) ;
#1839 = TOROIDAL_SURFACE ( 'NONE', #71, 2.000000000000000000, 1.000000000000000000 ) ;
#1840 = DIRECTION ( 'NONE',  ( 0.000000000000000000, 0.000000000000000000, -1.000000000000000000 ) ) ;
#1841 = CARTESIAN_POINT ( 'NONE',  ( 5.080000000000126192, 5.079999999999895266, 9.249999999999994671 ) ) ;
#1842 = EDGE_CURVE ( 'NONE', #2628, #2991, #1764, .T. ) ;
#1843 = EDGE_LOOP ( 'NONE', ( #3179, #2634, #2258, #96 ) ) ;
#1844 = AXIS2_PLACEMENT_3D ( 'NONE', #2333, #2315, #950 ) ;
#1845 = ORIENTED_EDGE ( 'NONE', *, *, #4209, .F. ) ;
#1846 = EDGE_CURVE ( 'NONE', #3600, #1513, #1798, .T. ) ;
#1847 = ORIENTED_EDGE ( 'NONE', *, *, #3239, .T. ) ;
#1848 = CIRCLE ( 'NONE', #4448, 1.125000000000000888 ) ;
#1849 = LINE ( 'NONE', #3274, #731 ) ;
#1850 = AXIS2_PLACEMENT_3D ( 'NONE', #4255, #3604, #423 ) ;
#1851 = AXIS2_PLACEMENT_3D ( 'NONE', #763, #909, #3393 ) ;
#1852 = DIRECTION ( 'NONE',  ( -1.000000000000000000, 0.000000000000000000, 0.000000000000000000 ) ) ;
#1853 = EDGE_LOOP ( 'NONE', ( #4385, #3066, #3655, #898 ) ) ;
#1854 = DIRECTION ( 'NONE',  ( 1.000000000000000000, 0.000000000000000000, 0.000000000000000000 ) ) ;
#1855 = EDGE_CURVE ( 'NONE', #3293, #668, #3556, .T. ) ;
#1856 = AXIS2_PLACEMENT_3D ( 'NONE', #1459, #2882, #4300 ) ;
#1857 = AXIS2_PLACEMENT_3D ( 'NONE', #1434, #3883, #1113 ) ;
#1858 = ADVANCED_FACE ( 'NONE', ( #2084 ), #4282, .F. ) ;
#1859 = CARTESIAN_POINT ( 'NONE',  ( 63.92000000000001592, 5.080000000000015170, 9.249999999999994671 ) ) ;
#1860 = ORIENTED_EDGE ( 'NONE', *, *, #3923, .F. ) ;
#1861 = ORIENTED_EDGE ( 'NONE', *, *, #1532, .T. ) ;
#1862 = DIRECTION ( 'NONE',  ( 1.000000000000000000, 0.000000000000000000, 0.000000000000000000 ) ) ;
#1863 = DIRECTION ( 'NONE',  ( -0.000000000000000000, -1.000000000000000000, 0.000000000000000000 ) ) ;
#1864 = AXIS2_PLACEMENT_3D ( 'NONE', #2651, #2326, #535 ) ;
#1865 = ORIENTED_EDGE ( 'NONE', *, *, #2243, .T. ) ;
#1866 = CARTESIAN_POINT ( 'NONE',  ( 6.205000000000001847, 63.92000000000000171, 0.7499999999999964473 ) ) ;
#1867 = CARTESIAN_POINT ( 'NONE',  ( 6.540000000000006253, 9.160000000000001918, 10.00000000000000000 ) ) ;
#1868 = DIRECTION ( 'NONE',  ( 0.000000000000000000, 0.000000000000000000, 1.000000000000000000 ) ) ;
#1869 = EDGE_LOOP ( 'NONE', ( #3810, #1785, #2377, #4131 ) ) ;
#1870 = VERTEX_POINT ( 'NONE', #4196 ) ;
#1871 = ORIENTED_EDGE ( 'NONE', *, *, #2962, .T. ) ;
#1872 = ADVANCED_FACE ( 'NONE', ( #1777 ), #1042, .F. ) ;
#1873 = DIRECTION ( 'NONE',  ( -1.000000000000000000, -3.616204678323799768E-15, 0.000000000000000000 ) ) ;
#1874 = CARTESIAN_POINT ( 'NONE',  ( 63.91999999999971038, 62.33789321881378953, 0.2928932188134569792 ) ) ;
#1875 = ORIENTED_EDGE ( 'NONE', *, *, #4269, .F. ) ;
#1876 = DIRECTION ( 'NONE',  ( -1.047444401652940007E-14, 1.000000000000000000, 0.000000000000000000 ) ) ;
#1877 = EDGE_CURVE ( 'NONE', #803, #4436, #3515, .T. ) ;
#1878 = CARTESIAN_POINT ( 'NONE',  ( 11.16000000000011383, 7.539999999999915659, 0.000000000000000000 ) ) ;
#1879 = EDGE_CURVE ( 'NONE', #3584, #4105, #3202, .T. ) ;
#1880 = ORIENTED_EDGE ( 'NONE', *, *, #1397, .T. ) ;
#1881 = ORIENTED_EDGE ( 'NONE', *, *, #4517, .F. ) ;
#1882 = CARTESIAN_POINT ( 'NONE',  ( 58.84000000000011710, 7.540000000000087077, 9.000000000000001776 ) ) ;
#1883 = CARTESIAN_POINT ( 'NONE',  ( 66.46000000000002217, 11.16000000000001791, 10.00000000000000000 ) ) ;
#1884 = CARTESIAN_POINT ( 'NONE',  ( -2.703055937828498516E-13, 60.45999999999965269, 1.000000000000000000 ) ) ;
#1885 = ORIENTED_EDGE ( 'NONE', *, *, #1998, .T. ) ;
#1886 = CARTESIAN_POINT ( 'NONE',  ( 0.000000000000000000, 63.92000000000000171, 9.000000000000001776 ) ) ;
#1887 = FACE_BOUND ( 'NONE', #813, .T. ) ;
#1888 = CARTESIAN_POINT ( 'NONE',  ( 65.46000000000002217, 57.84000000000001762, 1.000000000000000000 ) ) ;
#1889 = ORIENTED_EDGE ( 'NONE', *, *, #722, .T. ) ;
#1890 = ORIENTED_EDGE ( 'NONE', *, *, #1315, .T. ) ;
#1891 = EDGE_LOOP ( 'NONE', ( #839, #498, #1897, #3312 ) ) ;
#1892 = CARTESIAN_POINT ( 'NONE',  ( 0.000000000000000000, 63.92000000000000171, 10.00000000000000000 ) ) ;
#1893 = CARTESIAN_POINT ( 'NONE',  ( 59.84000000000013131, 3.540000000000091518, 10.00000000000000000 ) ) ;
#1894 = ORIENTED_EDGE ( 'NONE', *, *, #3730, .F. ) ;
#1895 = DIRECTION ( 'NONE',  ( -1.000000000000000000, 0.000000000000000000, -0.000000000000000000 ) ) ;
#1896 = DIRECTION ( 'NONE',  ( -0.000000000000000000, -0.000000000000000000, -1.000000000000000000 ) ) ;
#1897 = ORIENTED_EDGE ( 'NONE', *, *, #1507, .T. ) ;
#1898 = EDGE_CURVE ( 'NONE', #2182, #4172, #2847, .T. ) ;
#1899 = VERTEX_POINT ( 'NONE', #1818 ) ;
#1900 = DIRECTION ( 'NONE',  ( 1.000000000000000000, 0.000000000000000000, 0.000000000000000000 ) ) ;
#1901 = DIRECTION ( 'NONE',  ( -7.319954787623221335E-15, 0.7071067811865451302, 0.7071067811865499042 ) ) ;
#1902 = ADVANCED_FACE ( 'NONE', ( #1080 ), #1066, .F. ) ;
#1903 = VECTOR ( 'NONE', #2891, 1000.000000000000000 ) ;
#1904 = CIRCLE ( 'NONE', #4142, 2.000000000000001776 ) ;
#1905 = DIRECTION ( 'NONE',  ( -1.000000000000000000, 0.000000000000000000, 0.000000000000000000 ) ) ;
#1906 = EDGE_CURVE ( 'NONE', #3629, #2363, #4247, .T. ) ;
#1907 = EDGE_LOOP ( 'NONE', ( #2071, #711, #4085, #4017 ) ) ;
#1908 = AXIS2_PLACEMENT_3D ( 'NONE', #89, #3341, #1172 ) ;
#1909 = CARTESIAN_POINT ( 'NONE',  ( 66.46000000000002217, 57.84000000000001762, 1.000000000000000000 ) ) ;
#1910 = FACE_BOUND ( 'NONE', #2428, .T. ) ;
#1911 = AXIS2_PLACEMENT_3D ( 'NONE', #2422, #2827, #3850 ) ;
#1912 = DIRECTION ( 'NONE',  ( -1.000000000000000000, -1.047444401652940007E-14, 0.000000000000000000 ) ) ;
#1913 = VERTEX_POINT ( 'NONE', #760 ) ;
#1914 = EDGE_LOOP ( 'NONE', ( #3651, #2395, #1821, #489 ) ) ;
#1915 = ORIENTED_EDGE ( 'NONE', *, *, #2549, .F. ) ;
#1916 = AXIS2_PLACEMENT_3D ( 'NONE', #3695, #1574, #3654 ) ;
#1917 = CARTESIAN_POINT ( 'NONE',  ( 6.662106781186535542, 63.92000000000000171, 0.2928932188134569792 ) ) ;
#1918 = CARTESIAN_POINT ( 'NONE',  ( 62.46000000000001506, 10.16000000000001613, 9.000000000000001776 ) ) ;
#1919 = AXIS2_PLACEMENT_3D ( 'NONE', #3324, #2247, #1925 ) ;
#1920 = DIRECTION ( 'NONE',  ( -3.491481338843133355E-15, 1.000000000000000000, -0.000000000000000000 ) ) ;
#1921 = ORIENTED_EDGE ( 'NONE', *, *, #248, .T. ) ;
#1922 = FACE_OUTER_BOUND ( 'NONE', #2037, .T. ) ;
#1923 = CIRCLE ( 'NONE', #3501, 1.000000000000000000 ) ;
#1924 = ADVANCED_FACE ( 'NONE', ( #2168 ), #3876, .F. ) ;
#1925 = DIRECTION ( 'NONE',  ( 0.000000000000000000, 0.000000000000000000, -1.000000000000000000 ) ) ;
#1926 = EDGE_LOOP ( 'NONE', ( #2040, #2297, #1679, #4080 ) ) ;
#1927 = CIRCLE ( 'NONE', #1711, 1.000000000000000888 ) ;
#1928 = AXIS2_PLACEMENT_3D ( 'NONE', #44, #3228, #3601 ) ;
#1929 = ORIENTED_EDGE ( 'NONE', *, *, #4490, .F. ) ;
#1930 = LINE ( 'NONE', #2675, #814 ) ;
#1931 = FACE_OUTER_BOUND ( 'NONE', #1509, .T. ) ;
#1932 = CARTESIAN_POINT ( 'NONE',  ( 3.540000000000005809, 11.16000000000000369, 10.00000000000000000 ) ) ;
#1933 = ADVANCED_FACE ( 'NONE', ( #1910, #1511, #57, #1887, #1536, #128, #2914, #2209, #1940 ), #1467, .T. ) ;
#1934 = AXIS2_PLACEMENT_3D ( 'NONE', #2483, #282, #977 ) ;
#1935 = DIRECTION ( 'NONE',  ( 0.000000000000000000, 0.000000000000000000, 1.000000000000000000 ) ) ;
#1936 = VERTEX_POINT ( 'NONE', #1217 ) ;
#1937 = CONICAL_SURFACE ( 'NONE', #4241, 1.874999999999987788, 0.7853981633974419507 ) ;
#1938 = DIRECTION ( 'NONE',  ( 1.000000000000000000, 0.000000000000000000, 0.000000000000000000 ) ) ;
#1939 = EDGE_CURVE ( 'NONE', #133, #2052, #825, .T. ) ;
#1940 = FACE_BOUND ( 'NONE', #422, .T. ) ;
#1941 = DIRECTION ( 'NONE',  ( -0.000000000000000000, 0.000000000000000000, -1.000000000000000000 ) ) ;
#1942 = ADVANCED_FACE ( 'NONE', ( #4005 ), #871, .T. ) ;
#1943 = ORIENTED_EDGE ( 'NONE', *, *, #3940, .F. ) ;
#1944 = CARTESIAN_POINT ( 'NONE',  ( 63.91999999999969617, 63.92000000000032145, 0.000000000000000000 ) ) ;
#1945 = ORIENTED_EDGE ( 'NONE', *, *, #3061, .T. ) ;
#1946 = DIRECTION ( 'NONE',  ( 0.000000000000000000, 0.000000000000000000, -1.000000000000000000 ) ) ;
#1947 = CARTESIAN_POINT ( 'NONE',  ( 57.84000000000013131, 1.540000000000084857, 1.000000000000000000 ) ) ;
#1948 = CARTESIAN_POINT ( 'NONE',  ( 63.91999999999968196, 65.04500000000032855, 9.249999999999994671 ) ) ;
#1949 = ORIENTED_EDGE ( 'NONE', *, *, #1254, .F. ) ;
#1950 = DIRECTION ( 'NONE',  ( 2.382254525458708003E-15, -0.7071067811865451302, 0.7071067811865499042 ) ) ;
#1951 = DIRECTION ( 'NONE',  ( 0.000000000000000000, 1.000000000000000000, 0.000000000000000000 ) ) ;
#1952 = CARTESIAN_POINT ( 'NONE',  ( 67.46000000000000796, 69.00000000000001421, 0.000000000000000000 ) ) ;
#1953 = ORIENTED_EDGE ( 'NONE', *, *, #307, .T. ) ;
#1954 = ORIENTED_EDGE ( 'NONE', *, *, #1939, .T. ) ;
#1955 = CARTESIAN_POINT ( 'NONE',  ( 11.16000000000011383, 8.539999999999915659, 0.000000000000000000 ) ) ;
#1956 = CARTESIAN_POINT ( 'NONE',  ( 63.92000000000001592, 5.080000000000015170, 9.707106781186546129 ) ) ;
#1957 = DIRECTION ( 'NONE',  ( 0.000000000000000000, 1.000000000000000000, 0.000000000000000000 ) ) ;
#1958 = AXIS2_PLACEMENT_3D ( 'NONE', #493, #1591, #2631 ) ;
#1959 = CARTESIAN_POINT ( 'NONE',  ( 5.080000000000126192, 5.079999999999895266, 0.000000000000000000 ) ) ;
#1960 = EDGE_LOOP ( 'NONE', ( #2170, #3686, #4447, #2612 ) ) ;
#1961 = TOROIDAL_SURFACE ( 'NONE', #3225, 2.289213562373086930, 1.000000000000000000 ) ;
#1962 = DIRECTION ( 'NONE',  ( 0.000000000000000000, 0.000000000000000000, 1.000000000000000000 ) ) ;
#1963 = ORIENTED_EDGE ( 'NONE', *, *, #4574, .T. ) ;
#1964 = ADVANCED_FACE ( 'NONE', ( #2280 ), #2235, .T. ) ;
#1965 = ORIENTED_EDGE ( 'NONE', *, *, #2328, .T. ) ;
#1966 = EDGE_CURVE ( 'NONE', #3150, #3522, #3977, .T. ) ;
#1967 = DIRECTION ( 'NONE',  ( 0.000000000000000000, 1.000000000000000000, 0.000000000000000000 ) ) ;
#1968 = DIRECTION ( 'NONE',  ( 0.000000000000000000, -1.000000000000000000, 0.000000000000000000 ) ) ;
#1969 = LINE ( 'NONE', #4111, #227 ) ;
#1970 = ORIENTED_EDGE ( 'NONE', *, *, #1939, .F. ) ;
#1971 = CARTESIAN_POINT ( 'NONE',  ( 3.954999999999998295, 63.92000000000000171, 0.7499999999999964473 ) ) ;
#1972 = CARTESIAN_POINT ( 'NONE',  ( 66.46000000000002217, 58.84000000000001762, 0.000000000000000000 ) ) ;
#1973 = DIRECTION ( 'NONE',  ( -0.000000000000000000, -0.000000000000000000, -1.000000000000000000 ) ) ;
#1974 = ORIENTED_EDGE ( 'NONE', *, *, #4206, .T. ) ;
#1975 = VERTEX_POINT ( 'NONE', #3638 ) ;
#1976 = CARTESIAN_POINT ( 'NONE',  ( 63.92000000000000171, 63.92000000000001592, 9.000000000000001776 ) ) ;
#1977 = DIRECTION ( 'NONE',  ( -1.000000000000000000, 0.000000000000000000, 0.000000000000000000 ) ) ;
#1978 = DIRECTION ( 'NONE',  ( 1.000000000000000000, 0.000000000000000000, 0.000000000000000000 ) ) ;
#1979 = CARTESIAN_POINT ( 'NONE',  ( 0.000000000000000000, 0.000000000000000000, 10.00000000000000000 ) ) ;
#1980 = ORIENTED_EDGE ( 'NONE', *, *, #2683, .F. ) ;
#1981 = CARTESIAN_POINT ( 'NONE',  ( 6.540000000000000924, 58.84000000000000341, 1.000000000000000000 ) ) ;
#1982 = VECTOR ( 'NONE', #15, 1000.000000000000000 ) ;
#1983 = AXIS2_PLACEMENT_3D ( 'NONE', #4015, #2352, #3418 ) ;
#1984 = EDGE_LOOP ( 'NONE', ( #2657, #658, #2708, #4210 ) ) ;
#1985 = VECTOR ( 'NONE', #919, 1000.000000000000000 ) ;
#1986 = AXIS2_PLACEMENT_3D ( 'NONE', #4150, #567, #1967 ) ;
#1987 = CARTESIAN_POINT ( 'NONE',  ( 63.92000000000000171, 69.00000000000001421, 0.9999999999999991118 ) ) ;
#1988 = ADVANCED_FACE ( 'NONE', ( #1171 ), #3663, .T. ) ;
#1989 = CARTESIAN_POINT ( 'NONE',  ( 63.91999999999969617, 63.92000000000032145, 10.00000000000000000 ) ) ;
#1990 = CARTESIAN_POINT ( 'NONE',  ( 59.84000000000013841, 2.540000000000091962, 10.00000000000000000 ) ) ;
#1991 = EDGE_CURVE ( 'NONE', #3713, #3522, #2730, .T. ) ;
#1992 = AXIS2_PLACEMENT_3D ( 'NONE', #2855, #2476, #1502 ) ;
#1993 = ORIENTED_EDGE ( 'NONE', *, *, #946, .T. ) ;
#1994 = DIRECTION ( 'NONE',  ( 1.000000000000000000, 0.000000000000000000, 0.000000000000000000 ) ) ;
#1995 = DIRECTION ( 'NONE',  ( 1.233581138472395244E-14, -1.000000000000000000, 0.000000000000000000 ) ) ;
#1996 = PLANE ( 'NONE',  #3579 ) ;
#1997 = ORIENTED_EDGE ( 'NONE', *, *, #2273, .F. ) ;
#1998 = EDGE_CURVE ( 'NONE', #804, #928, #299, .T. ) ;
#1999 = EDGE_LOOP ( 'NONE', ( #687, #3827, #4067, #2239 ) ) ;
#2000 = CARTESIAN_POINT ( 'NONE',  ( 69.00000000000001421, 59.84000000000001762, 1.000000000000000000 ) ) ;
#2001 = FACE_BOUND ( 'NONE', #4570, .T. ) ;
#2002 = VECTOR ( 'NONE', #186, 1000.000000000000114 ) ;
#2003 = AXIS2_PLACEMENT_3D ( 'NONE', #1258, #1303, #3449 ) ;
#2004 = CIRCLE ( 'NONE', #7, 1.000000000000000000 ) ;
#2005 = DIRECTION ( 'NONE',  ( 0.000000000000000000, 0.000000000000000000, 1.000000000000000000 ) ) ;
#2006 = CARTESIAN_POINT ( 'NONE',  ( 2.790786437626913585, 63.92000000000000171, 1.000000000000000000 ) ) ;
#2007 = ORIENTED_EDGE ( 'NONE', *, *, #3611, .T. ) ;
#2008 = LINE ( 'NONE', #870, #3278 ) ;
#2009 = AXIS2_PLACEMENT_3D ( 'NONE', #103, #2953, #2479 ) ;
#2010 = AXIS2_PLACEMENT_3D ( 'NONE', #4092, #4406, #1228 ) ;
#2011 = AXIS2_PLACEMENT_3D ( 'NONE', #2183, #2207, #36 ) ;
#2012 = ORIENTED_EDGE ( 'NONE', *, *, #2811, .F. ) ;
#2013 = CYLINDRICAL_SURFACE ( 'NONE', #2491, 1.000000000000000000 ) ;
#2014 = CARTESIAN_POINT ( 'NONE',  ( 62.46000000000001506, 57.84000000000001762, 0.000000000000000000 ) ) ;
#2015 = CARTESIAN_POINT ( 'NONE',  ( 3.540000000000005809, 11.16000000000000369, 0.000000000000000000 ) ) ;
#2016 = ORIENTED_EDGE ( 'NONE', *, *, #3611, .F. ) ;
#2017 = CARTESIAN_POINT ( 'NONE',  ( 65.46000000000002217, 57.84000000000001762, 9.000000000000001776 ) ) ;
#2018 = EDGE_CURVE ( 'NONE', #3043, #4327, #732, .T. ) ;
#2019 = EDGE_CURVE ( 'NONE', #4436, #937, #2063, .T. ) ;
#2020 = DIRECTION ( 'NONE',  ( 0.000000000000000000, 0.000000000000000000, 1.000000000000000000 ) ) ;
#2021 = CARTESIAN_POINT ( 'NONE',  ( 0.000000000000000000, 5.080000000000000959, 10.00000000000000000 ) ) ;
#2022 = EDGE_LOOP ( 'NONE', ( #1767, #3016 ) ) ;
#2023 = ORIENTED_EDGE ( 'NONE', *, *, #1656, .T. ) ;
#2024 = DIRECTION ( 'NONE',  ( 0.000000000000000000, 0.000000000000000000, -1.000000000000000000 ) ) ;
#2025 = CARTESIAN_POINT ( 'NONE',  ( 11.16000000000011383, 7.539999999999915659, 1.000000000000000000 ) ) ;
#2026 = EDGE_CURVE ( 'NONE', #3608, #4271, #1324, .T. ) ;
#2027 = ADVANCED_FACE ( 'NONE', ( #87 ), #4330, .F. ) ;
#2028 = CARTESIAN_POINT ( 'NONE',  ( 58.83999999999971209, 62.46000000000027086, 9.000000000000001776 ) ) ;
#2029 = ORIENTED_EDGE ( 'NONE', *, *, #4035, .T. ) ;
#2030 = CARTESIAN_POINT ( 'NONE',  ( 57.83999999999965524, 67.46000000000026375, 10.00000000000000000 ) ) ;
#2031 = DIRECTION ( 'NONE',  ( 0.000000000000000000, -1.000000000000000000, 0.000000000000000000 ) ) ;
#2032 = TOROIDAL_SURFACE ( 'NONE', #262, 2.000000000000000000, 1.000000000000000000 ) ;
#2033 = VERTEX_POINT ( 'NONE', #1867 ) ;
#2034 = CARTESIAN_POINT ( 'NONE',  ( 0.000000000000000000, 59.84000000000000341, 1.000000000000000000 ) ) ;
#2035 = FACE_OUTER_BOUND ( 'NONE', #4422, .T. ) ;
#2036 = FACE_OUTER_BOUND ( 'NONE', #1843, .T. ) ;
#2037 = EDGE_LOOP ( 'NONE', ( #2408, #398, #1607, #2736 ) ) ;
#2038 = DIRECTION ( 'NONE',  ( -1.247233394806660679E-16, 1.000000000000000000, 0.000000000000000000 ) ) ;
#2039 = CARTESIAN_POINT ( 'NONE',  ( 69.00000000000000000, 8.450062914116737844E-15, 10.00000000000000000 ) ) ;
#2040 = ORIENTED_EDGE ( 'NONE', *, *, #100, .F. ) ;
#2041 = VERTEX_POINT ( 'NONE', #4026 ) ;
#2042 = DIRECTION ( 'NONE',  ( 1.000000000000000000, 0.000000000000000000, 0.000000000000000000 ) ) ;
#2043 = DIRECTION ( 'NONE',  ( -8.771713750829472270E-15, 1.000000000000000000, 0.000000000000000000 ) ) ;
#2044 = EDGE_CURVE ( 'NONE', #4526, #179, #2959, .T. ) ;
#2045 = CARTESIAN_POINT ( 'NONE',  ( 69.00000000000000000, 63.92000000000001592, 10.00000000000000000 ) ) ;
#2046 = DIRECTION ( 'NONE',  ( -0.000000000000000000, -0.000000000000000000, -1.000000000000000000 ) ) ;
#2047 = ORIENTED_EDGE ( 'NONE', *, *, #1291, .T. ) ;
#2048 = EDGE_CURVE ( 'NONE', #3042, #3895, #3684, .T. ) ;
#2049 = DIRECTION ( 'NONE',  ( 0.000000000000000000, 1.000000000000000000, -0.000000000000000000 ) ) ;
#2050 = PLANE ( 'NONE',  #4139 ) ;
#2051 = DIRECTION ( 'NONE',  ( -1.000000000000000000, -3.491481338843133750E-15, 0.000000000000000000 ) ) ;
#2052 = VERTEX_POINT ( 'NONE', #321 ) ;
#2053 = AXIS2_PLACEMENT_3D ( 'NONE', #1130, #3597, #1799 ) ;
#2054 = TOROIDAL_SURFACE ( 'NONE', #1163, 2.289213562373099364, 1.000000000000000000 ) ;
#2055 = DIRECTION ( 'NONE',  ( 0.000000000000000000, 0.000000000000000000, 1.000000000000000000 ) ) ;
#2056 = VECTOR ( 'NONE', #3520, 1000.000000000000000 ) ;
#2057 = CIRCLE ( 'NONE', #4506, 1.000000000000000888 ) ;
#2058 = CARTESIAN_POINT ( 'NONE',  ( 60.46000000000001506, 69.00000000000001421, 1.000000000000000000 ) ) ;
#2059 = LINE ( 'NONE', #2302, #967 ) ;
#2060 = VERTEX_POINT ( 'NONE', #2093 ) ;
#2061 = CIRCLE ( 'NONE', #2645, 2.000000000000001776 ) ;
#2062 = CARTESIAN_POINT ( 'NONE',  ( 57.83999999999971209, 62.46000000000026375, 1.000000000000000000 ) ) ;
#2063 = CIRCLE ( 'NONE', #3180, 1.582106781186550126 ) ;
#2064 = ORIENTED_EDGE ( 'NONE', *, *, #3425, .F. ) ;
#2065 = AXIS2_PLACEMENT_3D ( 'NONE', #2752, #513, #2312 ) ;
#2066 = ORIENTED_EDGE ( 'NONE', *, *, #332, .F. ) ;
#2067 = DIRECTION ( 'NONE',  ( 0.000000000000000000, 0.000000000000000000, 1.000000000000000000 ) ) ;
#2068 = AXIS2_PLACEMENT_3D ( 'NONE', #2132, #749, #2835 ) ;
#2069 = FACE_OUTER_BOUND ( 'NONE', #2198, .T. ) ;
#2070 = CARTESIAN_POINT ( 'NONE',  ( 58.84000000000013131, 3.540000000000088409, 9.000000000000001776 ) ) ;
#2071 = ORIENTED_EDGE ( 'NONE', *, *, #2379, .T. ) ;
#2072 = CARTESIAN_POINT ( 'NONE',  ( 0.000000000000000000, 63.92000000000000171, 0.9999999999999991118 ) ) ;
#2073 = CYLINDRICAL_SURFACE ( 'NONE', #4072, 1.000000000000000888 ) ;
#2074 = ADVANCED_FACE ( 'NONE', ( #2069 ), #1028, .F. ) ;
#2075 = CIRCLE ( 'NONE', #2439, 1.000000000000000888 ) ;
#2076 = VECTOR ( 'NONE', #616, 1000.000000000000114 ) ;
#2077 = COLOUR_RGB ( '',0.7921568627450980005, 0.8196078431372548767, 0.9333333333333333481 ) ;
#2078 = EDGE_CURVE ( 'NONE', #1870, #2976, #1542, .T. ) ;
#2079 = ORIENTED_EDGE ( 'NONE', *, *, #621, .F. ) ;
#2080 = CIRCLE ( 'NONE', #2373, 1.000000000000000000 ) ;
#2081 = CIRCLE ( 'NONE', #3573, 1.000000000000000000 ) ;
#2082 = EDGE_CURVE ( 'NONE', #4112, #514, #3145, .T. ) ;
#2083 = EDGE_CURVE ( 'NONE', #668, #3656, #4170, .T. ) ;
#2084 = FACE_OUTER_BOUND ( 'NONE', #209, .T. ) ;
#2085 = AXIS2_PLACEMENT_3D ( 'NONE', #1078, #618, #2737 ) ;
#2086 = DIRECTION ( 'NONE',  ( 0.000000000000000000, 0.000000000000000000, -1.000000000000000000 ) ) ;
#2087 = VERTEX_POINT ( 'NONE', #1057 ) ;
#2088 = AXIS2_PLACEMENT_3D ( 'NONE', #4122, #4394, #507 ) ;
#2089 = DIRECTION ( 'NONE',  ( 2.081668171172166620E-14, -1.000000000000000000, 0.000000000000000000 ) ) ;
#2090 = EDGE_LOOP ( 'NONE', ( #1890, #2916, #1398, #1970 ) ) ;
#2091 = ORIENTED_EDGE ( 'NONE', *, *, #1740, .F. ) ;
#2092 = CARTESIAN_POINT ( 'NONE',  ( 1.000000000000000000, 0.000000000000000000, 0.000000000000000000 ) ) ;
#2093 = CARTESIAN_POINT ( 'NONE',  ( 57.84000000000013131, 2.540000000000085301, 1.000000000000000000 ) ) ;
#2094 = CARTESIAN_POINT ( 'NONE',  ( 3.540000000000005809, 10.16000000000000192, 10.00000000000000000 ) ) ;
#2095 = ORIENTED_EDGE ( 'NONE', *, *, #203, .T. ) ;
#2096 = LINE ( 'NONE', #1729, #3504 ) ;
#2097 = DIRECTION ( 'NONE',  ( 1.000000000000000000, 3.491481338843133355E-15, 0.000000000000000000 ) ) ;
#2098 = CARTESIAN_POINT ( 'NONE',  ( 66.46000000000002217, 58.84000000000001762, 9.000000000000001776 ) ) ;
#2099 = EDGE_LOOP ( 'NONE', ( #802, #3567, #132, #2461 ) ) ;
#2100 = EDGE_CURVE ( 'NONE', #1176, #3010, #177, .T. ) ;
#2101 = DIRECTION ( 'NONE',  ( 0.000000000000000000, 0.000000000000000000, 1.000000000000000000 ) ) ;
#2102 = PLANE ( 'NONE',  #2420 ) ;
#2103 = EDGE_CURVE ( 'NONE', #2805, #3450, #1353, .T. ) ;
#2104 = ORIENTED_EDGE ( 'NONE', *, *, #2202, .T. ) ;
#2105 = EDGE_CURVE ( 'NONE', #2960, #877, #1177, .T. ) ;
#2106 = DIRECTION ( 'NONE',  ( 0.000000000000000000, 1.000000000000000000, 0.000000000000000000 ) ) ;
#2107 = ORIENTED_EDGE ( 'NONE', *, *, #2347, .F. ) ;
#2108 = ORIENTED_EDGE ( 'NONE', *, *, #3388, .T. ) ;
#2109 = CARTESIAN_POINT ( 'NONE',  ( 6.540000000000006253, 11.16000000000000369, 0.000000000000000000 ) ) ;
#2110 = FACE_OUTER_BOUND ( 'NONE', #3521, .T. ) ;
#2111 = CARTESIAN_POINT ( 'NONE',  ( 11.16000000000013515, 1.539999999999916547, 0.000000000000000000 ) ) ;
#2112 = EDGE_LOOP ( 'NONE', ( #1232, #3617, #1246, #3909 ) ) ;
#2113 = DIRECTION ( 'NONE',  ( 1.156482317317870344E-14, -1.000000000000000000, 0.000000000000000000 ) ) ;
#2114 = CARTESIAN_POINT ( 'NONE',  ( -3.444997652749203043E-13, 67.45999999999963848, 0.000000000000000000 ) ) ;
#2115 = CARTESIAN_POINT ( 'NONE',  ( 62.79500000000001592, 5.080000000000015170, 9.249999999999994671 ) ) ;
#2116 = ORIENTED_EDGE ( 'NONE', *, *, #63, .F. ) ;
#2117 = CARTESIAN_POINT ( 'NONE',  ( 11.15999999999971060, 62.45999999999977348, 0.000000000000000000 ) ) ;
#2118 = LINE ( 'NONE', #1735, #1903 ) ;
#2119 = EDGE_LOOP ( 'NONE', ( #4493, #995, #4177, #1077 ) ) ;
#2120 = VERTEX_POINT ( 'NONE', #338 ) ;
#2121 = ADVANCED_FACE ( 'NONE', ( #3830 ), #2652, .T. ) ;
#2122 = AXIS2_PLACEMENT_3D ( 'NONE', #737, #3877, #346 ) ;
#2123 = VECTOR ( 'NONE', #817, 1000.000000000000000 ) ;
#2124 = EDGE_CURVE ( 'NONE', #192, #2283, #2804, .T. ) ;
#2125 = LINE ( 'NONE', #1449, #1707 ) ;
#2126 = AXIS2_PLACEMENT_3D ( 'NONE', #2556, #3013, #2282 ) ;
#2127 = ORIENTED_EDGE ( 'NONE', *, *, #2083, .F. ) ;
#2128 = CARTESIAN_POINT ( 'NONE',  ( 6.540000000000000924, 57.84000000000000341, 9.000000000000001776 ) ) ;
#2129 = VECTOR ( 'NONE', #3034, 1000.000000000000000 ) ;
#2130 = ADVANCED_FACE ( 'NONE', ( #3815 ), #4578, .T. ) ;
#2131 = AXIS2_PLACEMENT_3D ( 'NONE', #508, #3707, #485 ) ;
#2132 = CARTESIAN_POINT ( 'NONE',  ( 65.46000000000002217, 11.16000000000001791, 9.000000000000001776 ) ) ;
#2133 = EDGE_CURVE ( 'NONE', #2607, #733, #2138, .T. ) ;
#2134 = DIRECTION ( 'NONE',  ( 0.000000000000000000, 0.000000000000000000, 1.000000000000000000 ) ) ;
#2135 = VERTEX_POINT ( 'NONE', #689 ) ;
#2136 = LINE ( 'NONE', #3969, #2671 ) ;
#2137 = DIRECTION ( 'NONE',  ( 0.000000000000000000, 0.000000000000000000, 1.000000000000000000 ) ) ;
#2138 = CIRCLE ( 'NONE', #140, 2.000000000000001776 ) ;
#2139 = TOROIDAL_SURFACE ( 'NONE', #146, 2.000000000000000000, 1.000000000000000000 ) ;
#2140 = VERTEX_POINT ( 'NONE', #293 ) ;
#2141 = DIRECTION ( 'NONE',  ( 0.000000000000000000, 0.000000000000000000, 1.000000000000000000 ) ) ;
#2142 = TOROIDAL_SURFACE ( 'NONE', #1706, 2.000000000000000000, 1.000000000000000000 ) ;
#2143 = AXIS2_PLACEMENT_3D ( 'NONE', #709, #3187, #4183 ) ;
#2144 = LINE ( 'NONE', #3240, #1835 ) ;
#2145 = CARTESIAN_POINT ( 'NONE',  ( 7.369213562373087001, 63.92000000000000171, 1.000000000000000000 ) ) ;
#2146 = VECTOR ( 'NONE', #303, 1000.000000000000000 ) ;
#2147 = TOROIDAL_SURFACE ( 'NONE', #4088, 2.000000000000000000, 1.000000000000000000 ) ;
#2148 = PRODUCT_DEFINITION ( 'UNKNOWN', '', #3468, #2522 ) ;
#2149 = ORIENTED_EDGE ( 'NONE', *, *, #2044, .T. ) ;
#2150 = ORIENTED_EDGE ( 'NONE', *, *, #974, .F. ) ;
#2151 = AXIS2_PLACEMENT_3D ( 'NONE', #3867, #3480, #2113 ) ;
#2152 = VECTOR ( 'NONE', #715, 1000.000000000000000 ) ;
#2153 = DIRECTION ( 'NONE',  ( 0.000000000000000000, 0.000000000000000000, -1.000000000000000000 ) ) ;
#2154 = CARTESIAN_POINT ( 'NONE',  ( 6.540000000000000924, 57.84000000000000341, 9.000000000000001776 ) ) ;
#2155 = CIRCLE ( 'NONE', #3134, 5.080000000000000071 ) ;
#2156 = EDGE_LOOP ( 'NONE', ( #254, #1038 ) ) ;
#2157 = CARTESIAN_POINT ( 'NONE',  ( 57.84000000000011710, 6.540000000000084412, 1.000000000000000000 ) ) ;
#2158 = CARTESIAN_POINT ( 'NONE',  ( 11.15999999999971060, 62.45999999999977348, 0.000000000000000000 ) ) ;
#2159 = CARTESIAN_POINT ( 'NONE',  ( 6.540000000000000924, 59.84000000000000341, 1.000000000000000000 ) ) ;
#2160 = EDGE_CURVE ( 'NONE', #1820, #4526, #3848, .T. ) ;
#2161 = ORIENTED_EDGE ( 'NONE', *, *, #4002, .F. ) ;
#2162 = CARTESIAN_POINT ( 'NONE',  ( 69.00000000000001421, 9.160000000000016129, 0.000000000000000000 ) ) ;
#2163 = DIRECTION ( 'NONE',  ( -1.000000000000000000, 0.000000000000000000, 0.000000000000000000 ) ) ;
#2164 = EDGE_CURVE ( 'NONE', #2052, #2596, #3253, .T. ) ;
#2165 = CARTESIAN_POINT ( 'NONE',  ( 63.91999999999967486, 66.20921356237343502, 9.000000000000001776 ) ) ;
#2166 = ORIENTED_EDGE ( 'NONE', *, *, #2103, .F. ) ;
#2167 = DIRECTION ( 'NONE',  ( -1.000000000000000000, 0.000000000000000000, 0.000000000000000000 ) ) ;
#2168 = FACE_OUTER_BOUND ( 'NONE', #3949, .T. ) ;
#2169 = DIRECTION ( 'NONE',  ( 1.000000000000000000, -0.000000000000000000, -0.000000000000000000 ) ) ;
#2170 = ORIENTED_EDGE ( 'NONE', *, *, #4246, .T. ) ;
#2171 = CARTESIAN_POINT ( 'NONE',  ( 57.84000000000011710, 6.540000000000084412, 1.000000000000000000 ) ) ;
#2172 = EDGE_LOOP ( 'NONE', ( #1965, #4460, #1980, #187 ) ) ;
#2173 = FACE_OUTER_BOUND ( 'NONE', #3284, .T. ) ;
#2174 = EDGE_LOOP ( 'NONE', ( #3968, #889, #719, #4455, #3055, #3763, #1685, #68 ) ) ;
#2175 = DIRECTION ( 'NONE',  ( 1.000000000000000000, 0.000000000000000000, 0.000000000000000000 ) ) ;
#2176 = ORIENTED_EDGE ( 'NONE', *, *, #945, .F. ) ;
#2177 = FACE_OUTER_BOUND ( 'NONE', #776, .T. ) ;
#2178 = DIRECTION ( 'NONE',  ( 3.469446951953614189E-15, -1.000000000000000000, 0.000000000000000000 ) ) ;
#2179 = ADVANCED_FACE ( 'NONE', ( #666 ), #1395, .F. ) ;
#2180 = EDGE_CURVE ( 'NONE', #488, #3043, #1251, .T. ) ;
#2181 = DIRECTION ( 'NONE',  ( -1.000000000000000000, -1.047444401652940007E-14, 0.000000000000000000 ) ) ;
#2182 = VERTEX_POINT ( 'NONE', #3884 ) ;
#2183 = CARTESIAN_POINT ( 'NONE',  ( 6.540000000000000924, 57.84000000000000341, 1.000000000000000000 ) ) ;
#2184 = DIRECTION ( 'NONE',  ( 1.000000000000000000, 0.000000000000000000, 0.000000000000000000 ) ) ;
#2185 = CARTESIAN_POINT ( 'NONE',  ( 11.16000000000012093, 6.539999999999916547, 1.000000000000000000 ) ) ;
#2186 = ADVANCED_FACE ( 'NONE', ( #1676 ), #3100, .T. ) ;
#2187 = ORIENTED_EDGE ( 'NONE', *, *, #1294, .F. ) ;
#2188 = VERTEX_POINT ( 'NONE', #1453 ) ;
#2189 = EDGE_LOOP ( 'NONE', ( #1484, #4582, #3206, #1131 ) ) ;
#2190 = DIRECTION ( 'NONE',  ( 0.000000000000000000, 0.000000000000000000, 1.000000000000000000 ) ) ;
#2191 = FACE_OUTER_BOUND ( 'NONE', #2419, .T. ) ;
#2192 = ORIENTED_EDGE ( 'NONE', *, *, #820, .F. ) ;
#2193 = CARTESIAN_POINT ( 'NONE',  ( 5.080000000000119087, 6.662106781186445836, 9.707106781186546129 ) ) ;
#2194 = CIRCLE ( 'NONE', #3172, 2.000000000000000888 ) ;
#2195 = DIRECTION ( 'NONE',  ( 0.000000000000000000, 0.000000000000000000, 1.000000000000000000 ) ) ;
#2196 = AXIS2_PLACEMENT_3D ( 'NONE', #233, #3443, #2660 ) ;
#2197 = AXIS2_PLACEMENT_3D ( 'NONE', #4021, #1580, #2251 ) ;
#2198 = EDGE_LOOP ( 'NONE', ( #150, #1814, #3737, #959 ) ) ;
#2199 = ORIENTED_EDGE ( 'NONE', *, *, #249, .T. ) ;
#2200 = LINE ( 'NONE', #3906, #9 ) ;
#2201 = DIRECTION ( 'NONE',  ( 0.000000000000000000, 0.000000000000000000, 1.000000000000000000 ) ) ;
#2202 = EDGE_CURVE ( 'NONE', #2571, #681, #885, .T. ) ;
#2203 = TOROIDAL_SURFACE ( 'NONE', #2068, 2.000000000000000000, 1.000000000000000000 ) ;
#2204 = ORIENTED_EDGE ( 'NONE', *, *, #1500, .T. ) ;
#2205 = AXIS2_PLACEMENT_3D ( 'NONE', #325, #4052, #1566 ) ;
#2206 = ADVANCED_FACE ( 'NONE', ( #2110 ), #1698, .T. ) ;
#2207 = DIRECTION ( 'NONE',  ( -0.000000000000000000, -0.000000000000000000, -1.000000000000000000 ) ) ;
#2208 = AXIS2_PLACEMENT_3D ( 'NONE', #3771, #2046, #3437 ) ;
#2209 = FACE_BOUND ( 'NONE', #281, .T. ) ;
#2210 = LINE ( 'NONE', #156, #3914 ) ;
#2211 = ORIENTED_EDGE ( 'NONE', *, *, #621, .T. ) ;
#2212 = ADVANCED_FACE ( 'NONE', ( #3991 ), #2877, .T. ) ;
#2213 = VECTOR ( 'NONE', #2290, 999.9999999999998863 ) ;
#2214 = ORIENTED_EDGE ( 'NONE', *, *, #1032, .T. ) ;
#2215 = TOROIDAL_SURFACE ( 'NONE', #1776, 2.000000000000000000, 1.000000000000000000 ) ;
#2216 = EDGE_LOOP ( 'NONE', ( #2325, #4040, #1145, #2801 ) ) ;
#2217 = ADVANCED_FACE ( 'NONE', ( #2905 ), #3903, .F. ) ;
#2218 = AXIS2_PLACEMENT_3D ( 'NONE', #2530, #2181, #4326 ) ;
#2219 = CARTESIAN_POINT ( 'NONE',  ( 69.00000000000011369, 8.540000000000123492, 1.000000000000000000 ) ) ;
#2220 = AXIS2_PLACEMENT_3D ( 'NONE', #2457, #4293, #2542 ) ;
#2221 = CARTESIAN_POINT ( 'NONE',  ( 57.83999999999967656, 65.46000000000026375, 9.000000000000001776 ) ) ;
#2222 = ORIENTED_EDGE ( 'NONE', *, *, #4374, .F. ) ;
#2223 = DIRECTION ( 'NONE',  ( 0.000000000000000000, 1.000000000000000000, 0.000000000000000000 ) ) ;
#2224 = CIRCLE ( 'NONE', #3640, 1.582106781186545685 ) ;
#2225 = CONICAL_SURFACE ( 'NONE', #3063, 1.874999999999988232, 0.7853981633974419507 ) ;
#2226 = FACE_OUTER_BOUND ( 'NONE', #2783, .T. ) ;
#2227 = VECTOR ( 'NONE', #176, 1000.000000000000000 ) ;
#2228 = ORIENTED_EDGE ( 'NONE', *, *, #3062, .F. ) ;
#2229 = CARTESIAN_POINT ( 'NONE',  ( 5.080000000000119087, 6.954999999999882832, 0.000000000000000000 ) ) ;
#2230 = DIRECTION ( 'NONE',  ( 0.000000000000000000, 0.000000000000000000, -1.000000000000000000 ) ) ;
#2231 = CIRCLE ( 'NONE', #894, 5.080000000000000071 ) ;
#2232 = DIRECTION ( 'NONE',  ( -1.059916735601006332E-14, 1.000000000000000000, 0.000000000000000000 ) ) ;
#2233 = ORIENTED_EDGE ( 'NONE', *, *, #3944, .F. ) ;
#2234 = DIRECTION ( 'NONE',  ( 0.000000000000000000, 0.000000000000000000, 1.000000000000000000 ) ) ;
#2235 = CYLINDRICAL_SURFACE ( 'NONE', #1537, 1.000000000000000000 ) ;
#2236 = DIRECTION ( 'NONE',  ( 0.000000000000000000, 0.000000000000000000, -1.000000000000000000 ) ) ;
#2237 = ORIENTED_EDGE ( 'NONE', *, *, #3755, .F. ) ;
#2238 = ORIENTED_EDGE ( 'NONE', *, *, #979, .F. ) ;
#2239 = ORIENTED_EDGE ( 'NONE', *, *, #4123, .T. ) ;
#2240 = DIRECTION ( 'NONE',  ( -1.040834085586083310E-14, 1.000000000000000000, 0.000000000000000000 ) ) ;
#2241 = EDGE_CURVE ( 'NONE', #4121, #2902, #3039, .T. ) ;
#2242 = DIRECTION ( 'NONE',  ( -0.000000000000000000, -1.000000000000000000, 0.000000000000000000 ) ) ;
#2243 = EDGE_CURVE ( 'NONE', #3036, #3139, #3492, .T. ) ;
#2244 = ORIENTED_EDGE ( 'NONE', *, *, #3452, .T. ) ;
#2245 = FACE_OUTER_BOUND ( 'NONE', #1637, .T. ) ;
#2246 = EDGE_CURVE ( 'NONE', #4112, #3772, #4440, .T. ) ;
#2247 = DIRECTION ( 'NONE',  ( -0.000000000000000000, -1.000000000000000000, -0.000000000000000000 ) ) ;
#2248 = ORIENTED_EDGE ( 'NONE', *, *, #1441, .T. ) ;
#2249 = ORIENTED_EDGE ( 'NONE', *, *, #424, .T. ) ;
#2250 = DIRECTION ( 'NONE',  ( 0.000000000000000000, 0.000000000000000000, 1.000000000000000000 ) ) ;
#2251 = DIRECTION ( 'NONE',  ( 1.224646799147353207E-16, -1.000000000000000000, 0.000000000000000000 ) ) ;
#2252 = DIRECTION ( 'NONE',  ( 0.7071067811865431318, 0.000000000000000000, -0.7071067811865520136 ) ) ;
#2253 = VERTEX_POINT ( 'NONE', #3925 ) ;
#2254 = DIRECTION ( 'NONE',  ( -3.428084671313985721E-15, 1.000000000000000000, 0.000000000000000000 ) ) ;
#2255 = DIRECTION ( 'NONE',  ( 0.000000000000000000, -1.000000000000000000, 0.000000000000000000 ) ) ;
#2256 = DIRECTION ( 'NONE',  ( -0.000000000000000000, -0.000000000000000000, -1.000000000000000000 ) ) ;
#2257 = EDGE_LOOP ( 'NONE', ( #1613, #1293, #4036, #1953 ) ) ;
#2258 = ORIENTED_EDGE ( 'NONE', *, *, #1592, .F. ) ;
#2259 = ORIENTED_EDGE ( 'NONE', *, *, #2246, .F. ) ;
#2260 = DIRECTION ( 'NONE',  ( -1.000000000000000000, 0.000000000000000000, 0.000000000000000000 ) ) ;
#2261 = DIRECTION ( 'NONE',  ( 0.000000000000000000, 0.000000000000000000, 1.000000000000000000 ) ) ;
#2262 = AXIS2_PLACEMENT_3D ( 'NONE', #1956, #3679, #1900 ) ;
#2263 = DIRECTION ( 'NONE',  ( 1.247233394806660679E-16, -1.000000000000000000, 0.000000000000000000 ) ) ;
#2264 = VERTEX_POINT ( 'NONE', #2495 ) ;
#2265 = DIRECTION ( 'NONE',  ( 1.156482317317870344E-14, -1.000000000000000000, 0.000000000000000000 ) ) ;
#2266 = EDGE_CURVE ( 'NONE', #3396, #2253, #1620, .T. ) ;
#2267 = ADVANCED_FACE ( 'NONE', ( #3229 ), #2203, .T. ) ;
#2268 = PLANE ( 'NONE',  #3339 ) ;
#2269 = ORIENTED_EDGE ( 'NONE', *, *, #3722, .F. ) ;
#2270 = ORIENTED_EDGE ( 'NONE', *, *, #4468, .T. ) ;
#2271 = SHAPE_DEFINITION_REPRESENTATION ( #2942, #4214 ) ;
#2272 = DIRECTION ( 'NONE',  ( 0.000000000000000000, 0.000000000000000000, 1.000000000000000000 ) ) ;
#2273 = EDGE_CURVE ( 'NONE', #4238, #1157, #223, .T. ) ;
#2274 = ADVANCED_FACE ( 'NONE', ( #403 ), #805, .T. ) ;
#2275 = VECTOR ( 'NONE', #2256, 1000.000000000000000 ) ;
#2276 = DIRECTION ( 'NONE',  ( -3.410016334956256884E-15, 1.000000000000000000, 0.000000000000000000 ) ) ;
#2277 = EDGE_LOOP ( 'NONE', ( #1350, #162, #191, #258 ) ) ;
#2278 = CIRCLE ( 'NONE', #4355, 0.9999999999999995559 ) ;
#2279 = DIRECTION ( 'NONE',  ( -1.000000000000000000, -3.616204678323799768E-15, 0.000000000000000000 ) ) ;
#2280 = FACE_OUTER_BOUND ( 'NONE', #3593, .T. ) ;
#2281 = AXIS2_PLACEMENT_3D ( 'NONE', #4308, #1129, #1199 ) ;
#2282 = DIRECTION ( 'NONE',  ( 0.000000000000000000, 0.000000000000000000, -1.000000000000000000 ) ) ;
#2283 = VERTEX_POINT ( 'NONE', #1787 ) ;
#2284 = FACE_OUTER_BOUND ( 'NONE', #3533, .T. ) ;
#2285 = EDGE_LOOP ( 'NONE', ( #218, #3271, #700, #524 ) ) ;
#2286 = AXIS2_PLACEMENT_3D ( 'NONE', #4551, #3523, #4509 ) ;
#2287 = CARTESIAN_POINT ( 'NONE',  ( 69.00000000000000000, 5.080000000000008065, 10.00000000000000000 ) ) ;
#2288 = CARTESIAN_POINT ( 'NONE',  ( 62.33789321881346268, 5.080000000000015170, 9.707106781186546129 ) ) ;
#2289 = AXIS2_PLACEMENT_3D ( 'NONE', #3083, #1354, #339 ) ;
#2290 = DIRECTION ( 'NONE',  ( 7.493145998870300518E-15, -0.7071067811865431318, -0.7071067811865520136 ) ) ;
#2291 = ORIENTED_EDGE ( 'NONE', *, *, #3530, .T. ) ;
#2292 = CARTESIAN_POINT ( 'NONE',  ( 9.160000000000119158, 6.539999999999909441, 0.000000000000000000 ) ) ;
#2293 = AXIS2_PLACEMENT_3D ( 'NONE', #518, #1920, #1319 ) ;
#2294 =( GEOMETRIC_REPRESENTATION_CONTEXT ( 3 ) GLOBAL_UNCERTAINTY_ASSIGNED_CONTEXT ( ( #354 ) ) GLOBAL_UNIT_ASSIGNED_CONTEXT ( ( #703, #4251, #1822 ) ) REPRESENTATION_CONTEXT ( 'NONE', 'WORKASPACE' ) );
#2295 = CARTESIAN_POINT ( 'NONE',  ( 63.92000000000001592, 5.080000000000015170, 0.000000000000000000 ) ) ;
#2296 = LINE ( 'NONE', #3724, #3636 ) ;
#2297 = ORIENTED_EDGE ( 'NONE', *, *, #2082, .F. ) ;
#2298 = VECTOR ( 'NONE', #1575, 1000.000000000000000 ) ;
#2299 = CIRCLE ( 'NONE', #381, 1.000000000000000888 ) ;
#2300 = VERTEX_POINT ( 'NONE', #3585 ) ;
#2301 = EDGE_CURVE ( 'NONE', #2135, #4353, #2659, .T. ) ;
#2302 = CARTESIAN_POINT ( 'NONE',  ( 58.83999999999966946, 66.46000000000026375, 1.000000000000000000 ) ) ;
#2303 = DIRECTION ( 'NONE',  ( 0.000000000000000000, 0.000000000000000000, 1.000000000000000000 ) ) ;
#2304 = AXIS2_PLACEMENT_3D ( 'NONE', #484, #3955, #463 ) ;
#2305 = EDGE_CURVE ( 'NONE', #2607, #2188, #1072, .T. ) ;
#2306 = DIRECTION ( 'NONE',  ( 1.000000000000000000, 0.000000000000000000, 0.000000000000000000 ) ) ;
#2307 = ORIENTED_EDGE ( 'NONE', *, *, #526, .F. ) ;
#2308 = EDGE_CURVE ( 'NONE', #3272, #1227, #3990, .T. ) ;
#2309 = DIRECTION ( 'NONE',  ( 0.000000000000000000, -1.000000000000000000, 0.000000000000000000 ) ) ;
#2310 = CARTESIAN_POINT ( 'NONE',  ( 63.92000000000001592, 5.080000000000015170, 1.000000000000000000 ) ) ;
#2311 = EDGE_LOOP ( 'NONE', ( #4311, #4346, #853, #3765 ) ) ;
#2312 = DIRECTION ( 'NONE',  ( -1.000000000000000000, 0.000000000000000000, 0.000000000000000000 ) ) ;
#2313 = CARTESIAN_POINT ( 'NONE',  ( 5.080000000000126192, 5.079999999999895266, 0.2928932188134569792 ) ) ;
#2314 = CARTESIAN_POINT ( 'NONE',  ( 62.46000000000001506, 9.160000000000016129, 1.000000000000000000 ) ) ;
#2315 = DIRECTION ( 'NONE',  ( 1.059916735601006648E-14, -1.000000000000000000, 0.000000000000000000 ) ) ;
#2316 = ORIENTED_EDGE ( 'NONE', *, *, #4291, .F. ) ;
#2317 = CARTESIAN_POINT ( 'NONE',  ( 9.159999999999676845, 65.45999999999975216, 1.000000000000000000 ) ) ;
#2318 = FACE_OUTER_BOUND ( 'NONE', #1000, .T. ) ;
#2319 = DIRECTION ( 'NONE',  ( 1.000000000000000000, 0.000000000000000000, 0.000000000000000000 ) ) ;
#2320 = EDGE_LOOP ( 'NONE', ( #3236, #3263, #4117, #131 ) ) ;
#2321 = ORIENTED_EDGE ( 'NONE', *, *, #2811, .T. ) ;
#2322 = CYLINDRICAL_SURFACE ( 'NONE', #2938, 5.080000000000000959 ) ;
#2323 = CARTESIAN_POINT ( 'NONE',  ( 63.91999999999967486, 66.20921356237342081, 1.000000000000000000 ) ) ;
#2324 = DIRECTION ( 'NONE',  ( -0.000000000000000000, -0.000000000000000000, -1.000000000000000000 ) ) ;
#2325 = ORIENTED_EDGE ( 'NONE', *, *, #701, .T. ) ;
#2326 = DIRECTION ( 'NONE',  ( 1.000000000000000000, 3.491481338843133355E-15, 0.000000000000000000 ) ) ;
#2327 = EDGE_CURVE ( 'NONE', #1531, #2451, #603, .T. ) ;
#2328 = EDGE_CURVE ( 'NONE', #2880, #468, #1771, .T. ) ;
#2329 = AXIS2_PLACEMENT_3D ( 'NONE', #568, #833, #1570 ) ;
#2330 = EDGE_CURVE ( 'NONE', #2952, #1375, #1329, .T. ) ;
#2331 = CARTESIAN_POINT ( 'NONE',  ( 57.84000000000011710, 6.540000000000084412, 0.000000000000000000 ) ) ;
#2332 = FACE_OUTER_BOUND ( 'NONE', #1523, .T. ) ;
#2333 = CARTESIAN_POINT ( 'NONE',  ( 58.83999999999971919, 61.46000000000027796, 0.000000000000000000 ) ) ;
#2334 = ORIENTED_EDGE ( 'NONE', *, *, #746, .T. ) ;
#2335 = FACE_OUTER_BOUND ( 'NONE', #2560, .T. ) ;
#2336 = DIRECTION ( 'NONE',  ( -1.000000000000000000, 0.000000000000000000, 0.000000000000000000 ) ) ;
#2337 = DIRECTION ( 'NONE',  ( -0.000000000000000000, -0.000000000000000000, -1.000000000000000000 ) ) ;
#2338 = ORIENTED_EDGE ( 'NONE', *, *, #3368, .F. ) ;
#2339 = VERTEX_POINT ( 'NONE', #2637 ) ;
#2340 = CARTESIAN_POINT ( 'NONE',  ( 5.080000000000126192, 5.079999999999895266, 0.000000000000000000 ) ) ;
#2341 = FACE_BOUND ( 'NONE', #2174, .T. ) ;
#2342 = EDGE_CURVE ( 'NONE', #3390, #2907, #3118, .T. ) ;
#2343 = CARTESIAN_POINT ( 'NONE',  ( 60.46000000000001506, 69.00000000000001421, 0.000000000000000000 ) ) ;
#2344 = EDGE_LOOP ( 'NONE', ( #932, #982, #758, #1313 ) ) ;
#2345 = DIRECTION ( 'NONE',  ( 0.000000000000000000, 0.000000000000000000, 1.000000000000000000 ) ) ;
#2346 = AXIS2_PLACEMENT_3D ( 'NONE', #1241, #2936, #509 ) ;
#2347 = EDGE_CURVE ( 'NONE', #2087, #3916, #4149, .T. ) ;
#2348 = CIRCLE ( 'NONE', #4573, 1.000000000000000888 ) ;
#2349 = VERTEX_POINT ( 'NONE', #4039 ) ;
#2350 = AXIS2_PLACEMENT_3D ( 'NONE', #458, #2272, #3286 ) ;
#2351 = VECTOR ( 'NONE', #1407, 999.9999999999998863 ) ;
#2352 = DIRECTION ( 'NONE',  ( -1.000000000000000000, 0.000000000000000000, 0.000000000000000000 ) ) ;
#2353 = CARTESIAN_POINT ( 'NONE',  ( 63.91999999999969617, 63.92000000000032145, 1.000000000000000000 ) ) ;
#2354 = ADVANCED_FACE ( 'NONE', ( #477 ), #1256, .T. ) ;
#2355 = PLANE ( 'NONE',  #1844 ) ;
#2356 = AXIS2_PLACEMENT_3D ( 'NONE', #4207, #708, #2433 ) ;
#2357 = VERTEX_POINT ( 'NONE', #886 ) ;
#2358 = FACE_OUTER_BOUND ( 'NONE', #2257, .T. ) ;
#2359 = ADVANCED_FACE ( 'NONE', ( #4432 ), #3706, .F. ) ;
#2360 = AXIS2_PLACEMENT_3D ( 'NONE', #360, #2477, #1437 ) ;
#2361 = CARTESIAN_POINT ( 'NONE',  ( 63.91999999999969617, 63.92000000000032145, 9.707106781186546129 ) ) ;
#2362 = DIRECTION ( 'NONE',  ( -0.000000000000000000, -0.000000000000000000, -1.000000000000000000 ) ) ;
#2363 = VERTEX_POINT ( 'NONE', #3024 ) ;
#2364 = ORIENTED_EDGE ( 'NONE', *, *, #1763, .F. ) ;
#2365 = CARTESIAN_POINT ( 'NONE',  ( 5.079999999999999183, 69.00000000000000000, 0.9999999999999991118 ) ) ;
#2366 = FACE_BOUND ( 'NONE', #4275, .T. ) ;
#2367 = AXIS2_PLACEMENT_3D ( 'NONE', #657, #1363, #1736 ) ;
#2368 = AXIS2_PLACEMENT_3D ( 'NONE', #684, #4201, #3158 ) ;
#2369 = DIRECTION ( 'NONE',  ( 0.000000000000000000, 0.000000000000000000, 1.000000000000000000 ) ) ;
#2370 = VERTEX_POINT ( 'NONE', #4387 ) ;
#2371 = CARTESIAN_POINT ( 'NONE',  ( 11.16000000000012093, 6.539999999999916547, 1.000000000000000000 ) ) ;
#2372 = CARTESIAN_POINT ( 'NONE',  ( 61.46000000000002217, 11.16000000000001791, 1.000000000000000000 ) ) ;
#2373 = AXIS2_PLACEMENT_3D ( 'NONE', #14, #4173, #1421 ) ;
#2374 = CIRCLE ( 'NONE', #1414, 2.289213562373097588 ) ;
#2375 = ADVANCED_FACE ( 'NONE', ( #2226 ), #1332, .F. ) ;
#2376 = CIRCLE ( 'NONE', #978, 4.080000000000000071 ) ;
#2377 = ORIENTED_EDGE ( 'NONE', *, *, #1314, .F. ) ;
#2378 = DIRECTION ( 'NONE',  ( -0.7071067811865451302, 8.659560562354903276E-17, 0.7071067811865499042 ) ) ;
#2379 = EDGE_CURVE ( 'NONE', #3846, #1809, #677, .T. ) ;
#2380 = DIRECTION ( 'NONE',  ( -1.000000000000000000, -2.011273595335428079E-16, 0.000000000000000000 ) ) ;
#2381 = DIRECTION ( 'NONE',  ( 3.469446951953614189E-15, -1.000000000000000000, 0.000000000000000000 ) ) ;
#2382 = ORIENTED_EDGE ( 'NONE', *, *, #305, .F. ) ;
#2383 = DIRECTION ( 'NONE',  ( -0.000000000000000000, -0.000000000000000000, -1.000000000000000000 ) ) ;
#2384 = EDGE_CURVE ( 'NONE', #1450, #2721, #1180, .T. ) ;
#2385 = FACE_OUTER_BOUND ( 'NONE', #4352, .T. ) ;
#2386 = EDGE_CURVE ( 'NONE', #192, #1504, #4443, .T. ) ;
#2387 = CARTESIAN_POINT ( 'NONE',  ( 66.46000000000002217, 59.84000000000001762, 9.000000000000001776 ) ) ;
#2388 = VERTEX_POINT ( 'NONE', #523 ) ;
#2389 = ORIENTED_EDGE ( 'NONE', *, *, #4123, .F. ) ;
#2390 = DIRECTION ( 'NONE',  ( 0.000000000000000000, 0.000000000000000000, 1.000000000000000000 ) ) ;
#2391 = CARTESIAN_POINT ( 'NONE',  ( 0.000000000000000000, 0.000000000000000000, 0.000000000000000000 ) ) ;
#2392 = CARTESIAN_POINT ( 'NONE',  ( 59.84000000000014552, 8.597922730261977584E-14, 0.000000000000000000 ) ) ;
#2393 = DIRECTION ( 'NONE',  ( -0.000000000000000000, -0.000000000000000000, 1.000000000000000000 ) ) ;
#2394 = DIRECTION ( 'NONE',  ( 0.000000000000000000, 0.000000000000000000, 1.000000000000000000 ) ) ;
#2395 = ORIENTED_EDGE ( 'NONE', *, *, #2347, .T. ) ;
#2396 = DIRECTION ( 'NONE',  ( 1.040834085586083310E-14, -1.000000000000000000, 0.000000000000000000 ) ) ;
#2397 = LINE ( 'NONE', #4555, #660 ) ;
#2398 = DIRECTION ( 'NONE',  ( 0.000000000000000000, 0.000000000000000000, -1.000000000000000000 ) ) ;
#2399 = CARTESIAN_POINT ( 'NONE',  ( 58.83999999999967656, 65.46000000000026375, 0.000000000000000000 ) ) ;
#2400 = CIRCLE ( 'NONE', #3003, 1.000000000000000000 ) ;
#2401 = ORIENTED_EDGE ( 'NONE', *, *, #3670, .T. ) ;
#2402 = DIRECTION ( 'NONE',  ( 1.224646799147353207E-16, 1.000000000000000000, -0.000000000000000000 ) ) ;
#2403 = DIRECTION ( 'NONE',  ( 3.491481338843133355E-15, -1.000000000000000000, -0.000000000000000000 ) ) ;
#2404 = DIRECTION ( 'NONE',  ( -3.491481338843133355E-15, 1.000000000000000000, -0.000000000000000000 ) ) ;
#2405 = ORIENTED_EDGE ( 'NONE', *, *, #3367, .T. ) ;
#2406 = DIRECTION ( 'NONE',  ( 0.000000000000000000, 0.000000000000000000, -1.000000000000000000 ) ) ;
#2407 = DIRECTION ( 'NONE',  ( 0.000000000000000000, 1.000000000000000000, -0.000000000000000000 ) ) ;
#2408 = ORIENTED_EDGE ( 'NONE', *, *, #3309, .F. ) ;
#2409 = EDGE_CURVE ( 'NONE', #4091, #438, #812, .T. ) ;
#2410 = ORIENTED_EDGE ( 'NONE', *, *, #3105, .F. ) ;
#2411 = DIRECTION ( 'NONE',  ( 1.000000000000000000, 3.616204678323799768E-15, -0.000000000000000000 ) ) ;
#2412 = CARTESIAN_POINT ( 'NONE',  ( 7.540000000000000036, 57.84000000000000341, 0.000000000000000000 ) ) ;
#2413 = ADVANCED_FACE ( 'NONE', ( #2318 ), #2139, .T. ) ;
#2414 = ORIENTED_EDGE ( 'NONE', *, *, #3610, .T. ) ;
#2415 = DIRECTION ( 'NONE',  ( 0.000000000000000000, 0.000000000000000000, 1.000000000000000000 ) ) ;
#2416 = DIRECTION ( 'NONE',  ( -1.000000000000000000, -0.000000000000000000, 0.000000000000000000 ) ) ;
#2417 = CYLINDRICAL_SURFACE ( 'NONE', #2518, 5.080000000000000071 ) ;
#2418 = ADVANCED_FACE ( 'NONE', ( #838 ), #3379, .T. ) ;
#2419 = EDGE_LOOP ( 'NONE', ( #3525, #1495, #2698, #265 ) ) ;
#2420 = AXIS2_PLACEMENT_3D ( 'NONE', #3893, #3580, #1778 ) ;
#2421 = VECTOR ( 'NONE', #363, 1000.000000000000000 ) ;
#2422 = CARTESIAN_POINT ( 'NONE',  ( 58.84000000000013841, 2.540000000000088409, 0.000000000000000000 ) ) ;
#2423 = AXIS2_PLACEMENT_3D ( 'NONE', #1569, #854, #94 ) ;
#2424 = AXIS2_PLACEMENT_3D ( 'NONE', #194, #1604, #2677 ) ;
#2425 = LINE ( 'NONE', #4522, #2487 ) ;
#2426 = ORIENTED_EDGE ( 'NONE', *, *, #3779, .F. ) ;
#2427 = DIRECTION ( 'NONE',  ( 0.000000000000000000, 0.000000000000000000, 1.000000000000000000 ) ) ;
#2428 = EDGE_LOOP ( 'NONE', ( #564, #1749, #1515, #2932, #1068, #1954, #663, #3416 ) ) ;
#2429 = AXIS2_PLACEMENT_3D ( 'NONE', #2839, #408, #2859 ) ;
#2430 = ORIENTED_EDGE ( 'NONE', *, *, #1770, .T. ) ;
#2431 = LINE ( 'NONE', #2808, #2511 ) ;
#2432 = CIRCLE ( 'NONE', #447, 2.289213562373086486 ) ;
#2433 = DIRECTION ( 'NONE',  ( 0.000000000000000000, 0.000000000000000000, 1.000000000000000000 ) ) ;
#2434 = DIRECTION ( 'NONE',  ( -0.000000000000000000, -0.000000000000000000, -1.000000000000000000 ) ) ;
#2435 = AXIS2_PLACEMENT_3D ( 'NONE', #236, #1225, #4454 ) ;
#2436 = EDGE_LOOP ( 'NONE', ( #4341, #2047, #3142, #2791 ) ) ;
#2437 = LINE ( 'NONE', #2774, #972 ) ;
#2438 = CARTESIAN_POINT ( 'NONE',  ( 63.92000000000000171, 63.92000000000001592, 0.000000000000000000 ) ) ;
#2439 = AXIS2_PLACEMENT_3D ( 'NONE', #4370, #2324, #149 ) ;
#2440 = EDGE_CURVE ( 'NONE', #4327, #2525, #1625, .T. ) ;
#2441 = AXIS2_PLACEMENT_3D ( 'NONE', #2922, #69, #1804 ) ;
#2442 = AXIS2_PLACEMENT_3D ( 'NONE', #1784, #1852, #2489 ) ;
#2443 = ADVANCED_FACE ( 'NONE', ( #1229 ), #2268, .F. ) ;
#2444 = ORIENTED_EDGE ( 'NONE', *, *, #1170, .F. ) ;
#2445 = AXIS2_PLACEMENT_3D ( 'NONE', #3950, #1159, #426 ) ;
#2446 = CIRCLE ( 'NONE', #3196, 1.000000000000000000 ) ;
#2447 = DIRECTION ( 'NONE',  ( -0.000000000000000000, 0.000000000000000000, -1.000000000000000000 ) ) ;
#2448 = AXIS2_PLACEMENT_3D ( 'NONE', #2505, #1128, #3264 ) ;
#2449 = CARTESIAN_POINT ( 'NONE',  ( 59.84000000000013131, 3.540000000000091518, 0.000000000000000000 ) ) ;
#2450 = DIRECTION ( 'NONE',  ( 1.000000000000000000, 0.000000000000000000, 0.000000000000000000 ) ) ;
#2451 = VERTEX_POINT ( 'NONE', #1549 ) ;
#2452 = CIRCLE ( 'NONE', #1279, 1.000000000000000000 ) ;
#2453 = CARTESIAN_POINT ( 'NONE',  ( 65.46000000000002217, 9.160000000000016129, 1.000000000000000000 ) ) ;
#2454 = CARTESIAN_POINT ( 'NONE',  ( 60.46000000000001506, 57.84000000000001762, 9.000000000000001776 ) ) ;
#2455 = ORIENTED_EDGE ( 'NONE', *, *, #4525, .T. ) ;
#2456 = ORIENTED_EDGE ( 'NONE', *, *, #471, .F. ) ;
#2457 = CARTESIAN_POINT ( 'NONE',  ( 9.160000000000126263, 3.539999999999908997, 9.000000000000001776 ) ) ;
#2458 = APPLICATION_CONTEXT ( 'automotive_design' ) ;
#2459 = DIRECTION ( 'NONE',  ( 1.000000000000000000, 0.000000000000000000, 0.000000000000000000 ) ) ;
#2460 = CARTESIAN_POINT ( 'NONE',  ( 68.00000000000000000, 63.92000000000001592, 10.00000000000000000 ) ) ;
#2461 = ORIENTED_EDGE ( 'NONE', *, *, #1684, .F. ) ;
#2462 = PLANE ( 'NONE',  #314 ) ;
#2463 = CARTESIAN_POINT ( 'NONE',  ( 3.540000000000005809, 10.16000000000000192, 9.000000000000001776 ) ) ;
#2464 = ORIENTED_EDGE ( 'NONE', *, *, #900, .F. ) ;
#2465 = ADVANCED_FACE ( 'NONE', ( #3399 ), #1839, .T. ) ;
#2466 = EDGE_CURVE ( 'NONE', #1167, #606, #2432, .T. ) ;
#2467 = DIRECTION ( 'NONE',  ( 0.000000000000000000, 0.000000000000000000, 1.000000000000000000 ) ) ;
#2468 = DIRECTION ( 'NONE',  ( 0.000000000000000000, 0.000000000000000000, 1.000000000000000000 ) ) ;
#2469 = EDGE_CURVE ( 'NONE', #1899, #3116, #1265, .T. ) ;
#2470 = EDGE_LOOP ( 'NONE', ( #419, #2741, #378, #3946 ) ) ;
#2471 = EDGE_CURVE ( 'NONE', #4411, #3886, #4224, .T. ) ;
#2472 = CARTESIAN_POINT ( 'NONE',  ( 5.080000000000000071, 63.92000000000000171, 1.000000000000000000 ) ) ;
#2473 = CARTESIAN_POINT ( 'NONE',  ( 67.46000000000002217, 57.84000000000001762, 0.000000000000000000 ) ) ;
#2474 = ORIENTED_EDGE ( 'NONE', *, *, #4269, .T. ) ;
#2475 = DIRECTION ( 'NONE',  ( -1.000000000000000000, 0.000000000000000000, 0.000000000000000000 ) ) ;
#2476 = DIRECTION ( 'NONE',  ( 0.000000000000000000, 0.000000000000000000, 1.000000000000000000 ) ) ;
#2477 = DIRECTION ( 'NONE',  ( -1.000000000000000000, -1.059916735601006648E-14, 0.000000000000000000 ) ) ;
#2478 = ORIENTED_EDGE ( 'NONE', *, *, #1223, .F. ) ;
#2479 = DIRECTION ( 'NONE',  ( 1.212450252428893265E-14, -1.000000000000000000, 0.000000000000000000 ) ) ;
#2480 = CARTESIAN_POINT ( 'NONE',  ( 66.46000000000002217, 57.84000000000001762, 0.000000000000000000 ) ) ;
#2481 = CARTESIAN_POINT ( 'NONE',  ( 61.46000000000002217, 9.160000000000016129, 10.00000000000000000 ) ) ;
#2482 = ORIENTED_EDGE ( 'NONE', *, *, #4397, .F. ) ;
#2483 = CARTESIAN_POINT ( 'NONE',  ( 63.92000000000000171, 63.92000000000001592, 0.9999999999999991118 ) ) ;
#2484 = CARTESIAN_POINT ( 'NONE',  ( 57.84000000000012420, 3.540000000000084857, 0.000000000000000000 ) ) ;
#2485 = DIRECTION ( 'NONE',  ( -1.247233394806660679E-16, 1.000000000000000000, 0.000000000000000000 ) ) ;
#2486 = ORIENTED_EDGE ( 'NONE', *, *, #1816, .T. ) ;
#2487 = VECTOR ( 'NONE', #1645, 1000.000000000000000 ) ;
#2488 = EDGE_CURVE ( 'NONE', #216, #606, #2738, .T. ) ;
#2489 = DIRECTION ( 'NONE',  ( 0.000000000000000000, 0.000000000000000000, 1.000000000000000000 ) ) ;
#2490 = EDGE_CURVE ( 'NONE', #3036, #2960, #528, .T. ) ;
#2491 = AXIS2_PLACEMENT_3D ( 'NONE', #2034, #3089, #2055 ) ;
#2492 = ORIENTED_EDGE ( 'NONE', *, *, #2026, .F. ) ;
#2493 = DIRECTION ( 'NONE',  ( 0.000000000000000000, 0.000000000000000000, 1.000000000000000000 ) ) ;
#2494 = AXIS2_PLACEMENT_3D ( 'NONE', #2313, #3739, #585 ) ;
#2495 = CARTESIAN_POINT ( 'NONE',  ( 5.080000000000134186, 2.790786437626808336, 0.000000000000000000 ) ) ;
#2496 = LINE ( 'NONE', #2611, #4226 ) ;
#2497 = ORIENTED_EDGE ( 'NONE', *, *, #2018, .T. ) ;
#2498 = DIRECTION ( 'NONE',  ( -3.491481338843133355E-15, 1.000000000000000000, 0.000000000000000000 ) ) ;
#2499 = DIRECTION ( 'NONE',  ( 1.000000000000000000, 0.000000000000000000, 0.000000000000000000 ) ) ;
#2500 = VECTOR ( 'NONE', #1240, 1000.000000000000000 ) ;
#2501 = AXIS2_PLACEMENT_3D ( 'NONE', #629, #1396, #2394 ) ;
#2502 = AXIS2_PLACEMENT_3D ( 'NONE', #4314, #1133, #3208 ) ;
#2503 = LINE ( 'NONE', #2481, #380 ) ;
#2504 = ORIENTED_EDGE ( 'NONE', *, *, #2603, .T. ) ;
#2505 = CARTESIAN_POINT ( 'NONE',  ( 63.92000000000001592, 5.080000000000015170, 0.2928932188134569792 ) ) ;
#2506 = VECTOR ( 'NONE', #257, 1000.000000000000000 ) ;
#2507 = AXIS2_PLACEMENT_3D ( 'NONE', #4479, #1302, #955 ) ;
#2508 = DIRECTION ( 'NONE',  ( 1.000000000000000000, 0.000000000000000000, 0.000000000000000000 ) ) ;
#2509 = CARTESIAN_POINT ( 'NONE',  ( 65.46000000000002217, 11.16000000000001791, 1.000000000000000000 ) ) ;
#2510 = VECTOR ( 'NONE', #557, 1000.000000000000000 ) ;
#2511 = VECTOR ( 'NONE', #2411, 1000.000000000000000 ) ;
#2512 = ORIENTED_EDGE ( 'NONE', *, *, #1770, .F. ) ;
#2513 = ORIENTED_EDGE ( 'NONE', *, *, #3789, .T. ) ;
#2514 = EDGE_CURVE ( 'NONE', #2674, #2388, #941, .T. ) ;
#2515 = VECTOR ( 'NONE', #3760, 1000.000000000000000 ) ;
#2516 = DIRECTION ( 'NONE',  ( -1.000000000000000000, -1.047444401652940007E-14, -0.000000000000000000 ) ) ;
#2517 = CARTESIAN_POINT ( 'NONE',  ( 6.205000000000001847, 63.92000000000000171, 9.249999999999994671 ) ) ;
#2518 = AXIS2_PLACEMENT_3D ( 'NONE', #1705, #2753, #4193 ) ;
#2519 = ORIENTED_EDGE ( 'NONE', *, *, #4099, .F. ) ;
#2520 = CARTESIAN_POINT ( 'NONE',  ( 63.91999999999972459, 62.33789321881376821, 9.707106781186546129 ) ) ;
#2521 = EDGE_CURVE ( 'NONE', #3682, #3077, #4077, .T. ) ;
#2522 = PRODUCT_DEFINITION_CONTEXT ( 'detailed design', #2458, 'design' ) ;
#2523 = EDGE_CURVE ( 'NONE', #3497, #2823, #1772, .T. ) ;
#2524 = CARTESIAN_POINT ( 'NONE',  ( 5.080000000000000071, 63.92000000000000171, 10.00000000000000000 ) ) ;
#2525 = VERTEX_POINT ( 'NONE', #4510 ) ;
#2526 = CARTESIAN_POINT ( 'NONE',  ( 63.91999999999969617, 63.92000000000032145, 9.249999999999994671 ) ) ;
#2527 = ORIENTED_EDGE ( 'NONE', *, *, #1064, .F. ) ;
#2528 = DIRECTION ( 'NONE',  ( -0.000000000000000000, -0.000000000000000000, -1.000000000000000000 ) ) ;
#2529 = LINE ( 'NONE', #3888, #792 ) ;
#2530 = CARTESIAN_POINT ( 'NONE',  ( 63.91999999999972459, 61.63078643762722919, 9.000000000000001776 ) ) ;
#2531 = VERTEX_POINT ( 'NONE', #2790 ) ;
#2532 = CARTESIAN_POINT ( 'NONE',  ( 5.080000000000000071, 63.92000000000000171, 9.707106781186546129 ) ) ;
#2533 = CARTESIAN_POINT ( 'NONE',  ( 57.84000000000012420, 3.540000000000084857, 10.00000000000000000 ) ) ;
#2534 = DIRECTION ( 'NONE',  ( -3.491481338843133355E-15, 1.000000000000000000, 0.000000000000000000 ) ) ;
#2535 = ORIENTED_EDGE ( 'NONE', *, *, #3110, .F. ) ;
#2536 = EDGE_LOOP ( 'NONE', ( #172, #911, #4116, #4278 ) ) ;
#2537 = ORIENTED_EDGE ( 'NONE', *, *, #1264, .F. ) ;
#2538 = EDGE_CURVE ( 'NONE', #3656, #192, #1700, .T. ) ;
#2539 = FACE_OUTER_BOUND ( 'NONE', #4285, .T. ) ;
#2540 = TOROIDAL_SURFACE ( 'NONE', #2704, 2.000000000000000000, 1.000000000000000000 ) ;
#2541 = ORIENTED_EDGE ( 'NONE', *, *, #1720, .F. ) ;
#2542 = DIRECTION ( 'NONE',  ( 0.000000000000000000, 0.000000000000000000, 1.000000000000000000 ) ) ;
#2543 = DIRECTION ( 'NONE',  ( -0.000000000000000000, -0.000000000000000000, -1.000000000000000000 ) ) ;
#2544 = ADVANCED_FACE ( 'NONE', ( #3505 ), #4294, .T. ) ;
#2545 = ORIENTED_EDGE ( 'NONE', *, *, #748, .T. ) ;
#2546 = ORIENTED_EDGE ( 'NONE', *, *, #409, .F. ) ;
#2547 = CARTESIAN_POINT ( 'NONE',  ( 60.46000000000002217, 11.16000000000001791, 10.00000000000000000 ) ) ;
#2548 = DIRECTION ( 'NONE',  ( -0.000000000000000000, -0.000000000000000000, -1.000000000000000000 ) ) ;
#2549 = EDGE_CURVE ( 'NONE', #4098, #4299, #1037, .T. ) ;
#2550 = DIRECTION ( 'NONE',  ( -1.387778780781444413E-14, 1.000000000000000000, 0.000000000000000000 ) ) ;
#2551 = VECTOR ( 'NONE', #3778, 1000.000000000000000 ) ;
#2552 = ORIENTED_EDGE ( 'NONE', *, *, #2549, .T. ) ;
#2553 = EDGE_CURVE ( 'NONE', #4411, #160, #3261, .T. ) ;
#2554 = FACE_OUTER_BOUND ( 'NONE', #175, .T. ) ;
#2555 = DIRECTION ( 'NONE',  ( -1.387778780781444413E-14, 1.000000000000000000, 0.000000000000000000 ) ) ;
#2556 = CARTESIAN_POINT ( 'NONE',  ( 9.160000000000133369, 2.539999999999908997, 9.000000000000001776 ) ) ;
#2557 = ORIENTED_EDGE ( 'NONE', *, *, #4013, .T. ) ;
#2558 = CIRCLE ( 'NONE', #1155, 1.000000000000000888 ) ;
#2559 = VERTEX_POINT ( 'NONE', #2070 ) ;
#2560 = EDGE_LOOP ( 'NONE', ( #271, #1559, #3227, #852 ) ) ;
#2561 = DIRECTION ( 'NONE',  ( 0.000000000000000000, 0.000000000000000000, -1.000000000000000000 ) ) ;
#2562 = DIRECTION ( 'NONE',  ( 0.000000000000000000, 0.000000000000000000, -1.000000000000000000 ) ) ;
#2563 = VERTEX_POINT ( 'NONE', #2749 ) ;
#2564 = CARTESIAN_POINT ( 'NONE',  ( 6.540000000000006253, 9.160000000000001918, 0.000000000000000000 ) ) ;
#2565 = AXIS2_PLACEMENT_3D ( 'NONE', #1067, #2800, #397 ) ;
#2566 = AXIS2_PLACEMENT_3D ( 'NONE', #1944, #1588, #427 ) ;
#2567 = DIRECTION ( 'NONE',  ( 0.000000000000000000, 0.000000000000000000, 1.000000000000000000 ) ) ;
#2568 = CIRCLE ( 'NONE', #1242, 1.125000000000000888 ) ;
#2569 = AXIS2_PLACEMENT_3D ( 'NONE', #940, #2393, #3436 ) ;
#2570 = ORIENTED_EDGE ( 'NONE', *, *, #4466, .F. ) ;
#2571 = VERTEX_POINT ( 'NONE', #2772 ) ;
#2572 = DIRECTION ( 'NONE',  ( -1.000000000000000000, -1.224646799147353207E-16, 0.000000000000000000 ) ) ;
#2573 = DIRECTION ( 'NONE',  ( 6.938893903907228378E-15, 1.000000000000000000, 0.000000000000000000 ) ) ;
#2574 = AXIS2_PLACEMENT_3D ( 'NONE', #2533, #3956, #799 ) ;
#2575 = CARTESIAN_POINT ( 'NONE',  ( 57.84000000000011710, 7.540000000000084412, 9.000000000000001776 ) ) ;
#2576 = AXIS2_PLACEMENT_3D ( 'NONE', #1859, #2195, #1156 ) ;
#2577 = ORIENTED_EDGE ( 'NONE', *, *, #2624, .T. ) ;
#2578 = CARTESIAN_POINT ( 'NONE',  ( 11.15999999999971060, 62.45999999999977348, 1.000000000000000000 ) ) ;
#2579 = ADVANCED_FACE ( 'NONE', ( #322 ), #1374, .T. ) ;
#2580 = AXIS2_PLACEMENT_3D ( 'NONE', #1808, #3231, #3947 ) ;
#2581 = EDGE_CURVE ( 'NONE', #4249, #2902, #1331, .T. ) ;
#2582 = DIRECTION ( 'NONE',  ( 1.000000000000000000, 0.000000000000000000, -0.000000000000000000 ) ) ;
#2583 = CARTESIAN_POINT ( 'NONE',  ( 65.46000000000002217, 58.84000000000001762, 1.000000000000000000 ) ) ;
#2584 = ORIENTED_EDGE ( 'NONE', *, *, #4468, .F. ) ;
#2585 = VERTEX_POINT ( 'NONE', #4143 ) ;
#2586 = ORIENTED_EDGE ( 'NONE', *, *, #893, .T. ) ;
#2587 = ADVANCED_FACE ( 'NONE', ( #963 ), #2661, .F. ) ;
#2588 = TOROIDAL_SURFACE ( 'NONE', #3783, 2.000000000000000000, 1.000000000000000000 ) ;
#2589 = CIRCLE ( 'NONE', #1188, 1.999999999999999112 ) ;
#2590 = EDGE_LOOP ( 'NONE', ( #3207, #642, #4516, #3270 ) ) ;
#2591 = CYLINDRICAL_SURFACE ( 'NONE', #2679, 1.000000000000000888 ) ;
#2592 = VECTOR ( 'NONE', #2528, 1000.000000000000000 ) ;
#2593 = AXIS2_PLACEMENT_3D ( 'NONE', #734, #2141, #394 ) ;
#2594 = DIRECTION ( 'NONE',  ( -1.000000000000000000, 0.000000000000000000, 0.000000000000000000 ) ) ;
#2595 = AXIS2_PLACEMENT_3D ( 'NONE', #3366, #4417, #1310 ) ;
#2596 = VERTEX_POINT ( 'NONE', #2028 ) ;
#2597 = FACE_OUTER_BOUND ( 'NONE', #1907, .T. ) ;
#2598 = DIRECTION ( 'NONE',  ( -0.000000000000000000, -0.000000000000000000, -1.000000000000000000 ) ) ;
#2599 = ORIENTED_EDGE ( 'NONE', *, *, #410, .F. ) ;
#2600 = LINE ( 'NONE', #4025, #3647 ) ;
#2601 = DIRECTION ( 'NONE',  ( -1.000000000000000000, 0.000000000000000000, 0.000000000000000000 ) ) ;
#2602 = DIRECTION ( 'NONE',  ( -3.469446951953612611E-15, 1.000000000000000000, 0.000000000000000000 ) ) ;
#2603 = EDGE_CURVE ( 'NONE', #2135, #4436, #810, .T. ) ;
#2604 = ORIENTED_EDGE ( 'NONE', *, *, #2603, .F. ) ;
#2605 = CARTESIAN_POINT ( 'NONE',  ( 68.00000000000000000, 5.080000000000008065, 9.000000000000001776 ) ) ;
#2606 = EDGE_CURVE ( 'NONE', #1899, #2857, #3565, .T. ) ;
#2607 = VERTEX_POINT ( 'NONE', #166 ) ;
#2608 = CARTESIAN_POINT ( 'NONE',  ( 11.15999999999967862, 65.45999999999976637, 0.000000000000000000 ) ) ;
#2609 = FACE_OUTER_BOUND ( 'NONE', #3905, .T. ) ;
#2610 = ADVANCED_FACE ( 'NONE', ( #2813 ), #856, .T. ) ;
#2611 = CARTESIAN_POINT ( 'NONE',  ( 69.00000000000014211, 1.540000000000125491, 0.000000000000000000 ) ) ;
#2612 = ORIENTED_EDGE ( 'NONE', *, *, #4340, .T. ) ;
#2613 = CARTESIAN_POINT ( 'NONE',  ( 57.83999999999967656, 65.46000000000026375, 1.000000000000000000 ) ) ;
#2614 = ADVANCED_FACE ( 'NONE', ( #710 ), #1058, .T. ) ;
#2615 = DIRECTION ( 'NONE',  ( 0.000000000000000000, 0.000000000000000000, 1.000000000000000000 ) ) ;
#2616 = ORIENTED_EDGE ( 'NONE', *, *, #3847, .T. ) ;
#2617 = ORIENTED_EDGE ( 'NONE', *, *, #1039, .T. ) ;
#2618 = PLANE ( 'NONE',  #1108 ) ;
#2619 = DIRECTION ( 'NONE',  ( 0.000000000000000000, 0.000000000000000000, 1.000000000000000000 ) ) ;
#2620 = CYLINDRICAL_SURFACE ( 'NONE', #2350, 1.125000000000000888 ) ;
#2621 = CARTESIAN_POINT ( 'NONE',  ( 63.92000000000000171, 63.92000000000001592, 10.00000000000000000 ) ) ;
#2622 = ORIENTED_EDGE ( 'NONE', *, *, #2728, .F. ) ;
#2623 = CARTESIAN_POINT ( 'NONE',  ( 63.92000000000000171, 69.00000000000001421, 10.00000000000000000 ) ) ;
#2624 = EDGE_CURVE ( 'NONE', #2857, #2874, #3185, .T. ) ;
#2625 = CARTESIAN_POINT ( 'NONE',  ( 1.000000000000000000, 0.000000000000000000, 0.9999999999999991118 ) ) ;
#2627 = AXIS2_PLACEMENT_3D ( 'NONE', #2058, #206, #1362 ) ;
#2626 = DIRECTION ( 'NONE',  ( 0.000000000000000000, 0.000000000000000000, 1.000000000000000000 ) ) ;
#2628 = VERTEX_POINT ( 'NONE', #2111 ) ;
#2629 = LINE ( 'NONE', #3015, #806 ) ;
#2630 = LINE ( 'NONE', #2287, #3619 ) ;
#2631 = DIRECTION ( 'NONE',  ( 1.233581138472395244E-14, -1.000000000000000000, 0.000000000000000000 ) ) ;
#2632 = AXIS2_PLACEMENT_3D ( 'NONE', #1579, #2619, #3406 ) ;
#2633 = FACE_OUTER_BOUND ( 'NONE', #1601, .T. ) ;
#2634 = ORIENTED_EDGE ( 'NONE', *, *, #1855, .T. ) ;
#2635 = DIRECTION ( 'NONE',  ( -0.000000000000000000, -0.000000000000000000, -1.000000000000000000 ) ) ;
#2636 = EDGE_CURVE ( 'NONE', #2559, #404, #4446, .T. ) ;
#2637 = CARTESIAN_POINT ( 'NONE',  ( 62.46000000000001506, 58.84000000000001762, 9.000000000000001776 ) ) ;
#2638 = EDGE_CURVE ( 'NONE', #2357, #3732, #4523, .T. ) ;
#2639 = DIRECTION ( 'NONE',  ( 1.000000000000000000, 2.011273595335428079E-16, 0.000000000000000000 ) ) ;
#2640 = ORIENTED_EDGE ( 'NONE', *, *, #4152, .T. ) ;
#2641 = CIRCLE ( 'NONE', #948, 1.000000000000000000 ) ;
#2642 = ORIENTED_EDGE ( 'NONE', *, *, #566, .T. ) ;
#2643 = VECTOR ( 'NONE', #1486, 1000.000000000000000 ) ;
#2644 = DIRECTION ( 'NONE',  ( 1.000000000000000000, 0.000000000000000000, 0.000000000000000000 ) ) ;
#2645 = AXIS2_PLACEMENT_3D ( 'NONE', #1248, #4054, #2260 ) ;
#2646 = AXIS2_PLACEMENT_3D ( 'NONE', #843, #3362, #2573 ) ;
#2647 = CARTESIAN_POINT ( 'NONE',  ( 5.080000000000126192, 5.079999999999895266, 10.00000000000000000 ) ) ;
#2648 = DIRECTION ( 'NONE',  ( -0.000000000000000000, -0.000000000000000000, -1.000000000000000000 ) ) ;
#2649 = ORIENTED_EDGE ( 'NONE', *, *, #2606, .F. ) ;
#2650 = VECTOR ( 'NONE', #2378, 1000.000000000000114 ) ;
#2651 = CARTESIAN_POINT ( 'NONE',  ( 57.84000000000013131, 1.540000000000085079, 9.000000000000001776 ) ) ;
#2652 = CYLINDRICAL_SURFACE ( 'NONE', #2286, 1.000000000000000888 ) ;
#2653 = CIRCLE ( 'NONE', #3250, 1.000000000000000444 ) ;
#2654 = CARTESIAN_POINT ( 'NONE',  ( 63.91999999999969617, 63.92000000000032145, 0.2928932188134569792 ) ) ;
#2655 = AXIS2_PLACEMENT_3D ( 'NONE', #2793, #3570, #1792 ) ;
#2656 = EDGE_LOOP ( 'NONE', ( #1320, #3964, #112, #1073 ) ) ;
#2657 = ORIENTED_EDGE ( 'NONE', *, *, #3217, .F. ) ;
#2658 = VERTEX_POINT ( 'NONE', #2460 ) ;
#2659 = CIRCLE ( 'NONE', #1401, 2.289213562373099364 ) ;
#2660 = DIRECTION ( 'NONE',  ( 1.000000000000000000, 0.000000000000000000, 0.000000000000000000 ) ) ;
#2661 = CONICAL_SURFACE ( 'NONE', #3044, 1.125000000000000888, 0.7853981633974447263 ) ;
#2662 = FACE_OUTER_BOUND ( 'NONE', #1122, .T. ) ;
#2663 = ORIENTED_EDGE ( 'NONE', *, *, #37, .T. ) ;
#2664 = DIRECTION ( 'NONE',  ( 0.000000000000000000, 0.000000000000000000, 1.000000000000000000 ) ) ;
#2665 = CIRCLE ( 'NONE', #1268, 1.000000000000000000 ) ;
#2666 = AXIS2_PLACEMENT_3D ( 'NONE', #1578, #1212, #890 ) ;
#2667 = MECHANICAL_DESIGN_GEOMETRIC_PRESENTATION_REPRESENTATION (  '', ( #1474 ), #2294 ) ;
#2668 = CARTESIAN_POINT ( 'NONE',  ( 57.83999999999967656, 65.46000000000026375, 9.000000000000001776 ) ) ;
#2669 = LINE ( 'NONE', #1952, #4159 ) ;
#2670 = ORIENTED_EDGE ( 'NONE', *, *, #1007, .F. ) ;
#2671 = VECTOR ( 'NONE', #790, 1000.000000000000000 ) ;
#2672 = ADVANCED_FACE ( 'NONE', ( #2879 ), #3047, .F. ) ;
#2673 = CIRCLE ( 'NONE', #2974, 2.000000000000000000 ) ;
#2674 = VERTEX_POINT ( 'NONE', #1766 ) ;
#2675 = CARTESIAN_POINT ( 'NONE',  ( 6.205000000000001847, 63.92000000000000171, 0.000000000000000000 ) ) ;
#2676 =( NAMED_UNIT ( * ) PLANE_ANGLE_UNIT ( ) SI_UNIT ( $, .RADIAN. ) );
#2677 = DIRECTION ( 'NONE',  ( 1.000000000000000000, 0.000000000000000000, 0.000000000000000000 ) ) ;
#2678 = EDGE_CURVE ( 'NONE', #2628, #533, #2496, .T. ) ;
#2679 = AXIS2_PLACEMENT_3D ( 'NONE', #4429, #1876, #1253 ) ;
#2680 = EDGE_CURVE ( 'NONE', #3629, #1369, #450, .T. ) ;
#2681 = LINE ( 'NONE', #1271, #134 ) ;
#2682 = PLANE ( 'NONE',  #4003 ) ;
#2683 = EDGE_CURVE ( 'NONE', #2563, #4091, #1548, .T. ) ;
#2684 = EDGE_LOOP ( 'NONE', ( #3401, #4380, #1541, #1963 ) ) ;
#2685 = CIRCLE ( 'NONE', #2011, 1.000000000000000000 ) ;
#2686 = LINE ( 'NONE', #4107, #1056 ) ;
#2687 = ADVANCED_FACE ( 'NONE', ( #1483 ), #1040, .T. ) ;
#2688 = ORIENTED_EDGE ( 'NONE', *, *, #4203, .T. ) ;
#2689 = DIRECTION ( 'NONE',  ( 6.938893903907228378E-15, -1.000000000000000000, 0.000000000000000000 ) ) ;
#2690 = CARTESIAN_POINT ( 'NONE',  ( 58.84000000000013841, 2.540000000000088409, 1.000000000000000000 ) ) ;
#2691 = LINE ( 'NONE', #1990, #742 ) ;
#2692 = ORIENTED_EDGE ( 'NONE', *, *, #1906, .T. ) ;
#2693 = CYLINDRICAL_SURFACE ( 'NONE', #3200, 1.000000000000000888 ) ;
#2694 = EDGE_CURVE ( 'NONE', #3709, #1053, #1923, .T. ) ;
#2695 = DIRECTION ( 'NONE',  ( 1.000000000000000000, -0.000000000000000000, -0.000000000000000000 ) ) ;
#2696 = DIRECTION ( 'NONE',  ( -0.000000000000000000, -0.000000000000000000, 1.000000000000000000 ) ) ;
#2697 = ORIENTED_EDGE ( 'NONE', *, *, #1007, .T. ) ;
#2698 = ORIENTED_EDGE ( 'NONE', *, *, #4184, .F. ) ;
#2699 = CARTESIAN_POINT ( 'NONE',  ( 1.540000000000000036, 58.84000000000000341, 9.000000000000001776 ) ) ;
#2700 = DIRECTION ( 'NONE',  ( 0.000000000000000000, 0.000000000000000000, 1.000000000000000000 ) ) ;
#2701 = EDGE_CURVE ( 'NONE', #2363, #3243, #1473, .T. ) ;
#2702 = CARTESIAN_POINT ( 'NONE',  ( 67.46000000000002217, 11.16000000000001791, 10.00000000000000000 ) ) ;
#2703 = ORIENTED_EDGE ( 'NONE', *, *, #410, .T. ) ;
#2704 = AXIS2_PLACEMENT_3D ( 'NONE', #2221, #4016, #1249 ) ;
#2705 = DIRECTION ( 'NONE',  ( -2.468850131082256666E-15, 0.7071067811865451302, 0.7071067811865499042 ) ) ;
#2706 = ADVANCED_FACE ( 'NONE', ( #1789 ), #3213, .F. ) ;
#2707 = ADVANCED_FACE ( 'NONE', ( #3256 ), #4274, .F. ) ;
#2708 = ORIENTED_EDGE ( 'NONE', *, *, #154, .F. ) ;
#2709 = DIRECTION ( 'NONE',  ( -1.000000000000000000, 0.000000000000000000, 0.000000000000000000 ) ) ;
#2710 = LINE ( 'NONE', #4179, #2551 ) ;
#2711 = CARTESIAN_POINT ( 'NONE',  ( 11.16000000000012093, 6.539999999999916547, 9.000000000000001776 ) ) ;
#2712 = ORIENTED_EDGE ( 'NONE', *, *, #2301, .T. ) ;
#2713 = CARTESIAN_POINT ( 'NONE',  ( 57.83999999999966946, 66.46000000000026375, 1.000000000000000000 ) ) ;
#2714 = PLANE ( 'NONE',  #4154 ) ;
#2715 = DIRECTION ( 'NONE',  ( 0.000000000000000000, 0.000000000000000000, 1.000000000000000000 ) ) ;
#2716 = ORIENTED_EDGE ( 'NONE', *, *, #1448, .F. ) ;
#2717 = ORIENTED_EDGE ( 'NONE', *, *, #1842, .F. ) ;
#2718 = LINE ( 'NONE', #3858, #747 ) ;
#2719 = DIRECTION ( 'NONE',  ( 1.000000000000000000, 0.000000000000000000, 0.000000000000000000 ) ) ;
#2720 = CARTESIAN_POINT ( 'NONE',  ( 5.080000000000000071, 63.92000000000000171, 10.00000000000000000 ) ) ;
#2721 = VERTEX_POINT ( 'NONE', #3691 ) ;
#2722 = LINE ( 'NONE', #4145, #1487 ) ;
#2723 = CONICAL_SURFACE ( 'NONE', #4279, 1.125000000000000888, 0.7853981633974447263 ) ;
#2724 = DIRECTION ( 'NONE',  ( -3.854941057726234744E-15, 1.000000000000000000, 0.000000000000000000 ) ) ;
#2725 = AXIS2_PLACEMENT_3D ( 'NONE', #4335, #3374, #164 ) ;
#2726 = EDGE_LOOP ( 'NONE', ( #1800, #2557, #4147, #551, #452, #4488, #4462, #3171 ) ) ;
#2727 = EDGE_CURVE ( 'NONE', #1176, #62, #530, .T. ) ;
#2728 = EDGE_CURVE ( 'NONE', #1539, #514, #4153, .T. ) ;
#2729 = ADVANCED_FACE ( 'NONE', ( #2036 ), #1183, .T. ) ;
#2730 = CIRCLE ( 'NONE', #2281, 1.125000000000000888 ) ;
#2731 = CYLINDRICAL_SURFACE ( 'NONE', #4513, 1.125000000000001776 ) ;
#2732 = FACE_OUTER_BOUND ( 'NONE', #393, .T. ) ;
#2733 = DIRECTION ( 'NONE',  ( -0.000000000000000000, 0.000000000000000000, -1.000000000000000000 ) ) ;
#2734 = ADVANCED_FACE ( 'NONE', ( #2633 ), #2355, .F. ) ;
#2735 = AXIS2_PLACEMENT_3D ( 'NONE', #1136, #3966, #3282 ) ;
#2736 = ORIENTED_EDGE ( 'NONE', *, *, #4345, .F. ) ;
#2737 = DIRECTION ( 'NONE',  ( 1.000000000000000000, 0.000000000000000000, 0.000000000000000000 ) ) ;
#2738 = CIRCLE ( 'NONE', #4368, 1.000000000000000000 ) ;
#2739 = CARTESIAN_POINT ( 'NONE',  ( 59.84000000000012420, 6.540000000000091518, 10.00000000000000000 ) ) ;
#2740 = LINE ( 'NONE', #4434, #4309 ) ;
#2741 = ORIENTED_EDGE ( 'NONE', *, *, #3337, .F. ) ;
#2742 = ORIENTED_EDGE ( 'NONE', *, *, #4198, .T. ) ;
#2743 = DIRECTION ( 'NONE',  ( -3.410016334956256884E-15, 1.000000000000000000, 0.000000000000000000 ) ) ;
#2744 = LINE ( 'NONE', #4101, #1985 ) ;
#2745 = AXIS2_PLACEMENT_3D ( 'NONE', #4237, #1138, #752 ) ;
#2746 = DIRECTION ( 'NONE',  ( 0.000000000000000000, 0.000000000000000000, -1.000000000000000000 ) ) ;
#2747 = CIRCLE ( 'NONE', #3932, 1.582106781186535027 ) ;
#2748 = CIRCLE ( 'NONE', #460, 1.000000000000000888 ) ;
#2749 = CARTESIAN_POINT ( 'NONE',  ( 11.16000000000011383, 8.539999999999915659, 10.00000000000000000 ) ) ;
#2750 = ORIENTED_EDGE ( 'NONE', *, *, #1064, .T. ) ;
#2751 = CYLINDRICAL_SURFACE ( 'NONE', #2978, 1.125000000000000888 ) ;
#2752 = CARTESIAN_POINT ( 'NONE',  ( 5.080000000000000071, 63.92000000000000171, 0.2928932188134569792 ) ) ;
#2753 = DIRECTION ( 'NONE',  ( 0.000000000000000000, 0.000000000000000000, -1.000000000000000000 ) ) ;
#2754 = CIRCLE ( 'NONE', #818, 1.000000000000000000 ) ;
#2755 = AXIS2_PLACEMENT_3D ( 'NONE', #592, #20, #3467 ) ;
#2756 = CARTESIAN_POINT ( 'NONE',  ( 11.15999999999965731, 67.45999999999976637, 10.00000000000000000 ) ) ;
#2757 = VECTOR ( 'NONE', #2696, 1000.000000000000000 ) ;
#2758 = EDGE_LOOP ( 'NONE', ( #2849, #2616, #316, #2545, #2784, #115, #3004, #3156 ) ) ;
#2759 = FACE_OUTER_BOUND ( 'NONE', #728, .T. ) ;
#2760 = EDGE_CURVE ( 'NONE', #681, #928, #2691, .T. ) ;
#2761 = CARTESIAN_POINT ( 'NONE',  ( 5.080000000000000959, 1.000000000000000666, 9.000000000000001776 ) ) ;
#2762 = DIRECTION ( 'NONE',  ( 0.000000000000000000, 0.000000000000000000, -1.000000000000000000 ) ) ;
#2763 = ORIENTED_EDGE ( 'NONE', *, *, #945, .T. ) ;
#2764 = CARTESIAN_POINT ( 'NONE',  ( 7.540000000000000036, 57.84000000000000341, 1.000000000000000000 ) ) ;
#2765 = EDGE_CURVE ( 'NONE', #3846, #793, #2998, .T. ) ;
#2766 = CARTESIAN_POINT ( 'NONE',  ( 5.080000000000129745, 3.954999999999894378, 0.000000000000000000 ) ) ;
#2767 = ORIENTED_EDGE ( 'NONE', *, *, #3847, .F. ) ;
#2768 = EDGE_CURVE ( 'NONE', #4144, #2264, #310, .T. ) ;
#2769 = VERTEX_POINT ( 'NONE', #4427 ) ;
#2770 = DIRECTION ( 'NONE',  ( 0.000000000000000000, 0.000000000000000000, -1.000000000000000000 ) ) ;
#2771 = DIRECTION ( 'NONE',  ( -0.000000000000000000, -0.000000000000000000, -1.000000000000000000 ) ) ;
#2772 = CARTESIAN_POINT ( 'NONE',  ( 58.84000000000012420, 6.540000000000087965, 9.000000000000001776 ) ) ;
#2773 = ORIENTED_EDGE ( 'NONE', *, *, #350, .T. ) ;
#2774 = CARTESIAN_POINT ( 'NONE',  ( 67.46000000000002217, 10.16000000000001613, 10.00000000000000000 ) ) ;
#2775 = CARTESIAN_POINT ( 'NONE',  ( 10.16000000000013337, 2.539999999999912550, 0.000000000000000000 ) ) ;
#2776 = DIRECTION ( 'NONE',  ( 0.000000000000000000, 0.000000000000000000, 1.000000000000000000 ) ) ;
#2777 = ORIENTED_EDGE ( 'NONE', *, *, #473, .T. ) ;
#2778 = DIRECTION ( 'NONE',  ( 1.000000000000000000, -0.000000000000000000, 0.000000000000000000 ) ) ;
#2779 = DIRECTION ( 'NONE',  ( 0.000000000000000000, 0.000000000000000000, 1.000000000000000000 ) ) ;
#2780 = ORIENTED_EDGE ( 'NONE', *, *, #3085, .T. ) ;
#2781 = EDGE_CURVE ( 'NONE', #3077, #857, #1282, .T. ) ;
#2782 = DIRECTION ( 'NONE',  ( -3.854941057726234744E-15, 1.000000000000000000, 0.000000000000000000 ) ) ;
#2783 = EDGE_LOOP ( 'NONE', ( #4393, #1388, #1005, #4180 ) ) ;
#2784 = ORIENTED_EDGE ( 'NONE', *, *, #3062, .T. ) ;
#2785 = DIRECTION ( 'NONE',  ( -0.000000000000000000, 1.000000000000000000, -0.000000000000000000 ) ) ;
#2786 = EDGE_CURVE ( 'NONE', #718, #1157, #1969, .T. ) ;
#2787 = ADVANCED_FACE ( 'NONE', ( #1646 ), #1336, .T. ) ;
#2788 = DIRECTION ( 'NONE',  ( -1.000000000000000000, -3.616204678323799768E-15, 0.000000000000000000 ) ) ;
#2789 = ADVANCED_FACE ( 'NONE', ( #2662 ), #546, .F. ) ;
#2790 = CARTESIAN_POINT ( 'NONE',  ( 65.50210678118655494, 5.080000000000015170, 0.2928932188134569792 ) ) ;
#2791 = ORIENTED_EDGE ( 'NONE', *, *, #4397, .T. ) ;
#2792 = CARTESIAN_POINT ( 'NONE',  ( 0.000000000000000000, 0.000000000000000000, 10.00000000000000000 ) ) ;
#2793 = CARTESIAN_POINT ( 'NONE',  ( 2.011273595335428079E-16, 68.00000000000000000, 0.9999999999999991118 ) ) ;
#2794 = ORIENTED_EDGE ( 'NONE', *, *, #4029, .T. ) ;
#2795 = CONICAL_SURFACE ( 'NONE', #4424, 1.125000000000001776, 0.7853981633974447263 ) ;
#2796 = CIRCLE ( 'NONE', #2205, 1.582106781186535027 ) ;
#2797 = DIRECTION ( 'NONE',  ( 3.469446951953614189E-15, -1.000000000000000000, 0.000000000000000000 ) ) ;
#2798 = AXIS2_PLACEMENT_3D ( 'NONE', #968, #632, #1683 ) ;
#2799 = AXIS2_PLACEMENT_3D ( 'NONE', #1160, #1957, #2954 ) ;
#2800 = DIRECTION ( 'NONE',  ( 0.000000000000000000, -0.000000000000000000, 1.000000000000000000 ) ) ;
#2801 = ORIENTED_EDGE ( 'NONE', *, *, #771, .F. ) ;
#2802 = AXIS2_PLACEMENT_3D ( 'NONE', #4048, #2890, #538 ) ;
#2803 = CARTESIAN_POINT ( 'NONE',  ( 2.540000000000000036, 58.84000000000000341, 0.000000000000000000 ) ) ;
#2804 = CIRCLE ( 'NONE', #3703, 1.000000000000000000 ) ;
#2805 = VERTEX_POINT ( 'NONE', #636 ) ;
#2806 = AXIS2_PLACEMENT_3D ( 'NONE', #3527, #2499, #2883 ) ;
#2807 = ORIENTED_EDGE ( 'NONE', *, *, #3368, .T. ) ;
#2808 = CARTESIAN_POINT ( 'NONE',  ( 58.84000000000011710, 8.540000000000087965, 10.00000000000000000 ) ) ;
#2809 = AXIS2_PLACEMENT_3D ( 'NONE', #3355, #213, #4063 ) ;
#2810 = DIRECTION ( 'NONE',  ( 0.000000000000000000, 1.000000000000000000, -0.000000000000000000 ) ) ;
#2811 = EDGE_CURVE ( 'NONE', #3088, #3272, #3395, .T. ) ;
#2812 = CYLINDRICAL_SURFACE ( 'NONE', #2143, 1.000000000000000000 ) ;
#2813 = FACE_OUTER_BOUND ( 'NONE', #1660, .T. ) ;
#2814 = AXIS2_PLACEMENT_3D ( 'NONE', #2711, #3072, #1250 ) ;
#2815 = ORIENTED_EDGE ( 'NONE', *, *, #17, .T. ) ;
#2816 = ADVANCED_FACE ( 'NONE', ( #3465 ), #207, .F. ) ;
#2817 = DIRECTION ( 'NONE',  ( -1.224646799147353207E-16, 1.000000000000000000, 0.000000000000000000 ) ) ;
#2818 = LINE ( 'NONE', #1060, #3833 ) ;
#2819 = CIRCLE ( 'NONE', #3424, 4.080000000000000071 ) ;
#2820 = TOROIDAL_SURFACE ( 'NONE', #1410, 2.000000000000000000, 1.000000000000000000 ) ;
#2821 = EDGE_CURVE ( 'NONE', #3497, #3209, #4497, .T. ) ;
#2822 = DIRECTION ( 'NONE',  ( 0.000000000000000000, 0.000000000000000000, 1.000000000000000000 ) ) ;
#2823 = VERTEX_POINT ( 'NONE', #1948 ) ;
#2824 = ADVANCED_FACE ( 'NONE', ( #3091 ), #3376, .T. ) ;
#2825 = VECTOR ( 'NONE', #649, 1000.000000000000000 ) ;
#2826 = AXIS2_PLACEMENT_3D ( 'NONE', #2863, #3683, #2254 ) ;
#2827 = DIRECTION ( 'NONE',  ( 1.000000000000000000, 3.491481338843133355E-15, 0.000000000000000000 ) ) ;
#2828 = VECTOR ( 'NONE', #3705, 1000.000000000000000 ) ;
#2829 = DIRECTION ( 'NONE',  ( 0.000000000000000000, 0.000000000000000000, 1.000000000000000000 ) ) ;
#2830 = ORIENTED_EDGE ( 'NONE', *, *, #2678, .F. ) ;
#2831 = TOROIDAL_SURFACE ( 'NONE', #4081, 2.289213562373086930, 1.000000000000000000 ) ;
#2832 = DIRECTION ( 'NONE',  ( 1.000000000000000000, 1.059916735601006648E-14, -0.000000000000000000 ) ) ;
#2833 = EDGE_LOOP ( 'NONE', ( #552, #3143 ) ) ;
#2834 = DIRECTION ( 'NONE',  ( 0.000000000000000000, 0.000000000000000000, 1.000000000000000000 ) ) ;
#2835 = DIRECTION ( 'NONE',  ( -1.000000000000000000, 0.000000000000000000, 0.000000000000000000 ) ) ;
#2836 = DIRECTION ( 'NONE',  ( 0.000000000000000000, 0.000000000000000000, 1.000000000000000000 ) ) ;
#2837 = ORIENTED_EDGE ( 'NONE', *, *, #1659, .F. ) ;
#2838 = DIRECTION ( 'NONE',  ( 1.247233394806660679E-16, -1.000000000000000000, -0.000000000000000000 ) ) ;
#2839 = CARTESIAN_POINT ( 'NONE',  ( 57.84000000000012420, 3.540000000000084857, 0.000000000000000000 ) ) ;
#2840 = EDGE_CURVE ( 'NONE', #1227, #3139, #910, .T. ) ;
#2841 = EDGE_CURVE ( 'NONE', #3994, #4332, #1619, .T. ) ;
#2842 = DIRECTION ( 'NONE',  ( 0.000000000000000000, 0.000000000000000000, 1.000000000000000000 ) ) ;
#2843 = ORIENTED_EDGE ( 'NONE', *, *, #4407, .T. ) ;
#2844 = FACE_OUTER_BOUND ( 'NONE', #4296, .T. ) ;
#2845 = ADVANCED_FACE ( 'NONE', ( #1046 ), #280, .T. ) ;
#2846 = EDGE_CURVE ( 'NONE', #3279, #3600, #3998, .T. ) ;
#2847 = LINE ( 'NONE', #4264, #3489 ) ;
#2848 = FACE_OUTER_BOUND ( 'NONE', #4482, .T. ) ;
#2849 = ORIENTED_EDGE ( 'NONE', *, *, #921, .T. ) ;
#2850 = VERTEX_POINT ( 'NONE', #312 ) ;
#2851 = CIRCLE ( 'NONE', #1435, 1.000000000000000000 ) ;
#2852 = CARTESIAN_POINT ( 'NONE',  ( 60.46000000000001506, 58.84000000000001762, 10.00000000000000000 ) ) ;
#2853 = PRESENTATION_STYLE_ASSIGNMENT (( #3181 ) ) ;
#2854 = ORIENTED_EDGE ( 'NONE', *, *, #3674, .F. ) ;
#2855 = CARTESIAN_POINT ( 'NONE',  ( 63.91999999999969617, 63.92000000000032145, 9.000000000000001776 ) ) ;
#2856 = DIRECTION ( 'NONE',  ( 0.000000000000000000, 0.000000000000000000, -1.000000000000000000 ) ) ;
#2857 = VERTEX_POINT ( 'NONE', #999 ) ;
#2858 = PLANE ( 'NONE',  #1413 ) ;
#2859 = DIRECTION ( 'NONE',  ( -3.469446951953614189E-15, 1.000000000000000000, 0.000000000000000000 ) ) ;
#2860 =( GEOMETRIC_REPRESENTATION_CONTEXT ( 3 ) GLOBAL_UNCERTAINTY_ASSIGNED_CONTEXT ( ( #3281 ) ) GLOBAL_UNIT_ASSIGNED_CONTEXT ( ( #3059, #2676, #4366 ) ) REPRESENTATION_CONTEXT ( 'NONE', 'WORKASPACE' ) );
#2861 = CARTESIAN_POINT ( 'NONE',  ( 11.16000000000011383, 7.539999999999915659, 9.000000000000001776 ) ) ;
#2862 = ORIENTED_EDGE ( 'NONE', *, *, #2768, .F. ) ;
#2863 = CARTESIAN_POINT ( 'NONE',  ( 5.080000000000126192, 5.079999999999895266, 1.000000000000000000 ) ) ;
#2864 = CARTESIAN_POINT ( 'NONE',  ( 11.15999999999971060, 62.45999999999977348, 9.000000000000001776 ) ) ;
#2865 = CARTESIAN_POINT ( 'NONE',  ( 63.91999999999968196, 65.50210678118685337, 0.2928932188134569792 ) ) ;
#2866 = EDGE_CURVE ( 'NONE', #2559, #928, #2, .T. ) ;
#2867 = ORIENTED_EDGE ( 'NONE', *, *, #1998, .F. ) ;
#2868 = EDGE_CURVE ( 'NONE', #3403, #388, #1083, .T. ) ;
#2869 = ORIENTED_EDGE ( 'NONE', *, *, #1624, .T. ) ;
#2870 = CIRCLE ( 'NONE', #3764, 1.000000000000000888 ) ;
#2871 = AXIS2_PLACEMENT_3D ( 'NONE', #1191, #3996, #3308 ) ;
#2872 = SURFACE_STYLE_FILL_AREA ( #3558 ) ;
#2873 = AXIS2_PLACEMENT_3D ( 'NONE', #3440, #1708, #563 ) ;
#2874 = VERTEX_POINT ( 'NONE', #3205 ) ;
#2875 = DIRECTION ( 'NONE',  ( -1.000000000000000000, 0.000000000000000000, 0.000000000000000000 ) ) ;
#2876 = CIRCLE ( 'NONE', #519, 2.000000000000000000 ) ;
#2877 = CYLINDRICAL_SURFACE ( 'NONE', #442, 1.000000000000000888 ) ;
#2878 = ORIENTED_EDGE ( 'NONE', *, *, #893, .F. ) ;
#2879 = FACE_OUTER_BOUND ( 'NONE', #3967, .T. ) ;
#2880 = VERTEX_POINT ( 'NONE', #371 ) ;
#2881 = ADVANCED_FACE ( 'NONE', ( #3878 ), #699, .T. ) ;
#2882 = DIRECTION ( 'NONE',  ( 0.000000000000000000, 0.000000000000000000, 1.000000000000000000 ) ) ;
#2883 = DIRECTION ( 'NONE',  ( 0.000000000000000000, 0.000000000000000000, 1.000000000000000000 ) ) ;
#2884 = AXIS2_PLACEMENT_3D ( 'NONE', #2310, #1962, #4188 ) ;
#2885 = AXIS2_PLACEMENT_3D ( 'NONE', #2720, #4536, #1727 ) ;
#2886 = EDGE_LOOP ( 'NONE', ( #1333, #2640 ) ) ;
#2887 = DIRECTION ( 'NONE',  ( 3.491481338843133355E-15, -1.000000000000000000, 0.000000000000000000 ) ) ;
#2888 = AXIS2_PLACEMENT_3D ( 'NONE', #3543, #3188, #4321 ) ;
#2889 = CIRCLE ( 'NONE', #2442, 1.000000000000000888 ) ;
#2890 = DIRECTION ( 'NONE',  ( 0.000000000000000000, 1.000000000000000000, -0.000000000000000000 ) ) ;
#2891 = DIRECTION ( 'NONE',  ( 0.000000000000000000, 0.000000000000000000, 1.000000000000000000 ) ) ;
#2892 = AXIS2_PLACEMENT_3D ( 'NONE', #2371, #1012, #3526 ) ;
#2893 = AXIS2_PLACEMENT_3D ( 'NONE', #3122, #1654, #960 ) ;
#2894 = ORIENTED_EDGE ( 'NONE', *, *, #1656, .F. ) ;
#2895 = ORIENTED_EDGE ( 'NONE', *, *, #2727, .T. ) ;
#2896 = ORIENTED_EDGE ( 'NONE', *, *, #2786, .T. ) ;
#2897 = EDGE_CURVE ( 'NONE', #3279, #216, #4199, .T. ) ;
#2898 = AXIS2_PLACEMENT_3D ( 'NONE', #116, #2635, #4018 ) ;
#2899 = DIRECTION ( 'NONE',  ( 0.000000000000000000, 0.000000000000000000, 1.000000000000000000 ) ) ;
#2900 = DIRECTION ( 'NONE',  ( 1.000000000000000000, 0.000000000000000000, 0.000000000000000000 ) ) ;
#2901 = CIRCLE ( 'NONE', #4382, 1.000000000000000888 ) ;
#2902 = VERTEX_POINT ( 'NONE', #1411 ) ;
#2903 = CARTESIAN_POINT ( 'NONE',  ( 11.16000000000011383, 8.539999999999915659, 1.000000000000000000 ) ) ;
#2904 = ADVANCED_FACE ( 'NONE', ( #23 ), #2968, .T. ) ;
#2905 = FACE_OUTER_BOUND ( 'NONE', #822, .T. ) ;
#2906 = EDGE_CURVE ( 'NONE', #2253, #4028, #2059, .T. ) ;
#2907 = VERTEX_POINT ( 'NONE', #1955 ) ;
#2908 = DIRECTION ( 'NONE',  ( 0.000000000000000000, 0.000000000000000000, 1.000000000000000000 ) ) ;
#2909 = ORIENTED_EDGE ( 'NONE', *, *, #859, .F. ) ;
#2910 = CARTESIAN_POINT ( 'NONE',  ( 60.46000000000001506, 57.84000000000001762, 1.000000000000000000 ) ) ;
#2911 = CARTESIAN_POINT ( 'NONE',  ( 58.83999999999971209, 62.46000000000027086, 10.00000000000000000 ) ) ;
#2912 = ORIENTED_EDGE ( 'NONE', *, *, #1529, .T. ) ;
#2913 = FACE_OUTER_BOUND ( 'NONE', #547, .T. ) ;
#2914 = FACE_OUTER_BOUND ( 'NONE', #2726, .T. ) ;
#2915 = DIRECTION ( 'NONE',  ( -0.000000000000000000, -0.000000000000000000, -1.000000000000000000 ) ) ;
#2916 = ORIENTED_EDGE ( 'NONE', *, *, #566, .F. ) ;
#2917 = ORIENTED_EDGE ( 'NONE', *, *, #3869, .T. ) ;
#2918 = ORIENTED_EDGE ( 'NONE', *, *, #2680, .F. ) ;
#2919 = DIRECTION ( 'NONE',  ( 1.000000000000000000, 3.616204678323799768E-15, -0.000000000000000000 ) ) ;
#2920 = CARTESIAN_POINT ( 'NONE',  ( 2.540000000000000036, 59.84000000000000341, 9.000000000000001776 ) ) ;
#2921 = ORIENTED_EDGE ( 'NONE', *, *, #1294, .T. ) ;
#2922 = CARTESIAN_POINT ( 'NONE',  ( 5.080000000000000071, 63.92000000000000171, 0.000000000000000000 ) ) ;
#2923 = CIRCLE ( 'NONE', #3892, 1.000000000000000000 ) ;
#2924 = CARTESIAN_POINT ( 'NONE',  ( 7.540000000000000036, 58.84000000000000341, 0.000000000000000000 ) ) ;
#2925 = VERTEX_POINT ( 'NONE', #219 ) ;
#2926 = ADVANCED_FACE ( 'NONE', ( #1602 ), #2618, .F. ) ;
#2927 = ORIENTED_EDGE ( 'NONE', *, *, #19, .F. ) ;
#2928 = DIRECTION ( 'NONE',  ( -1.000000000000000000, -1.047444401652940007E-14, 0.000000000000000000 ) ) ;
#2929 = LINE ( 'NONE', #2911, #1623 ) ;
#2930 = ADVANCED_FACE ( 'NONE', ( #3360 ), #2142, .T. ) ;
#2931 = CARTESIAN_POINT ( 'NONE',  ( 63.91999999999968196, 65.79500000000031434, 0.000000000000000000 ) ) ;
#2932 = ORIENTED_EDGE ( 'NONE', *, *, #2841, .T. ) ;
#2933 = DIRECTION ( 'NONE',  ( 0.000000000000000000, 1.000000000000000000, 0.000000000000000000 ) ) ;
#2934 = EDGE_CURVE ( 'NONE', #4365, #1832, #4298, .T. ) ;
#2935 = CARTESIAN_POINT ( 'NONE',  ( 0.000000000000000000, 0.000000000000000000, 10.00000000000000000 ) ) ;
#2936 = DIRECTION ( 'NONE',  ( 1.047444401652940007E-14, -1.000000000000000000, -0.000000000000000000 ) ) ;
#2937 = ORIENTED_EDGE ( 'NONE', *, *, #276, .T. ) ;
#2938 = AXIS2_PLACEMENT_3D ( 'NONE', #1233, #842, #1977 ) ;
#2939 = ORIENTED_EDGE ( 'NONE', *, *, #2701, .F. ) ;
#2940 = ORIENTED_EDGE ( 'NONE', *, *, #1402, .F. ) ;
#2941 = CARTESIAN_POINT ( 'NONE',  ( 10.16000000000011383, 7.539999999999912106, 1.000000000000000000 ) ) ;
#2942 = PRODUCT_DEFINITION_SHAPE ( 'NONE', 'NONE',  #2148 ) ;
#2943 = DIRECTION ( 'NONE',  ( 0.000000000000000000, 0.000000000000000000, -1.000000000000000000 ) ) ;
#2944 = ORIENTED_EDGE ( 'NONE', *, *, #3736, .T. ) ;
#2945 = DIRECTION ( 'NONE',  ( -1.000000000000000000, 0.000000000000000000, 0.000000000000000000 ) ) ;
#2946 = AXIS2_PLACEMENT_3D ( 'NONE', #4377, #3370, #4396 ) ;
#2947 = AXIS2_PLACEMENT_3D ( 'NONE', #4030, #4399, #1220 ) ;
#2948 = DIRECTION ( 'NONE',  ( -1.000000000000000000, -0.000000000000000000, -0.000000000000000000 ) ) ;
#2949 = CIRCLE ( 'NONE', #953, 1.125000000000000888 ) ;
#2950 = CONICAL_SURFACE ( 'NONE', #3552, 1.874999999999988232, 0.7853981633974419507 ) ;
#2951 = VERTEX_POINT ( 'NONE', #2984 ) ;
#2952 = VERTEX_POINT ( 'NONE', #4042 ) ;
#2953 = DIRECTION ( 'NONE',  ( 0.000000000000000000, 0.000000000000000000, 1.000000000000000000 ) ) ;
#2954 = DIRECTION ( 'NONE',  ( 0.000000000000000000, 0.000000000000000000, 1.000000000000000000 ) ) ;
#2955 = EDGE_CURVE ( 'NONE', #3600, #803, #1930, .T. ) ;
#2956 = ADVANCED_FACE ( 'NONE', ( #917 ), #3404, .T. ) ;
#2957 = CARTESIAN_POINT ( 'NONE',  ( 0.000000000000000000, 9.160000000000001918, 0.000000000000000000 ) ) ;
#2958 = DIRECTION ( 'NONE',  ( 0.000000000000000000, 0.000000000000000000, 1.000000000000000000 ) ) ;
#2959 = CIRCLE ( 'NONE', #3559, 2.000000000000001776 ) ;
#2960 = VERTEX_POINT ( 'NONE', #121 ) ;
#2961 = CARTESIAN_POINT ( 'NONE',  ( 6.540000000000006253, 9.160000000000001918, 9.000000000000001776 ) ) ;
#2962 = EDGE_CURVE ( 'NONE', #2563, #4299, #2431, .T. ) ;
#2963 = AXIS2_PLACEMENT_3D ( 'NONE', #4094, #2695, #913 ) ;
#2964 = CARTESIAN_POINT ( 'NONE',  ( 59.83999999999971919, 61.46000000000028507, 10.00000000000000000 ) ) ;
#2965 = CYLINDRICAL_SURFACE ( 'NONE', #2946, 1.000000000000000000 ) ;
#2966 = EDGE_CURVE ( 'NONE', #3901, #2976, #902, .T. ) ;
#2967 = EDGE_LOOP ( 'NONE', ( #2486, #3096, #1383, #4583 ) ) ;
#2968 = TOROIDAL_SURFACE ( 'NONE', #2666, 2.000000000000000000, 1.000000000000000000 ) ;
#2969 = ORIENTED_EDGE ( 'NONE', *, *, #3896, .F. ) ;
#2970 = CONICAL_SURFACE ( 'NONE', #2368, 1.874999999999988232, 0.7853981633974419507 ) ;
#2971 = ORIENTED_EDGE ( 'NONE', *, *, #4520, .T. ) ;
#2972 = VECTOR ( 'NONE', #639, 1000.000000000000000 ) ;
#2973 = LINE ( 'NONE', #2941, #1533 ) ;
#2974 = AXIS2_PLACEMENT_3D ( 'NONE', #2109, #765, #1135 ) ;
#2975 = DIRECTION ( 'NONE',  ( 0.000000000000000000, 0.000000000000000000, -1.000000000000000000 ) ) ;
#2976 = VERTEX_POINT ( 'NONE', #3766 ) ;
#2977 = CARTESIAN_POINT ( 'NONE',  ( 69.00000000000011369, 8.540000000000123492, 0.000000000000000000 ) ) ;
#2978 = AXIS2_PLACEMENT_3D ( 'NONE', #692, #2415, #3545 ) ;
#2979 = CARTESIAN_POINT ( 'NONE',  ( 65.46000000000002217, 59.84000000000001762, 9.000000000000001776 ) ) ;
#2980 = CIRCLE ( 'NONE', #1348, 1.000000000000000000 ) ;
#2981 = ORIENTED_EDGE ( 'NONE', *, *, #1402, .T. ) ;
#2982 = EDGE_CURVE ( 'NONE', #4504, #4066, #4187, .T. ) ;
#2983 = ORIENTED_EDGE ( 'NONE', *, *, #3217, .T. ) ;
#2984 = CARTESIAN_POINT ( 'NONE',  ( 67.46000000000002217, 57.84000000000001762, 10.00000000000000000 ) ) ;
#2985 = PRODUCT_CONTEXT ( 'NONE', #1597, 'mechanical' ) ;
#2986 = CARTESIAN_POINT ( 'NONE',  ( 10.15999999999970882, 62.45999999999975927, 1.000000000000000000 ) ) ;
#2987 = CARTESIAN_POINT ( 'NONE',  ( 63.92000000000000171, 69.00000000000001421, 9.000000000000001776 ) ) ;
#2988 = ORIENTED_EDGE ( 'NONE', *, *, #1906, .F. ) ;
#2989 = CARTESIAN_POINT ( 'NONE',  ( 69.00000000000000000, 8.450062914116737844E-15, 0.9999999999999991118 ) ) ;
#2990 = CARTESIAN_POINT ( 'NONE',  ( 60.46000000000001506, 57.84000000000001762, 10.00000000000000000 ) ) ;
#2991 = VERTEX_POINT ( 'NONE', #4505 ) ;
#2992 = ADVANCED_FACE ( 'NONE', ( #601 ), #4533, .T. ) ;
#2993 = CARTESIAN_POINT ( 'NONE',  ( 63.92000000000000171, 68.00000000000001421, 10.00000000000000000 ) ) ;
#2994 = VERTEX_POINT ( 'NONE', #1697 ) ;
#2995 = EDGE_CURVE ( 'NONE', #494, #2850, #3784, .T. ) ;
#2996 = DIRECTION ( 'NONE',  ( -0.000000000000000000, -0.000000000000000000, -1.000000000000000000 ) ) ;
#2997 = CARTESIAN_POINT ( 'NONE',  ( 68.00000000000000000, 5.080000000000008065, 1.000000000000000000 ) ) ;
#2998 = LINE ( 'NONE', #3804, #3860 ) ;
#2999 = EDGE_LOOP ( 'NONE', ( #1283, #3692, #3753, #2767 ) ) ;
#3000 = DIRECTION ( 'NONE',  ( 1.000000000000000000, 0.000000000000000000, 0.000000000000000000 ) ) ;
#3001 = DIRECTION ( 'NONE',  ( -3.428084671313985721E-15, 1.000000000000000000, 0.000000000000000000 ) ) ;
#3003 = AXIS2_PLACEMENT_3D ( 'NONE', #2997, #1968, #4426 ) ;
#3002 = CARTESIAN_POINT ( 'NONE',  ( 0.000000000000000000, 69.00000000000000000, 10.00000000000000000 ) ) ;
#3004 = ORIENTED_EDGE ( 'NONE', *, *, #1586, .T. ) ;
#3005 = VERTEX_POINT ( 'NONE', #1327 ) ;
#3006 = DIRECTION ( 'NONE',  ( 0.000000000000000000, 0.000000000000000000, 1.000000000000000000 ) ) ;
#3007 = CYLINDRICAL_SURFACE ( 'NONE', #2197, 1.000000000000000000 ) ;
#3008 = LINE ( 'NONE', #1605, #3770 ) ;
#3009 = DIRECTION ( 'NONE',  ( -4.625929269271485322E-15, 1.000000000000000000, 0.000000000000000000 ) ) ;
#3010 = VERTEX_POINT ( 'NONE', #1306 ) ;
#3011 = CARTESIAN_POINT ( 'NONE',  ( 5.080000000000000071, 63.92000000000000171, 1.000000000000000000 ) ) ;
#3012 = CARTESIAN_POINT ( 'NONE',  ( 61.63078643762692366, 5.080000000000015170, 9.000000000000001776 ) ) ;
#3013 = DIRECTION ( 'NONE',  ( -3.491481338843133355E-15, 1.000000000000000000, 0.000000000000000000 ) ) ;
#3014 = EDGE_LOOP ( 'NONE', ( #1790, #1417, #2867, #4292, #1781, #3069, #1456, #1871 ) ) ;
#3015 = CARTESIAN_POINT ( 'NONE',  ( 5.080000000000133298, 3.204999999999907256, 0.000000000000000000 ) ) ;
#3016 = ORIENTED_EDGE ( 'NONE', *, *, #2078, .T. ) ;
#3017 = DIRECTION ( 'NONE',  ( 0.000000000000000000, 0.000000000000000000, 1.000000000000000000 ) ) ;
#3018 = EDGE_CURVE ( 'NONE', #2451, #2264, #153, .T. ) ;
#3019 = DIRECTION ( 'NONE',  ( -1.000000000000000000, 0.000000000000000000, 0.000000000000000000 ) ) ;
#3020 = CARTESIAN_POINT ( 'NONE',  ( 58.83999999999973340, 60.46000000000027796, 9.000000000000001776 ) ) ;
#3021 = EDGE_CURVE ( 'NONE', #1405, #2349, #2748, .T. ) ;
#3022 = ORIENTED_EDGE ( 'NONE', *, *, #1684, .T. ) ;
#3023 = DIRECTION ( 'NONE',  ( 0.000000000000000000, 0.000000000000000000, 1.000000000000000000 ) ) ;
#3024 = CARTESIAN_POINT ( 'NONE',  ( 10.15999999999967862, 65.45999999999975216, 9.000000000000001776 ) ) ;
#3025 = DIRECTION ( 'NONE',  ( 0.000000000000000000, 0.000000000000000000, 1.000000000000000000 ) ) ;
#3026 = ORIENTED_EDGE ( 'NONE', *, *, #3674, .T. ) ;
#3027 = EDGE_CURVE ( 'NONE', #2585, #468, #2718, .T. ) ;
#3028 = AXIS2_PLACEMENT_3D ( 'NONE', #2185, #1218, #129 ) ;
#3029 = EDGE_LOOP ( 'NONE', ( #4560, #1664, #1773, #469 ) ) ;
#3030 = CIRCLE ( 'NONE', #65, 2.000000000000001776 ) ;
#3031 = DIRECTION ( 'NONE',  ( -0.000000000000000000, -0.000000000000000000, -1.000000000000000000 ) ) ;
#3032 = VECTOR ( 'NONE', #3664, 1000.000000000000000 ) ;
#3033 = CIRCLE ( 'NONE', #875, 5.080000000000000959 ) ;
#3034 = DIRECTION ( 'NONE',  ( -0.000000000000000000, -0.000000000000000000, 1.000000000000000000 ) ) ;
#3035 = FACE_OUTER_BOUND ( 'NONE', #4577, .T. ) ;
#3036 = VERTEX_POINT ( 'NONE', #4138 ) ;
#3037 = VECTOR ( 'NONE', #3136, 1000.000000000000000 ) ;
#3038 = DIRECTION ( 'NONE',  ( 1.000000000000000000, 0.000000000000000000, 0.000000000000000000 ) ) ;
#3039 = CIRCLE ( 'NONE', #1035, 2.000000000000001776 ) ;
#3040 = CARTESIAN_POINT ( 'NONE',  ( 58.83999999999966946, 66.46000000000026375, 1.000000000000000000 ) ) ;
#3041 = AXIS2_PLACEMENT_3D ( 'NONE', #3687, #1422, #4572 ) ;
#3042 = VERTEX_POINT ( 'NONE', #664 ) ;
#3043 = VERTEX_POINT ( 'NONE', #2365 ) ;
#3044 = AXIS2_PLACEMENT_3D ( 'NONE', #4552, #2369, #3796 ) ;
#3045 = DIRECTION ( 'NONE',  ( -1.000000000000000000, 0.000000000000000000, 0.000000000000000000 ) ) ;
#3046 = CARTESIAN_POINT ( 'NONE',  ( 59.83999999999966946, 66.46000000000027796, 9.000000000000001776 ) ) ;
#3047 = CONICAL_SURFACE ( 'NONE', #895, 1.125000000000000888, 0.7853981633974447263 ) ;
#3048 = CIRCLE ( 'NONE', #3568, 1.000000000000000888 ) ;
#3049 = CARTESIAN_POINT ( 'NONE',  ( 11.16000000000012804, 3.539999999999916103, 0.000000000000000000 ) ) ;
#3050 = ORIENTED_EDGE ( 'NONE', *, *, #4124, .T. ) ;
#3051 = ADVANCED_FACE ( 'NONE', ( #1392 ), #1006, .T. ) ;
#3052 = AXIS2_PLACEMENT_3D ( 'NONE', #1272, #2598, #844 ) ;
#3053 = TOROIDAL_SURFACE ( 'NONE', #1045, 2.000000000000000000, 1.000000000000000000 ) ;
#3054 = DIRECTION ( 'NONE',  ( 1.233581138472395244E-14, -1.000000000000000000, 0.000000000000000000 ) ) ;
#3055 = ORIENTED_EDGE ( 'NONE', *, *, #1508, .F. ) ;
#3056 = TOROIDAL_SURFACE ( 'NONE', #1192, 2.000000000000000000, 1.000000000000000000 ) ;
#3057 = AXIS2_PLACEMENT_3D ( 'NONE', #858, #2223, #3652 ) ;
#3058 = ORIENTED_EDGE ( 'NONE', *, *, #289, .T. ) ;
#3059 =( LENGTH_UNIT ( ) NAMED_UNIT ( * ) SI_UNIT ( .MILLI., .METRE. ) );
#3060 = DIRECTION ( 'NONE',  ( 1.247233394806660679E-16, -1.000000000000000000, 0.000000000000000000 ) ) ;
#3061 = EDGE_CURVE ( 'NONE', #1405, #4156, #537, .T. ) ;
#3062 = EDGE_CURVE ( 'NONE', #1237, #2525, #3499, .T. ) ;
#3063 = AXIS2_PLACEMENT_3D ( 'NONE', #238, #3806, #367 ) ;
#3064 = CARTESIAN_POINT ( 'NONE',  ( 57.84000000000011710, 7.540000000000084412, 1.000000000000000000 ) ) ;
#3065 = FACE_OUTER_BOUND ( 'NONE', #965, .T. ) ;
#3066 = ORIENTED_EDGE ( 'NONE', *, *, #859, .T. ) ;
#3067 = VECTOR ( 'NONE', #413, 1000.000000000000000 ) ;
#3068 = DIRECTION ( 'NONE',  ( 0.000000000000000000, 0.000000000000000000, 1.000000000000000000 ) ) ;
#3069 = ORIENTED_EDGE ( 'NONE', *, *, #3926, .T. ) ;
#3070 = LINE ( 'NONE', #4494, #4508 ) ;
#3071 = CYLINDRICAL_SURFACE ( 'NONE', #2627, 1.000000000000000888 ) ;
#3072 = DIRECTION ( 'NONE',  ( 0.000000000000000000, 0.000000000000000000, 1.000000000000000000 ) ) ;
#3073 = ORIENTED_EDGE ( 'NONE', *, *, #3152, .F. ) ;
#3074 = CARTESIAN_POINT ( 'NONE',  ( 0.000000000000000000, 5.080000000000000959, 0.9999999999999991118 ) ) ;
#3075 = CARTESIAN_POINT ( 'NONE',  ( 9.159999999999676845, 65.45999999999975216, 0.000000000000000000 ) ) ;
#3076 = FACE_OUTER_BOUND ( 'NONE', #1195, .T. ) ;
#3077 = VERTEX_POINT ( 'NONE', #625 ) ;
#3078 = ORIENTED_EDGE ( 'NONE', *, *, #154, .T. ) ;
#3079 = DIRECTION ( 'NONE',  ( 0.000000000000000000, 0.000000000000000000, 1.000000000000000000 ) ) ;
#3080 = DIRECTION ( 'NONE',  ( 0.000000000000000000, 0.000000000000000000, 1.000000000000000000 ) ) ;
#3081 = EDGE_CURVE ( 'NONE', #4504, #388, #2299, .T. ) ;
#3082 = CARTESIAN_POINT ( 'NONE',  ( 5.080000000000126192, 5.079999999999895266, 0.000000000000000000 ) ) ;
#3083 = CARTESIAN_POINT ( 'NONE',  ( 63.92000000000000171, 5.080000000000008065, 9.000000000000001776 ) ) ;
#3084 = ORIENTED_EDGE ( 'NONE', *, *, #2553, .F. ) ;
#3085 = EDGE_CURVE ( 'NONE', #2339, #3498, #319, .T. ) ;
#3086 = CARTESIAN_POINT ( 'NONE',  ( 3.540000000000000036, 59.84000000000000341, 0.000000000000000000 ) ) ;
#3087 = DIRECTION ( 'NONE',  ( -0.000000000000000000, -0.000000000000000000, -1.000000000000000000 ) ) ;
#3088 = VERTEX_POINT ( 'NONE', #1724 ) ;
#3089 = DIRECTION ( 'NONE',  ( -1.000000000000000000, -0.000000000000000000, 0.000000000000000000 ) ) ;
#3090 = DIRECTION ( 'NONE',  ( 1.047444401652940007E-14, -1.000000000000000000, 0.000000000000000000 ) ) ;
#3091 = FACE_OUTER_BOUND ( 'NONE', #1070, .T. ) ;
#3092 = EDGE_LOOP ( 'NONE', ( #1094, #723, #2410, #399 ) ) ;
#3093 = CARTESIAN_POINT ( 'NONE',  ( 66.46000000000002217, 10.16000000000001613, 0.000000000000000000 ) ) ;
#3094 = DIRECTION ( 'NONE',  ( -4.625929269271485322E-15, 1.000000000000000000, 0.000000000000000000 ) ) ;
#3095 = FACE_OUTER_BOUND ( 'NONE', #3941, .T. ) ;
#3096 = ORIENTED_EDGE ( 'NONE', *, *, #2765, .T. ) ;
#3097 = ORIENTED_EDGE ( 'NONE', *, *, #239, .T. ) ;
#3098 = CARTESIAN_POINT ( 'NONE',  ( 11.15999999999971060, 62.45999999999977348, 1.000000000000000000 ) ) ;
#3099 = PLANE ( 'NONE',  #56 ) ;
#3100 = CYLINDRICAL_SURFACE ( 'NONE', #4362, 5.080000000000000959 ) ;
#3101 = DIRECTION ( 'NONE',  ( 0.000000000000000000, -1.000000000000000000, 0.000000000000000000 ) ) ;
#3102 = EDGE_LOOP ( 'NONE', ( #92, #1305, #753, #2187 ) ) ;
#3103 = CARTESIAN_POINT ( 'NONE',  ( 63.92000000000001592, 5.080000000000015170, 9.707106781186546129 ) ) ;
#3104 = CARTESIAN_POINT ( 'NONE',  ( 68.00000000000000000, 63.92000000000001592, 9.000000000000001776 ) ) ;
#3105 = EDGE_CURVE ( 'NONE', #4028, #951, #3716, .T. ) ;
#3106 = AXIS2_PLACEMENT_3D ( 'NONE', #1932, #2303, #3728 ) ;
#3107 = CARTESIAN_POINT ( 'NONE',  ( 65.46000000000002217, 9.160000000000016129, 10.00000000000000000 ) ) ;
#3108 = TOROIDAL_SURFACE ( 'NONE', #2196, 2.000000000000000000, 1.000000000000000000 ) ;
#3109 = ORIENTED_EDGE ( 'NONE', *, *, #1898, .F. ) ;
#3110 = EDGE_CURVE ( 'NONE', #4066, #2925, #3811, .T. ) ;
#3111 = AXIS2_PLACEMENT_3D ( 'NONE', #3490, #2709, #1316 ) ;
#3112 = ADVANCED_FACE ( 'NONE', ( #4205 ), #2147, .T. ) ;
#3113 = CARTESIAN_POINT ( 'NONE',  ( 3.954999999999998295, 63.92000000000000171, 9.249999999999994671 ) ) ;
#3114 = DIRECTION ( 'NONE',  ( -0.000000000000000000, -0.000000000000000000, -1.000000000000000000 ) ) ;
#3115 = AXIS2_PLACEMENT_3D ( 'NONE', #3369, #4535, #987 ) ;
#3116 = VERTEX_POINT ( 'NONE', #337 ) ;
#3117 = DIRECTION ( 'NONE',  ( -0.000000000000000000, -0.000000000000000000, -1.000000000000000000 ) ) ;
#3118 = CIRCLE ( 'NONE', #2809, 1.999999999999999112 ) ;
#3119 = DIRECTION ( 'NONE',  ( -0.000000000000000000, -0.000000000000000000, -1.000000000000000000 ) ) ;
#3120 = ORIENTED_EDGE ( 'NONE', *, *, #147, .F. ) ;
#3121 = EDGE_LOOP ( 'NONE', ( #3292, #1477 ) ) ;
#3122 = CARTESIAN_POINT ( 'NONE',  ( 61.63078643762693787, 5.080000000000015170, 1.000000000000000000 ) ) ;
#3123 = AXIS2_PLACEMENT_3D ( 'NONE', #4559, #3517, #2450 ) ;
#3124 = AXIS2_PLACEMENT_3D ( 'NONE', #2171, #66, #95 ) ;
#3125 = DIRECTION ( 'NONE',  ( 1.000000000000000000, 0.000000000000000000, 0.000000000000000000 ) ) ;
#3126 = AXIS2_PLACEMENT_3D ( 'NONE', #3659, #3311, #3009 ) ;
#3127 = VECTOR ( 'NONE', #2834, 1000.000000000000000 ) ;
#3128 = EDGE_CURVE ( 'NONE', #3116, #3293, #2673, .T. ) ;
#3129 = DIRECTION ( 'NONE',  ( -1.000000000000000000, 0.000000000000000000, 0.000000000000000000 ) ) ;
#3130 = ORIENTED_EDGE ( 'NONE', *, *, #4466, .T. ) ;
#3131 = DIRECTION ( 'NONE',  ( 3.616204678323799768E-15, -1.000000000000000000, -0.000000000000000000 ) ) ;
#3132 = CARTESIAN_POINT ( 'NONE',  ( 63.92000000000001592, 5.080000000000015170, 0.2928932188134569792 ) ) ;
#3133 = AXIS2_PLACEMENT_3D ( 'NONE', #2578, #2234, #127 ) ;
#3134 = AXIS2_PLACEMENT_3D ( 'NONE', #597, #2337, #981 ) ;
#3135 = VERTEX_POINT ( 'NONE', #1418 ) ;
#3136 = DIRECTION ( 'NONE',  ( -0.000000000000000000, -0.000000000000000000, -1.000000000000000000 ) ) ;
#3137 = DIRECTION ( 'NONE',  ( 0.000000000000000000, 0.000000000000000000, -1.000000000000000000 ) ) ;
#3138 = EDGE_CURVE ( 'NONE', #2952, #2182, #971, .T. ) ;
#3139 = VERTEX_POINT ( 'NONE', #4316 ) ;
#3140 = EDGE_CURVE ( 'NONE', #1913, #600, #1824, .T. ) ;
#3141 = DIRECTION ( 'NONE',  ( 0.000000000000000000, 0.000000000000000000, 1.000000000000000000 ) ) ;
#3142 = ORIENTED_EDGE ( 'NONE', *, *, #476, .T. ) ;
#3143 = ORIENTED_EDGE ( 'NONE', *, *, #556, .T. ) ;
#3144 = DIRECTION ( 'NONE',  ( -1.000000000000000000, 0.000000000000000000, 0.000000000000000000 ) ) ;
#3145 = LINE ( 'NONE', #562, #4074 ) ;
#3146 = DIRECTION ( 'NONE',  ( -1.000000000000000000, -1.059916735601006648E-14, -0.000000000000000000 ) ) ;
#3147 = ORIENTED_EDGE ( 'NONE', *, *, #1731, .F. ) ;
#3148 = DIRECTION ( 'NONE',  ( -3.491481338843133355E-15, 1.000000000000000000, -0.000000000000000000 ) ) ;
#3149 = CARTESIAN_POINT ( 'NONE',  ( 58.84000000000013131, 3.540000000000088409, 1.000000000000000000 ) ) ;
#3150 = VERTEX_POINT ( 'NONE', #3965 ) ;
#3151 = DIRECTION ( 'NONE',  ( 1.000000000000000000, 1.224646799147353207E-16, -0.000000000000000000 ) ) ;
#3152 = EDGE_CURVE ( 'NONE', #3043, #35, #3210, .T. ) ;
#3153 = CARTESIAN_POINT ( 'NONE',  ( 62.46000000000001506, 57.84000000000001762, 1.000000000000000000 ) ) ;
#3154 = CARTESIAN_POINT ( 'NONE',  ( 3.205000000000012061, 63.92000000000000171, 0.000000000000000000 ) ) ;
#3155 = ORIENTED_EDGE ( 'NONE', *, *, #4525, .F. ) ;
#3156 = ORIENTED_EDGE ( 'NONE', *, *, #147, .T. ) ;
#3157 = ADVANCED_FACE ( 'NONE', ( #2173 ), #3252, .F. ) ;
#3158 = DIRECTION ( 'NONE',  ( 3.700743415417211608E-15, -1.000000000000000000, 0.000000000000000000 ) ) ;
#3159 = EDGE_CURVE ( 'NONE', #2370, #2721, #3541, .T. ) ;
#3160 = EDGE_LOOP ( 'NONE', ( #32, #3026, #4166, #348 ) ) ;
#3161 = ORIENTED_EDGE ( 'NONE', *, *, #2124, .F. ) ;
#3162 = CARTESIAN_POINT ( 'NONE',  ( 62.46000000000001506, 11.16000000000001791, 1.000000000000000000 ) ) ;
#3163 = DIRECTION ( 'NONE',  ( 0.000000000000000000, 0.000000000000000000, -1.000000000000000000 ) ) ;
#3164 = EDGE_CURVE ( 'NONE', #2607, #1296, #2081, .T. ) ;
#3165 = FACE_OUTER_BOUND ( 'NONE', #4195, .T. ) ;
#3166 = CARTESIAN_POINT ( 'NONE',  ( 57.84000000000011710, 8.540000000000084412, 9.000000000000001776 ) ) ;
#3167 = VERTEX_POINT ( 'NONE', #2193 ) ;
#3168 = CARTESIAN_POINT ( 'NONE',  ( 66.46000000000002217, 10.16000000000001613, 1.000000000000000000 ) ) ;
#3169 = DIRECTION ( 'NONE',  ( -0.000000000000000000, -0.000000000000000000, -1.000000000000000000 ) ) ;
#3170 = DIRECTION ( 'NONE',  ( 1.000000000000000000, 0.000000000000000000, 0.000000000000000000 ) ) ;
#3171 = ORIENTED_EDGE ( 'NONE', *, *, #4148, .T. ) ;
#3172 = AXIS2_PLACEMENT_3D ( 'NONE', #1492, #3708, #2602 ) ;
#3173 = DIRECTION ( 'NONE',  ( -0.000000000000000000, -0.000000000000000000, -1.000000000000000000 ) ) ;
#3174 = AXIS2_PLACEMENT_3D ( 'NONE', #3557, #741, #2153 ) ;
#3175 = AXIS2_PLACEMENT_3D ( 'NONE', #267, #1263, #3383 ) ;
#3176 = DIRECTION ( 'NONE',  ( 0.000000000000000000, 0.000000000000000000, -1.000000000000000000 ) ) ;
#3177 = EDGE_CURVE ( 'NONE', #3479, #4019, #1478, .T. ) ;
#3178 = DIRECTION ( 'NONE',  ( -0.000000000000000000, -0.000000000000000000, -1.000000000000000000 ) ) ;
#3179 = ORIENTED_EDGE ( 'NONE', *, *, #3128, .T. ) ;
#3180 = AXIS2_PLACEMENT_3D ( 'NONE', #3266, #464, #2601 ) ;
#3181 = SURFACE_STYLE_USAGE ( .BOTH. , #3276 ) ;
#3182 = AXIS2_PLACEMENT_3D ( 'NONE', #29, #3945, #1827 ) ;
#3183 = ADVANCED_FACE ( 'NONE', ( #28 ), #3269, .T. ) ;
#3184 = ORIENTED_EDGE ( 'NONE', *, *, #2466, .F. ) ;
#3185 = CIRCLE ( 'NONE', #2745, 1.000000000000000888 ) ;
#3186 = DIRECTION ( 'NONE',  ( -0.000000000000000000, -0.000000000000000000, -1.000000000000000000 ) ) ;
#3187 = DIRECTION ( 'NONE',  ( 0.000000000000000000, 0.000000000000000000, -1.000000000000000000 ) ) ;
#3188 = DIRECTION ( 'NONE',  ( -0.000000000000000000, -0.000000000000000000, -1.000000000000000000 ) ) ;
#3189 = EDGE_CURVE ( 'NONE', #2951, #2721, #1276, .T. ) ;
#3190 = AXIS2_PLACEMENT_3D ( 'NONE', #3020, #4130, #1667 ) ;
#3191 = ORIENTED_EDGE ( 'NONE', *, *, #3391, .T. ) ;
#3192 = DIRECTION ( 'NONE',  ( 0.000000000000000000, 0.000000000000000000, 1.000000000000000000 ) ) ;
#3193 = CARTESIAN_POINT ( 'NONE',  ( 10.15999999999966796, 66.45999999999975216, 1.000000000000000000 ) ) ;
#3194 = EDGE_CURVE ( 'NONE', #857, #3005, #4233, .T. ) ;
#3195 = AXIS2_PLACEMENT_3D ( 'NONE', #253, #343, #3170 ) ;
#3196 = AXIS2_PLACEMENT_3D ( 'NONE', #2903, #3922, #3280 ) ;
#3197 = DIRECTION ( 'NONE',  ( -1.047444401652940007E-14, 1.000000000000000000, 0.000000000000000000 ) ) ;
#3198 = ORIENTED_EDGE ( 'NONE', *, *, #3275, .F. ) ;
#3199 = VECTOR ( 'NONE', #2498, 1000.000000000000000 ) ;
#3200 = AXIS2_PLACEMENT_3D ( 'NONE', #4157, #1648, #3447 ) ;
#3201 = CARTESIAN_POINT ( 'NONE',  ( 63.91999999999971038, 62.79500000000032145, 9.249999999999994671 ) ) ;
#3202 = LINE ( 'NONE', #3578, #436 ) ;
#3203 = CIRCLE ( 'NONE', #1197, 1.000000000000000888 ) ;
#3204 = CARTESIAN_POINT ( 'NONE',  ( 60.46000000000002217, 11.16000000000001791, 1.000000000000000000 ) ) ;
#3205 = CARTESIAN_POINT ( 'NONE',  ( 8.540000000000004476, 11.16000000000000369, 10.00000000000000000 ) ) ;
#3206 = ORIENTED_EDGE ( 'NONE', *, *, #1161, .T. ) ;
#3207 = ORIENTED_EDGE ( 'NONE', *, *, #272, .F. ) ;
#3208 = DIRECTION ( 'NONE',  ( 1.000000000000000000, 0.000000000000000000, 0.000000000000000000 ) ) ;
#3209 = VERTEX_POINT ( 'NONE', #2520 ) ;
#3210 = LINE ( 'NONE', #4253, #1713 ) ;
#3211 = DIRECTION ( 'NONE',  ( 1.000000000000000000, 0.000000000000000000, 0.000000000000000000 ) ) ;
#3212 = ADVANCED_FACE ( 'NONE', ( #420 ), #454, .T. ) ;
#3213 = CYLINDRICAL_SURFACE ( 'NONE', #4449, 1.000000000000000000 ) ;
#3214 = ORIENTED_EDGE ( 'NONE', *, *, #390, .F. ) ;
#3215 = CARTESIAN_POINT ( 'NONE',  ( 57.83999999999971919, 61.46000000000026375, 0.000000000000000000 ) ) ;
#3216 = DIRECTION ( 'NONE',  ( 0.000000000000000000, 0.000000000000000000, 1.000000000000000000 ) ) ;
#3217 = EDGE_CURVE ( 'NONE', #2907, #438, #2446, .T. ) ;
#3218 = ADVANCED_FACE ( 'NONE', ( #1499 ), #2820, .T. ) ;
#3219 = ORIENTED_EDGE ( 'NONE', *, *, #19, .T. ) ;
#3220 = DIRECTION ( 'NONE',  ( -1.000000000000000000, -1.047444401652940007E-14, 0.000000000000000000 ) ) ;
#3221 = DIRECTION ( 'NONE',  ( 0.000000000000000000, 0.000000000000000000, -1.000000000000000000 ) ) ;
#3222 = DIRECTION ( 'NONE',  ( 1.000000000000000000, 1.059916735601006648E-14, 0.000000000000000000 ) ) ;
#3223 = ORIENTED_EDGE ( 'NONE', *, *, #2786, .F. ) ;
#3224 = VERTEX_POINT ( 'NONE', #745 ) ;
#3225 = AXIS2_PLACEMENT_3D ( 'NONE', #2353, #4543, #4495 ) ;
#3226 = DIRECTION ( 'NONE',  ( 1.000000000000000000, 0.000000000000000000, 0.000000000000000000 ) ) ;
#3227 = ORIENTED_EDGE ( 'NONE', *, *, #1796, .F. ) ;
#3228 = DIRECTION ( 'NONE',  ( 0.000000000000000000, 0.000000000000000000, 1.000000000000000000 ) ) ;
#3229 = FACE_OUTER_BOUND ( 'NONE', #3828, .T. ) ;
#3230 = ORIENTED_EDGE ( 'NONE', *, *, #3722, .T. ) ;
#3231 = DIRECTION ( 'NONE',  ( -1.000000000000000000, -3.616204678323799768E-15, 0.000000000000000000 ) ) ;
#3232 = ORIENTED_EDGE ( 'NONE', *, *, #3177, .F. ) ;
#3233 = CARTESIAN_POINT ( 'NONE',  ( 63.92000000000000171, 69.00000000000001421, 9.000000000000001776 ) ) ;
#3234 = DIRECTION ( 'NONE',  ( -0.000000000000000000, -0.000000000000000000, 1.000000000000000000 ) ) ;
#3235 = FACE_OUTER_BOUND ( 'NONE', #3092, .T. ) ;
#3236 = ORIENTED_EDGE ( 'NONE', *, *, #1116, .T. ) ;
#3237 = ADVANCED_FACE ( 'NONE', ( #3902 ), #3053, .T. ) ;
#3238 = CARTESIAN_POINT ( 'NONE',  ( 67.46000000000002217, 57.84000000000001762, 9.000000000000001776 ) ) ;
#3239 = EDGE_CURVE ( 'NONE', #542, #4437, #231, .T. ) ;
#3240 = CARTESIAN_POINT ( 'NONE',  ( 63.92000000000000171, 7.827942340149881525E-15, 10.00000000000000000 ) ) ;
#3241 = CARTESIAN_POINT ( 'NONE',  ( 5.080000000000126192, 5.079999999999895266, 9.000000000000001776 ) ) ;
#3242 = TOROIDAL_SURFACE ( 'NONE', #586, 2.289213562373099364, 1.000000000000000000 ) ;
#3243 = VERTEX_POINT ( 'NONE', #210 ) ;
#3244 = CIRCLE ( 'NONE', #1239, 1.000000000000000888 ) ;
#3245 = ORIENTED_EDGE ( 'NONE', *, *, #3779, .T. ) ;
#3246 = ORIENTED_EDGE ( 'NONE', *, *, #4213, .F. ) ;
#3247 = ADVANCED_FACE ( 'NONE', ( #4037 ), #611, .T. ) ;
#3248 = AXIS2_PLACEMENT_3D ( 'NONE', #3613, #1912, #2236 ) ;
#3249 = CIRCLE ( 'NONE', #434, 1.000000000000000888 ) ;
#3250 = AXIS2_PLACEMENT_3D ( 'NONE', #3823, #4451, #1280 ) ;
#3251 = ORIENTED_EDGE ( 'NONE', *, *, #248, .F. ) ;
#3252 = CYLINDRICAL_SURFACE ( 'NONE', #2441, 1.125000000000001776 ) ;
#3253 = CIRCLE ( 'NONE', #1466, 1.000000000000000888 ) ;
#3254 = CIRCLE ( 'NONE', #3849, 1.000000000000000888 ) ;
#3255 = ORIENTED_EDGE ( 'NONE', *, *, #4246, .F. ) ;
#3256 = FACE_OUTER_BOUND ( 'NONE', #1696, .T. ) ;
#3257 = ORIENTED_EDGE ( 'NONE', *, *, #2386, .T. ) ;
#3258 = CARTESIAN_POINT ( 'NONE',  ( 9.159999999999708820, 62.45999999999975216, 1.000000000000000000 ) ) ;
#3259 = DIRECTION ( 'NONE',  ( 1.000000000000000000, 0.000000000000000000, 0.000000000000000000 ) ) ;
#3260 = AXIS2_PLACEMENT_3D ( 'NONE', #3012, #2810, #645 ) ;
#3261 = CIRCLE ( 'NONE', #605, 2.000000000000001776 ) ;
#3262 = CIRCLE ( 'NONE', #375, 2.289213562373099364 ) ;
#3263 = ORIENTED_EDGE ( 'NONE', *, *, #3328, .F. ) ;
#3264 = DIRECTION ( 'NONE',  ( 1.000000000000000000, 0.000000000000000000, 0.000000000000000000 ) ) ;
#3265 = AXIS2_PLACEMENT_3D ( 'NONE', #1606, #3364, #1581 ) ;
#3266 = CARTESIAN_POINT ( 'NONE',  ( 5.080000000000000071, 63.92000000000000171, 9.707106781186546129 ) ) ;
#3267 = DIRECTION ( 'NONE',  ( -8.771713750829472270E-15, 1.000000000000000000, 0.000000000000000000 ) ) ;
#3268 = VECTOR ( 'NONE', #772, 999.9999999999998863 ) ;
#3269 = TOROIDAL_SURFACE ( 'NONE', #1928, 2.000000000000000000, 1.000000000000000000 ) ;
#3270 = ORIENTED_EDGE ( 'NONE', *, *, #409, .T. ) ;
#3271 = ORIENTED_EDGE ( 'NONE', *, *, #2934, .F. ) ;
#3272 = VERTEX_POINT ( 'NONE', #168 ) ;
#3273 = AXIS2_PLACEMENT_3D ( 'NONE', #4477, #55, #3661 ) ;
#3274 = CARTESIAN_POINT ( 'NONE',  ( -1.367666044828091114E-14, 68.00000000000000000, 0.000000000000000000 ) ) ;
#3275 = EDGE_CURVE ( 'NONE', #1127, #2628, #2004, .T. ) ;
#3276 = SURFACE_SIDE_STYLE ('',( #2872 ) ) ;
#3277 = EDGE_CURVE ( 'NONE', #2563, #2880, #2589, .T. ) ;
#3278 = VECTOR ( 'NONE', #2279, 1000.000000000000000 ) ;
#3279 = VERTEX_POINT ( 'NONE', #1971 ) ;
#3280 = DIRECTION ( 'NONE',  ( 0.000000000000000000, 0.000000000000000000, 1.000000000000000000 ) ) ;
#3281 = UNCERTAINTY_MEASURE_WITH_UNIT (LENGTH_MEASURE( 1.000000000000000082E-05 ), #3059, 'distance_accuracy_value', 'NONE');
#3282 = DIRECTION ( 'NONE',  ( 1.000000000000000000, 0.000000000000000000, 0.000000000000000000 ) ) ;
#3283 = EDGE_LOOP ( 'NONE', ( #1875, #851, #4388, #942 ) ) ;
#3284 = EDGE_LOOP ( 'NONE', ( #1368, #3853, #2270, #1011 ) ) ;
#3285 = CARTESIAN_POINT ( 'NONE',  ( 11.16000000000012804, 3.539999999999916103, 1.000000000000000000 ) ) ;
#3286 = DIRECTION ( 'NONE',  ( -3.854941057726234744E-15, 1.000000000000000000, 0.000000000000000000 ) ) ;
#3287 = DIRECTION ( 'NONE',  ( -1.000000000000000000, -0.000000000000000000, 0.000000000000000000 ) ) ;
#3288 = ORIENTED_EDGE ( 'NONE', *, *, #2638, .T. ) ;
#3289 = DIRECTION ( 'NONE',  ( 0.000000000000000000, 0.000000000000000000, -1.000000000000000000 ) ) ;
#3290 = CARTESIAN_POINT ( 'NONE',  ( 5.080000000000000071, 63.92000000000000171, 0.9999999999999991118 ) ) ;
#3291 = DIRECTION ( 'NONE',  ( 1.000000000000000000, 0.000000000000000000, 0.000000000000000000 ) ) ;
#3292 = ORIENTED_EDGE ( 'NONE', *, *, #1002, .T. ) ;
#3293 = VERTEX_POINT ( 'NONE', #2564 ) ;
#3294 = ADVANCED_FACE ( 'NONE', ( #1922 ), #3397, .T. ) ;
#3295 = EDGE_LOOP ( 'NONE', ( #4476, #126, #3618, #3488 ) ) ;
#3296 = CIRCLE ( 'NONE', #774, 1.000000000000000000 ) ;
#3297 = DIRECTION ( 'NONE',  ( 0.000000000000000000, -1.000000000000000000, 0.000000000000000000 ) ) ;
#3298 = FACE_OUTER_BOUND ( 'NONE', #110, .T. ) ;
#3299 = ORIENTED_EDGE ( 'NONE', *, *, #3899, .T. ) ;
#3300 = LINE ( 'NONE', #4361, #751 ) ;
#3301 = EDGE_CURVE ( 'NONE', #3713, #1576, #3300, .T. ) ;
#3302 = ADVANCED_FACE ( 'NONE', ( #2245 ), #85, .T. ) ;
#3303 = DIRECTION ( 'NONE',  ( -0.000000000000000000, -0.000000000000000000, -1.000000000000000000 ) ) ;
#3304 = ORIENTED_EDGE ( 'NONE', *, *, #2821, .F. ) ;
#3305 = ORIENTED_EDGE ( 'NONE', *, *, #1161, .F. ) ;
#3306 = DIRECTION ( 'NONE',  ( -1.000000000000000000, 0.000000000000000000, 0.000000000000000000 ) ) ;
#3307 = LINE ( 'NONE', #1882, #3199 ) ;
#3308 = DIRECTION ( 'NONE',  ( -1.000000000000000000, 0.000000000000000000, 0.000000000000000000 ) ) ;
#3309 = EDGE_CURVE ( 'NONE', #733, #3746, #1052, .T. ) ;
#3310 = EDGE_CURVE ( 'NONE', #718, #3629, #1481, .T. ) ;
#3311 = DIRECTION ( 'NONE',  ( 0.000000000000000000, 0.000000000000000000, 1.000000000000000000 ) ) ;
#3312 = ORIENTED_EDGE ( 'NONE', *, *, #1561, .T. ) ;
#3313 = DIRECTION ( 'NONE',  ( 0.000000000000000000, 0.000000000000000000, 1.000000000000000000 ) ) ;
#3314 = DIRECTION ( 'NONE',  ( 0.000000000000000000, 0.000000000000000000, -1.000000000000000000 ) ) ;
#3315 = CARTESIAN_POINT ( 'NONE',  ( 57.84000000000013131, 2.540000000000085301, 0.000000000000000000 ) ) ;
#3316 = ORIENTED_EDGE ( 'NONE', *, *, #1966, .T. ) ;
#3317 = ORIENTED_EDGE ( 'NONE', *, *, #4491, .T. ) ;
#3318 = ORIENTED_EDGE ( 'NONE', *, *, #3027, .T. ) ;
#3319 = CARTESIAN_POINT ( 'NONE',  ( 2.540000000000006253, 9.160000000000001918, 9.000000000000001776 ) ) ;
#3320 = LINE ( 'NONE', #3740, #4328 ) ;
#3321 = ORIENTED_EDGE ( 'NONE', *, *, #473, .F. ) ;
#3322 = DIRECTION ( 'NONE',  ( 0.000000000000000000, 0.000000000000000000, 1.000000000000000000 ) ) ;
#3323 = CIRCLE ( 'NONE', #1454, 1.999999999999999556 ) ;
#3324 = CARTESIAN_POINT ( 'NONE',  ( 1.000000000000000000, 63.92000000000000171, 0.9999999999999991118 ) ) ;
#3325 = AXIS2_PLACEMENT_3D ( 'NONE', #2219, #1873, #3297 ) ;
#3326 = VERTEX_POINT ( 'NONE', #548 ) ;
#3327 = ORIENTED_EDGE ( 'NONE', *, *, #239, .F. ) ;
#3328 = EDGE_CURVE ( 'NONE', #3390, #2991, #3720, .T. ) ;
#3329 = FACE_OUTER_BOUND ( 'NONE', #263, .T. ) ;
#3330 = CARTESIAN_POINT ( 'NONE',  ( 59.84000000000014552, 8.597922730261977584E-14, 1.000000000000000000 ) ) ;
#3331 = AXIS2_PLACEMENT_3D ( 'NONE', #3290, #779, #2184 ) ;
#3332 = ADVANCED_FACE ( 'NONE', ( #3693 ), #2591, .T. ) ;
#3333 = CARTESIAN_POINT ( 'NONE',  ( 58.83999999999966946, 66.46000000000026375, 0.000000000000000000 ) ) ;
#3334 = FACE_OUTER_BOUND ( 'NONE', #1148, .T. ) ;
#3335 = AXIS2_PLACEMENT_3D ( 'NONE', #3627, #73, #99 ) ;
#3336 = ORIENTED_EDGE ( 'NONE', *, *, #3081, .F. ) ;
#3337 = EDGE_CURVE ( 'NONE', #3555, #35, #686, .T. ) ;
#3338 = LINE ( 'NONE', #3752, #2227 ) ;
#3339 = AXIS2_PLACEMENT_3D ( 'NONE', #1972, #1951, #3675 ) ;
#3340 = DIRECTION ( 'NONE',  ( 0.000000000000000000, 0.000000000000000000, 1.000000000000000000 ) ) ;
#3341 = DIRECTION ( 'NONE',  ( 1.000000000000000000, 1.047444401652940007E-14, 0.000000000000000000 ) ) ;
#3342 = ORIENTED_EDGE ( 'NONE', *, *, #675, .T. ) ;
#3343 = AXIS2_PLACEMENT_3D ( 'NONE', #881, #4404, #2381 ) ;
#3344 = DIRECTION ( 'NONE',  ( 0.000000000000000000, 0.000000000000000000, -1.000000000000000000 ) ) ;
#3345 = ORIENTED_EDGE ( 'NONE', *, *, #1110, .T. ) ;
#3346 = CONICAL_SURFACE ( 'NONE', #243, 1.125000000000001776, 0.7853981633974447263 ) ;
#3347 = CARTESIAN_POINT ( 'NONE',  ( 6.540000000000006253, 11.16000000000000369, 1.000000000000000000 ) ) ;
#3348 = AXIS2_PLACEMENT_3D ( 'NONE', #3454, #1352, #3144 ) ;
#3349 = CARTESIAN_POINT ( 'NONE',  ( 65.46000000000002217, 57.84000000000001762, 0.000000000000000000 ) ) ;
#3350 = DIRECTION ( 'NONE',  ( -1.000000000000000000, -1.247233394806660679E-16, 0.000000000000000000 ) ) ;
#3351 = ORIENTED_EDGE ( 'NONE', *, *, #1065, .F. ) ;
#3352 = DIRECTION ( 'NONE',  ( 1.047444401652940007E-14, -1.000000000000000000, -0.000000000000000000 ) ) ;
#3353 = TOROIDAL_SURFACE ( 'NONE', #2892, 2.000000000000000000, 1.000000000000000000 ) ;
#3354 = CIRCLE ( 'NONE', #2898, 2.000000000000001776 ) ;
#3355 = CARTESIAN_POINT ( 'NONE',  ( 11.16000000000012093, 6.539999999999916547, 0.000000000000000000 ) ) ;
#3356 = DIRECTION ( 'NONE',  ( 0.000000000000000000, 0.000000000000000000, 1.000000000000000000 ) ) ;
#3357 = CIRCLE ( 'NONE', #1864, 1.000000000000000888 ) ;
#3358 = ORIENTED_EDGE ( 'NONE', *, *, #2636, .T. ) ;
#3359 = ORIENTED_EDGE ( 'NONE', *, *, #3838, .F. ) ;
#3360 = FACE_OUTER_BOUND ( 'NONE', #1300, .T. ) ;
#3361 = CARTESIAN_POINT ( 'NONE',  ( 63.91999999999969617, 63.92000000000032145, 1.000000000000000000 ) ) ;
#3362 = DIRECTION ( 'NONE',  ( -0.000000000000000000, -0.000000000000000000, -1.000000000000000000 ) ) ;
#3363 = EDGE_CURVE ( 'NONE', #4249, #2052, #3642, .T. ) ;
#3364 = DIRECTION ( 'NONE',  ( 0.000000000000000000, 0.000000000000000000, 1.000000000000000000 ) ) ;
#3365 = ORIENTED_EDGE ( 'NONE', *, *, #3485, .F. ) ;
#3366 = CARTESIAN_POINT ( 'NONE',  ( 63.92000000000001592, 5.080000000000015170, 0.000000000000000000 ) ) ;
#3367 = EDGE_CURVE ( 'NONE', #718, #3326, #3354, .T. ) ;
#3368 = EDGE_CURVE ( 'NONE', #2033, #1504, #1520, .T. ) ;
#3369 = CARTESIAN_POINT ( 'NONE',  ( 63.92000000000001592, 5.080000000000015170, 0.000000000000000000 ) ) ;
#3370 = DIRECTION ( 'NONE',  ( 0.000000000000000000, 0.000000000000000000, -1.000000000000000000 ) ) ;
#3371 = ORIENTED_EDGE ( 'NONE', *, *, #377, .T. ) ;
#3372 = DIRECTION ( 'NONE',  ( -1.000000000000000000, 0.000000000000000000, 0.000000000000000000 ) ) ;
#3373 = ORIENTED_EDGE ( 'NONE', *, *, #4567, .F. ) ;
#3374 = DIRECTION ( 'NONE',  ( -0.000000000000000000, -0.000000000000000000, -1.000000000000000000 ) ) ;
#3375 = FACE_OUTER_BOUND ( 'NONE', #1914, .T. ) ;
#3376 = CYLINDRICAL_SURFACE ( 'NONE', #3190, 1.000000000000000888 ) ;
#3377 = EDGE_LOOP ( 'NONE', ( #3866, #1446, #1208, #829, #101, #1201, #3084, #2248 ) ) ;
#3378 = DIRECTION ( 'NONE',  ( -0.000000000000000000, -0.000000000000000000, -1.000000000000000000 ) ) ;
#3379 = CYLINDRICAL_SURFACE ( 'NONE', #4518, 1.000000000000000000 ) ;
#3380 = DIRECTION ( 'NONE',  ( 1.000000000000000000, 0.000000000000000000, 0.000000000000000000 ) ) ;
#3381 = ORIENTED_EDGE ( 'NONE', *, *, #1441, .F. ) ;
#3382 = VERTEX_POINT ( 'NONE', #4059 ) ;
#3383 = DIRECTION ( 'NONE',  ( 1.000000000000000000, 0.000000000000000000, 0.000000000000000000 ) ) ;
#3384 = FACE_OUTER_BOUND ( 'NONE', #142, .T. ) ;
#3385 = EDGE_LOOP ( 'NONE', ( #416, #351, #4011, #2837 ) ) ;
#3386 = DIRECTION ( 'NONE',  ( 0.000000000000000000, 0.000000000000000000, 1.000000000000000000 ) ) ;
#3387 = DIRECTION ( 'NONE',  ( -0.000000000000000000, -0.000000000000000000, -1.000000000000000000 ) ) ;
#3388 = EDGE_CURVE ( 'NONE', #4230, #494, #912, .T. ) ;
#3389 = VERTEX_POINT ( 'NONE', #139 ) ;
#3390 = VERTEX_POINT ( 'NONE', #2292 ) ;
#3391 = EDGE_CURVE ( 'NONE', #1519, #2907, #1547, .T. ) ;
#3392 = LINE ( 'NONE', #3113, #2650 ) ;
#3393 = DIRECTION ( 'NONE',  ( 0.000000000000000000, 0.000000000000000000, -1.000000000000000000 ) ) ;
#3394 = ADVANCED_FACE ( 'NONE', ( #1301 ), #2225, .F. ) ;
#3395 = LINE ( 'NONE', #3421, #4082 ) ;
#3396 = VERTEX_POINT ( 'NONE', #2713 ) ;
#3397 = CYLINDRICAL_SURFACE ( 'NONE', #904, 1.000000000000000888 ) ;
#3398 = EDGE_CURVE ( 'NONE', #1296, #1450, #259, .T. ) ;
#3399 = FACE_OUTER_BOUND ( 'NONE', #2311, .T. ) ;
#3400 = FACE_OUTER_BOUND ( 'NONE', #1112, .T. ) ;
#3401 = ORIENTED_EDGE ( 'NONE', *, *, #2840, .F. ) ;
#3402 = CIRCLE ( 'NONE', #2565, 1.582106781186545685 ) ;
#3403 = VERTEX_POINT ( 'NONE', #4527 ) ;
#3404 = CYLINDRICAL_SURFACE ( 'NONE', #3637, 1.000000000000000000 ) ;
#3405 = CIRCLE ( 'NONE', #2947, 1.000000000000000000 ) ;
#3406 = DIRECTION ( 'NONE',  ( 1.000000000000000000, 0.000000000000000000, 0.000000000000000000 ) ) ;
#3407 = CARTESIAN_POINT ( 'NONE',  ( 57.84000000000013131, 2.540000000000085301, 9.000000000000001776 ) ) ;
#3408 = CIRCLE ( 'NONE', #54, 1.000000000000000000 ) ;
#3409 = CIRCLE ( 'NONE', #1455, 1.582106781186531919 ) ;
#3410 = LINE ( 'NONE', #1636, #1044 ) ;
#3411 = ORIENTED_EDGE ( 'NONE', *, *, #3164, .T. ) ;
#3412 = AXIS2_PLACEMENT_3D ( 'NONE', #930, #1733, #3891 ) ;
#3413 = DIRECTION ( 'NONE',  ( 1.000000000000000000, 1.047444401652940007E-14, 0.000000000000000000 ) ) ;
#3414 = AXIS2_PLACEMENT_3D ( 'NONE', #3564, #1117, #787 ) ;
#3415 = CIRCLE ( 'NONE', #2065, 1.582106781186535027 ) ;
#3416 = ORIENTED_EDGE ( 'NONE', *, *, #2581, .T. ) ;
#3417 = AXIS2_PLACEMENT_3D ( 'NONE', #1030, #295, #1748 ) ;
#3418 = DIRECTION ( 'NONE',  ( 0.000000000000000000, 0.000000000000000000, -1.000000000000000000 ) ) ;
#3419 = CYLINDRICAL_SURFACE ( 'NONE', #3537, 1.000000000000000888 ) ;
#3420 = AXIS2_PLACEMENT_3D ( 'NONE', #1593, #4475, #4090 ) ;
#3421 = CARTESIAN_POINT ( 'NONE',  ( 62.79500000000001592, 5.080000000000015170, 0.000000000000000000 ) ) ;
#3422 = ORIENTED_EDGE ( 'NONE', *, *, #4038, .T. ) ;
#3423 = CARTESIAN_POINT ( 'NONE',  ( 62.46000000000001506, 58.84000000000001762, 1.000000000000000000 ) ) ;
#3424 = AXIS2_PLACEMENT_3D ( 'NONE', #2621, #125, #2306 ) ;
#3425 = EDGE_CURVE ( 'NONE', #1754, #653, #2374, .T. ) ;
#3426 = AXIS2_PLACEMENT_3D ( 'NONE', #2157, #3943, #836 ) ;
#3427 = CARTESIAN_POINT ( 'NONE',  ( 63.91999999999972459, 61.63078643762722919, 10.00000000000000178 ) ) ;
#3428 = ADVANCED_FACE ( 'NONE', ( #2335 ), #1001, .F. ) ;
#3429 = CARTESIAN_POINT ( 'NONE',  ( 61.46000000000002217, 11.16000000000001791, 9.000000000000001776 ) ) ;
#3430 = ORIENTED_EDGE ( 'NONE', *, *, #3152, .T. ) ;
#3431 = VECTOR ( 'NONE', #33, 1000.000000000000000 ) ;
#3432 = TOROIDAL_SURFACE ( 'NONE', #3133, 2.000000000000000000, 1.000000000000000000 ) ;
#3433 = ORIENTED_EDGE ( 'NONE', *, *, #717, .T. ) ;
#3434 = CARTESIAN_POINT ( 'NONE',  ( 11.15999999999972303, 61.45999999999977348, 10.00000000000000000 ) ) ;
#3435 = FACE_BOUND ( 'NONE', #2886, .T. ) ;
#3436 = DIRECTION ( 'NONE',  ( 4.385856875414685648E-15, -1.000000000000000000, 0.000000000000000000 ) ) ;
#3437 = DIRECTION ( 'NONE',  ( -1.000000000000000000, 0.000000000000000000, 0.000000000000000000 ) ) ;
#3438 = ORIENTED_EDGE ( 'NONE', *, *, #4060, .F. ) ;
#3439 = FACE_OUTER_BOUND ( 'NONE', #1355, .T. ) ;
#3440 = CARTESIAN_POINT ( 'NONE',  ( 11.15999999999967862, 65.45999999999976637, 10.00000000000000000 ) ) ;
#3441 = DIRECTION ( 'NONE',  ( 1.000000000000000000, 0.000000000000000000, 0.000000000000000000 ) ) ;
#3442 = VERTEX_POINT ( 'NONE', #3074 ) ;
#3443 = DIRECTION ( 'NONE',  ( 0.000000000000000000, 0.000000000000000000, 1.000000000000000000 ) ) ;
#3444 = CARTESIAN_POINT ( 'NONE',  ( 5.080000000000000071, 63.92000000000000171, 9.249999999999994671 ) ) ;
#3445 = CARTESIAN_POINT ( 'NONE',  ( 58.83999999999965524, 67.46000000000026375, 10.00000000000000000 ) ) ;
#3446 = VERTEX_POINT ( 'NONE', #4132 ) ;
#3447 = DIRECTION ( 'NONE',  ( 0.000000000000000000, 0.000000000000000000, 1.000000000000000000 ) ) ;
#3448 = CARTESIAN_POINT ( 'NONE',  ( 57.83999999999971919, 61.46000000000026375, 1.000000000000000000 ) ) ;
#3449 = DIRECTION ( 'NONE',  ( 1.000000000000000000, 0.000000000000000000, 0.000000000000000000 ) ) ;
#3450 = VERTEX_POINT ( 'NONE', #2764 ) ;
#3451 = VECTOR ( 'NONE', #2242, 1000.000000000000000 ) ;
#3452 = EDGE_CURVE ( 'NONE', #1450, #576, #11, .T. ) ;
#3453 = ORIENTED_EDGE ( 'NONE', *, *, #70, .F. ) ;
#3454 = CARTESIAN_POINT ( 'NONE',  ( 65.46000000000002217, 11.16000000000001791, 10.00000000000000000 ) ) ;
#3455 = CARTESIAN_POINT ( 'NONE',  ( 10.16000000000012093, 6.539999999999912994, 9.000000000000001776 ) ) ;
#3456 = DIRECTION ( 'NONE',  ( -1.000000000000000000, -3.491481338843133355E-15, -0.000000000000000000 ) ) ;
#3457 = EDGE_CURVE ( 'NONE', #441, #1809, #952, .T. ) ;
#3458 = ORIENTED_EDGE ( 'NONE', *, *, #4317, .T. ) ;
#3459 = LINE ( 'NONE', #991, #1639 ) ;
#3460 = DIRECTION ( 'NONE',  ( 1.000000000000000000, 0.000000000000000000, 0.000000000000000000 ) ) ;
#3461 = EDGE_CURVE ( 'NONE', #600, #2339, #3791, .T. ) ;
#3462 = ORIENTED_EDGE ( 'NONE', *, *, #1079, .F. ) ;
#3463 = CARTESIAN_POINT ( 'NONE',  ( 6.540000000000006253, 11.16000000000000369, 10.00000000000000000 ) ) ;
#3464 = CARTESIAN_POINT ( 'NONE',  ( 3.540000000000000036, 57.84000000000000341, 10.00000000000000000 ) ) ;
#3465 = FACE_OUTER_BOUND ( 'NONE', #1132, .T. ) ;
#3466 = ORIENTED_EDGE ( 'NONE', *, *, #560, .F. ) ;
#3467 = DIRECTION ( 'NONE',  ( -1.000000000000000000, 0.000000000000000000, 0.000000000000000000 ) ) ;
#3468 = PRODUCT_DEFINITION_FORMATION_WITH_SPECIFIED_SOURCE ( 'ANY', '', #395, .NOT_KNOWN. ) ;
#3469 = DIRECTION ( 'NONE',  ( 0.000000000000000000, 0.000000000000000000, 1.000000000000000000 ) ) ;
#3470 = ORIENTED_EDGE ( 'NONE', *, *, #3239, .F. ) ;
#3471 = EDGE_LOOP ( 'NONE', ( #3981, #3232, #3214, #3984 ) ) ;
#3472 = DIRECTION ( 'NONE',  ( 0.000000000000000000, 0.000000000000000000, 1.000000000000000000 ) ) ;
#3473 = CARTESIAN_POINT ( 'NONE',  ( 57.83999999999967656, 65.46000000000026375, 0.000000000000000000 ) ) ;
#3474 = CARTESIAN_POINT ( 'NONE',  ( 65.46000000000002217, 57.84000000000001762, 0.000000000000000000 ) ) ;
#3475 = CIRCLE ( 'NONE', #1609, 1.000000000000000000 ) ;
#3476 = ADVANCED_FACE ( 'NONE', ( #2358 ), #1346, .F. ) ;
#3477 = DIRECTION ( 'NONE',  ( 3.700743415417211608E-15, -1.000000000000000000, 0.000000000000000000 ) ) ;
#3478 = DIRECTION ( 'NONE',  ( 1.233581138472395244E-14, -1.000000000000000000, 0.000000000000000000 ) ) ;
#3479 = VERTEX_POINT ( 'NONE', #1669 ) ;
#3480 = DIRECTION ( 'NONE',  ( 0.000000000000000000, 0.000000000000000000, 1.000000000000000000 ) ) ;
#3481 = DIRECTION ( 'NONE',  ( 0.000000000000000000, 1.000000000000000000, 0.000000000000000000 ) ) ;
#3482 = DIRECTION ( 'NONE',  ( 0.000000000000000000, 0.000000000000000000, 1.000000000000000000 ) ) ;
#3483 = CIRCLE ( 'NONE', #4055, 1.000000000000000888 ) ;
#3484 = VECTOR ( 'NONE', #3080, 1000.000000000000000 ) ;
#3485 = EDGE_CURVE ( 'NONE', #2525, #488, #1783, .T. ) ;
#3486 = ADVANCED_FACE ( 'NONE', ( #2844 ), #3782, .F. ) ;
#3487 = VECTOR ( 'NONE', #2832, 1000.000000000000000 ) ;
#3488 = ORIENTED_EDGE ( 'NONE', *, *, #4029, .F. ) ;
#3489 = VECTOR ( 'NONE', #414, 1000.000000000000000 ) ;
#3490 = CARTESIAN_POINT ( 'NONE',  ( 62.46000000000001506, 59.84000000000001762, 9.000000000000001776 ) ) ;
#3491 = FACE_OUTER_BOUND ( 'NONE', #3582, .T. ) ;
#3492 = CIRCLE ( 'NONE', #2735, 1.000000000000000888 ) ;
#3493 = ORIENTED_EDGE ( 'NONE', *, *, #1592, .T. ) ;
#3494 = VECTOR ( 'NONE', #3146, 1000.000000000000000 ) ;
#3495 = VECTOR ( 'NONE', #2020, 1000.000000000000000 ) ;
#3496 = CYLINDRICAL_SURFACE ( 'NONE', #2507, 1.000000000000000888 ) ;
#3497 = VERTEX_POINT ( 'NONE', #3201 ) ;
#3498 = VERTEX_POINT ( 'NONE', #3423 ) ;
#3499 = LINE ( 'NONE', #2092, #1115 ) ;
#3500 = VECTOR ( 'NONE', #3287, 1000.000000000000000 ) ;
#3501 = AXIS2_PLACEMENT_3D ( 'NONE', #2159, #2175, #2856 ) ;
#3502 = CIRCLE ( 'NONE', #1851, 1.000000000000000888 ) ;
#3503 = DIRECTION ( 'NONE',  ( -1.000000000000000000, -0.000000000000000000, -0.000000000000000000 ) ) ;
#3504 = VECTOR ( 'NONE', #1768, 1000.000000000000000 ) ;
#3505 = FACE_OUTER_BOUND ( 'NONE', #3385, .T. ) ;
#3506 = ORIENTED_EDGE ( 'NONE', *, *, #1879, .F. ) ;
#3507 = CARTESIAN_POINT ( 'NONE',  ( 6.540000000000000924, 58.84000000000000341, 9.000000000000001776 ) ) ;
#3508 = DIRECTION ( 'NONE',  ( 0.000000000000000000, 0.000000000000000000, 1.000000000000000000 ) ) ;
#3509 = VECTOR ( 'NONE', #4113, 1000.000000000000000 ) ;
#3510 = ADVANCED_FACE ( 'NONE', ( #3577 ), #2693, .T. ) ;
#3511 = AXIS2_PLACEMENT_3D ( 'NONE', #899, #3413, #3068 ) ;
#3512 = ORIENTED_EDGE ( 'NONE', *, *, #4491, .F. ) ;
#3513 = ADVANCED_FACE ( 'NONE', ( #4499 ), #4236, .T. ) ;
#3514 = ADVANCED_FACE ( 'NONE', ( #3911 ), #1119, .F. ) ;
#3515 = LINE ( 'NONE', #327, #1694 ) ;
#3516 = FACE_OUTER_BOUND ( 'NONE', #3283, .T. ) ;
#3517 = DIRECTION ( 'NONE',  ( -0.000000000000000000, -0.000000000000000000, -1.000000000000000000 ) ) ;
#3518 = EDGE_LOOP ( 'NONE', ( #1442, #3318, #520, #406 ) ) ;
#3519 = ADVANCED_FACE ( 'NONE', ( #4181 ), #4379, .T. ) ;
#3520 = DIRECTION ( 'NONE',  ( -1.247233394806660679E-16, 1.000000000000000000, -0.000000000000000000 ) ) ;
#3521 = EDGE_LOOP ( 'NONE', ( #3438, #1016, #3422, #1594 ) ) ;
#3522 = VERTEX_POINT ( 'NONE', #4456 ) ;
#3523 = DIRECTION ( 'NONE',  ( 1.247233394806660679E-16, -1.000000000000000000, 0.000000000000000000 ) ) ;
#3524 = CARTESIAN_POINT ( 'NONE',  ( 5.080000000000000071, 63.92000000000000171, 0.000000000000000000 ) ) ;
#3525 = ORIENTED_EDGE ( 'NONE', *, *, #1223, .T. ) ;
#3526 = DIRECTION ( 'NONE',  ( -3.469446951953614189E-15, 1.000000000000000000, 0.000000000000000000 ) ) ;
#3527 = CARTESIAN_POINT ( 'NONE',  ( 69.00000000000001421, 9.160000000000016129, 1.000000000000000000 ) ) ;
#3528 = ORIENTED_EDGE ( 'NONE', *, *, #4261, .F. ) ;
#3529 = DIRECTION ( 'NONE',  ( -0.000000000000000000, -0.000000000000000000, -1.000000000000000000 ) ) ;
#3530 = EDGE_CURVE ( 'NONE', #3901, #2531, #234, .T. ) ;
#3531 = DIRECTION ( 'NONE',  ( 1.040834085586083310E-14, -1.000000000000000000, 0.000000000000000000 ) ) ;
#3532 = ADVANCED_FACE ( 'NONE', ( #824 ), #3432, .T. ) ;
#3533 = EDGE_LOOP ( 'NONE', ( #1974, #4416, #3574, #3305 ) ) ;
#3534 = ADVANCED_FACE ( 'NONE', ( #2913 ), #3721, .T. ) ;
#3535 = DIRECTION ( 'NONE',  ( -0.000000000000000000, -0.000000000000000000, -1.000000000000000000 ) ) ;
#3536 = CIRCLE ( 'NONE', #1825, 1.000000000000000888 ) ;
#3537 = AXIS2_PLACEMENT_3D ( 'NONE', #588, #4151, #4197 ) ;
#3538 = ORIENTED_EDGE ( 'NONE', *, *, #1389, .T. ) ;
#3539 = EDGE_CURVE ( 'NONE', #4156, #1175, #4306, .T. ) ;
#3540 = ORIENTED_EDGE ( 'NONE', *, *, #264, .F. ) ;
#3541 = LINE ( 'NONE', #1089, #4303 ) ;
#3542 = CARTESIAN_POINT ( 'NONE',  ( 57.83999999999967656, 65.46000000000026375, 1.000000000000000000 ) ) ;
#3543 = CARTESIAN_POINT ( 'NONE',  ( 62.46000000000001506, 11.16000000000001791, 1.000000000000000000 ) ) ;
#3544 = ORIENTED_EDGE ( 'NONE', *, *, #439, .F. ) ;
#3545 = DIRECTION ( 'NONE',  ( -1.000000000000000000, 0.000000000000000000, 0.000000000000000000 ) ) ;
#3546 = FACE_OUTER_BOUND ( 'NONE', #18, .T. ) ;
#3547 = LINE ( 'NONE', #1076, #1409 ) ;
#3548 = ORIENTED_EDGE ( 'NONE', *, *, #4102, .T. ) ;
#3549 = DIRECTION ( 'NONE',  ( -0.000000000000000000, -0.000000000000000000, -1.000000000000000000 ) ) ;
#3550 = CLOSED_SHELL ( 'NONE', ( #3734, #4542, #4010, #589, #3157, #3534, #695, #2074, #1267, #920, #2130, #3777, #927, #2587, #620, #4548, #3701, #119, #3874, #4318, #2206, #2672, #696, #2375, #962, #3532, #38, #1165, #2614, #4127, #4051, #3247, #4263, #861, #1082, #3183, #2824, #2413, #3332, #3051, #329, #1517, #4433, #3428, #3591, #2734, #2027, #529, #1858, #183, #627, #4242, #2359, #4182, #3218, #2992, #3645, #3294, #983, #180, #3698, #3112, #2267, #93, #847, #382, #2930, #3918, #720, #1743, #888, #2443, #1055, #3476, #1139, #3486, #3729, #775, #1173, #3514, #355, #561, #2354, #827, #387, #652, #1734, #1627, #3571, #4485, #4289, #1085, #1344, #2787, #2212, #4133, #3510, #2610, #3754, #1924, #1872, #1662, #30, #2179, #1902, #2926, #2789, #504, #1933, #4347, #641, #3871, #4126, #3837, #2579, #2186, #4545, #2707, #755, #2217, #3813, #1714, #3394, #1061, #2544, #996, #349, #1812, #157, #2881, #302, #2274, #2418, #3948, #1371, #2706, #2845, #1143, #1682, #1226, #2956, #4106, #2729, #1652, #2904, #1501, #2816, #593, #837, #2465, #3237, #2121, #3212, #3302, #222, #1964, #3513, #2687, #1942, #1988, #3519, #1424 ) ) ;
#3551 = CARTESIAN_POINT ( 'NONE',  ( 66.46000000000002217, 11.16000000000001791, 1.000000000000000000 ) ) ;
#3552 = AXIS2_PLACEMENT_3D ( 'NONE', #3082, #4486, #3477 ) ;
#3553 = CARTESIAN_POINT ( 'NONE',  ( 7.369213562373087001, 63.92000000000000171, 0.000000000000000000 ) ) ;
#3554 = CARTESIAN_POINT ( 'NONE',  ( 10.15999999999970882, 62.45999999999975927, 0.000000000000000000 ) ) ;
#3555 = VERTEX_POINT ( 'NONE', #1886 ) ;
#3556 = CIRCLE ( 'NONE', #882, 1.000000000000000000 ) ;
#3557 = CARTESIAN_POINT ( 'NONE',  ( 11.15999999999973191, 60.45999999999977348, 1.000000000000000000 ) ) ;
#3558 = FILL_AREA_STYLE ('',( #1475 ) ) ;
#3559 = AXIS2_PLACEMENT_3D ( 'NONE', #155, #108, #848 ) ;
#3560 = ORIENTED_EDGE ( 'NONE', *, *, #3785, .T. ) ;
#3561 = DIRECTION ( 'NONE',  ( 0.000000000000000000, 0.000000000000000000, 1.000000000000000000 ) ) ;
#3562 = EDGE_CURVE ( 'NONE', #937, #4436, #4093, .T. ) ;
#3563 = EDGE_CURVE ( 'NONE', #1975, #2033, #614, .T. ) ;
#3564 = CARTESIAN_POINT ( 'NONE',  ( 5.080000000000000071, 63.92000000000000171, 9.000000000000001776 ) ) ;
#3565 = LINE ( 'NONE', #3587, #3997 ) ;
#3566 = AXIS2_PLACEMENT_3D ( 'NONE', #330, #2404, #347 ) ;
#3567 = ORIENTED_EDGE ( 'NONE', *, *, #1202, .F. ) ;
#3568 = AXIS2_PLACEMENT_3D ( 'NONE', #241, #2407, #1649 ) ;
#3569 = FACE_OUTER_BOUND ( 'NONE', #1550, .T. ) ;
#3570 = DIRECTION ( 'NONE',  ( -1.000000000000000000, -2.011273595335428079E-16, 0.000000000000000000 ) ) ;
#3571 = ADVANCED_FACE ( 'NONE', ( #1198 ), #1490, .T. ) ;
#3572 = AXIS2_PLACEMENT_3D ( 'NONE', #3808, #2362, #2319 ) ;
#3573 = AXIS2_PLACEMENT_3D ( 'NONE', #1451, #707, #353 ) ;
#3574 = ORIENTED_EDGE ( 'NONE', *, *, #926, .T. ) ;
#3575 = AXIS2_PLACEMENT_3D ( 'NONE', #4239, #3798, #3887 ) ;
#3576 = AXIS2_PLACEMENT_3D ( 'NONE', #1797, #1534, #4280 ) ;
#3577 = FACE_OUTER_BOUND ( 'NONE', #1803, .T. ) ;
#3578 = CARTESIAN_POINT ( 'NONE',  ( 0.000000000000000000, 0.000000000000000000, 0.9999999999999991118 ) ) ;
#3579 = AXIS2_PLACEMENT_3D ( 'NONE', #3002, #1628, #2639 ) ;
#3580 = DIRECTION ( 'NONE',  ( -1.000000000000000000, -1.247233394806660679E-16, 0.000000000000000000 ) ) ;
#3581 = EDGE_LOOP ( 'NONE', ( #2552, #3747, #762, #2237 ) ) ;
#3582 = EDGE_LOOP ( 'NONE', ( #4502, #4511, #3857, #1482 ) ) ;
#3583 = DIRECTION ( 'NONE',  ( 0.000000000000000000, -0.000000000000000000, 1.000000000000000000 ) ) ;
#3584 = VERTEX_POINT ( 'NONE', #4372 ) ;
#3585 = CARTESIAN_POINT ( 'NONE',  ( 5.080000000000000959, 1.000000000000000666, 0.000000000000000000 ) ) ;
#3586 = EDGE_CURVE ( 'NONE', #924, #2349, #86, .T. ) ;
#3587 = CARTESIAN_POINT ( 'NONE',  ( 7.540000000000006253, 11.16000000000000369, 10.00000000000000000 ) ) ;
#3588 = ORIENTED_EDGE ( 'NONE', *, *, #797, .T. ) ;
#3589 = CARTESIAN_POINT ( 'NONE',  ( 3.540000000000000036, 59.84000000000000341, 9.000000000000001776 ) ) ;
#3590 = CARTESIAN_POINT ( 'NONE',  ( 3.954999999999998295, 63.92000000000000171, 9.249999999999994671 ) ) ;
#3591 = ADVANCED_FACE ( 'NONE', ( #2554 ), #107, .F. ) ;
#3592 = CARTESIAN_POINT ( 'NONE',  ( 63.92000000000000171, 7.827942340149881525E-15, 0.9999999999999991118 ) ) ;
#3593 = EDGE_LOOP ( 'NONE', ( #558, #2228, #2150, #1470 ) ) ;
#3594 = EDGE_CURVE ( 'NONE', #600, #3886, #2600, .T. ) ;
#3595 = CARTESIAN_POINT ( 'NONE',  ( 2.540000000000000036, 58.84000000000000341, 1.000000000000000000 ) ) ;
#3596 = CARTESIAN_POINT ( 'NONE',  ( 6.540000000000006253, 9.160000000000001918, 1.000000000000000000 ) ) ;
#3597 = DIRECTION ( 'NONE',  ( 0.000000000000000000, 0.000000000000000000, 1.000000000000000000 ) ) ;
#3598 = ORIENTED_EDGE ( 'NONE', *, *, #3993, .F. ) ;
#3599 = LINE ( 'NONE', #26, #311 ) ;
#3600 = VERTEX_POINT ( 'NONE', #1866 ) ;
#3601 = DIRECTION ( 'NONE',  ( 1.156482317317870344E-14, -1.000000000000000000, 0.000000000000000000 ) ) ;
#3602 = CARTESIAN_POINT ( 'NONE',  ( 11.15999999999971060, 62.45999999999977348, 10.00000000000000000 ) ) ;
#3603 = ORIENTED_EDGE ( 'NONE', *, *, #1855, .F. ) ;
#3604 = DIRECTION ( 'NONE',  ( 1.047444401652940007E-14, -1.000000000000000000, -0.000000000000000000 ) ) ;
#3605 = ORIENTED_EDGE ( 'NONE', *, *, #1116, .F. ) ;
#3606 = DIRECTION ( 'NONE',  ( 0.000000000000000000, 0.000000000000000000, 1.000000000000000000 ) ) ;
#3607 = CARTESIAN_POINT ( 'NONE',  ( 57.83999999999971209, 62.46000000000026375, 0.000000000000000000 ) ) ;
#3608 = VERTEX_POINT ( 'NONE', #1815 ) ;
#3609 = DIRECTION ( 'NONE',  ( 0.000000000000000000, 0.000000000000000000, -1.000000000000000000 ) ) ;
#3610 = EDGE_CURVE ( 'NONE', #3326, #1369, #2980, .T. ) ;
#3611 = EDGE_CURVE ( 'NONE', #3709, #3450, #2685, .T. ) ;
#3612 = DIRECTION ( 'NONE',  ( 0.000000000000000000, 0.000000000000000000, 1.000000000000000000 ) ) ;
#3613 = CARTESIAN_POINT ( 'NONE',  ( 11.15999999999965731, 67.45999999999976637, 9.000000000000001776 ) ) ;
#3614 = AXIS2_PLACEMENT_3D ( 'NONE', #1427, #2534, #1445 ) ;
#3615 = ORIENTED_EDGE ( 'NONE', *, *, #476, .F. ) ;
#3616 = AXIS2_PLACEMENT_3D ( 'NONE', #2438, #4258, #1834 ) ;
#3617 = ORIENTED_EDGE ( 'NONE', *, *, #4124, .F. ) ;
#3618 = ORIENTED_EDGE ( 'NONE', *, *, #3194, .T. ) ;
#3619 = VECTOR ( 'NONE', #1946, 1000.000000000000000 ) ;
#3620 = VECTOR ( 'NONE', #195, 1000.000000000000000 ) ;
#3621 = DIRECTION ( 'NONE',  ( 0.000000000000000000, 0.000000000000000000, -1.000000000000000000 ) ) ;
#3622 = CARTESIAN_POINT ( 'NONE',  ( 5.080000000000000959, 6.221205739668555308E-16, 9.000000000000001776 ) ) ;
#3623 = VECTOR ( 'NONE', #1147, 1000.000000000000000 ) ;
#3624 = ORIENTED_EDGE ( 'NONE', *, *, #357, .T. ) ;
#3625 = DIRECTION ( 'NONE',  ( 0.000000000000000000, 0.000000000000000000, 1.000000000000000000 ) ) ;
#3626 = AXIS2_PLACEMENT_3D ( 'NONE', #356, #724, #4295 ) ;
#3627 = CARTESIAN_POINT ( 'NONE',  ( 9.160000000000119158, 6.539999999999909441, 9.000000000000001776 ) ) ;
#3628 = AXIS2_PLACEMENT_3D ( 'NONE', #50, #3259, #2230 ) ;
#3629 = VERTEX_POINT ( 'NONE', #846 ) ;
#3630 = LINE ( 'NONE', #4463, #612 ) ;
#3631 = CYLINDRICAL_SURFACE ( 'NONE', #2799, 1.000000000000000888 ) ;
#3632 = AXIS2_PLACEMENT_3D ( 'NONE', #4189, #3865, #3835 ) ;
#3633 = CIRCLE ( 'NONE', #3929, 1.582106781186545685 ) ;
#3634 = DIRECTION ( 'NONE',  ( 1.000000000000000000, 1.035197933661466492E-14, -0.000000000000000000 ) ) ;
#3635 = EDGE_LOOP ( 'NONE', ( #4563, #3548, #4405, #4218 ) ) ;
#3636 = VECTOR ( 'NONE', #550, 1000.000000000000000 ) ;
#3637 = AXIS2_PLACEMENT_3D ( 'NONE', #2699, #479, #3306 ) ;
#3638 = CARTESIAN_POINT ( 'NONE',  ( 6.540000000000006253, 10.16000000000000192, 9.000000000000001776 ) ) ;
#3639 = LINE ( 'NONE', #109, #3032 ) ;
#3640 = AXIS2_PLACEMENT_3D ( 'NONE', #3103, #4191, #1356 ) ;
#3641 = EDGE_CURVE ( 'NONE', #576, #2951, #4169, .T. ) ;
#3642 = CIRCLE ( 'NONE', #2010, 2.000000000000001776 ) ;
#3643 = ORIENTED_EDGE ( 'NONE', *, *, #830, .T. ) ;
#3644 = ORIENTED_EDGE ( 'NONE', *, *, #4209, .T. ) ;
#3645 = ADVANCED_FACE ( 'NONE', ( #1169 ), #1641, .T. ) ;
#3646 = ORIENTED_EDGE ( 'NONE', *, *, #1568, .F. ) ;
#3647 = VECTOR ( 'NONE', #1510, 1000.000000000000000 ) ;
#3648 = DIRECTION ( 'NONE',  ( -0.000000000000000000, -0.000000000000000000, -1.000000000000000000 ) ) ;
#3649 = DIRECTION ( 'NONE',  ( 1.000000000000000000, -0.000000000000000000, -0.000000000000000000 ) ) ;
#3650 = TOROIDAL_SURFACE ( 'NONE', #3872, 2.000000000000000000, 1.000000000000000000 ) ;
#3651 = ORIENTED_EDGE ( 'NONE', *, *, #1196, .T. ) ;
#3652 = DIRECTION ( 'NONE',  ( 0.000000000000000000, 0.000000000000000000, -1.000000000000000000 ) ) ;
#3653 = EDGE_CURVE ( 'NONE', #887, #3709, #1099, .T. ) ;
#3654 = DIRECTION ( 'NONE',  ( -3.469446951953613400E-15, 1.000000000000000000, 0.000000000000000000 ) ) ;
#3655 = ORIENTED_EDGE ( 'NONE', *, *, #1529, .F. ) ;
#3656 = VERTEX_POINT ( 'NONE', #1465 ) ;
#3657 = DIRECTION ( 'NONE',  ( 0.000000000000000000, 0.000000000000000000, 1.000000000000000000 ) ) ;
#3658 = LINE ( 'NONE', #502, #2643 ) ;
#3659 = CARTESIAN_POINT ( 'NONE',  ( 57.84000000000011710, 6.540000000000084412, 9.000000000000001776 ) ) ;
#3660 = ORIENTED_EDGE ( 'NONE', *, *, #1443, .T. ) ;
#3661 = DIRECTION ( 'NONE',  ( 1.000000000000000000, 0.000000000000000000, 0.000000000000000000 ) ) ;
#3662 = EDGE_CURVE ( 'NONE', #681, #4299, #1719, .T. ) ;
#3663 = CYLINDRICAL_SURFACE ( 'NONE', #2131, 1.000000000000000000 ) ;
#3664 = DIRECTION ( 'NONE',  ( -1.000000000000000000, -1.224646799147353207E-16, 0.000000000000000000 ) ) ;
#3665 = ORIENTED_EDGE ( 'NONE', *, *, #2342, .T. ) ;
#3666 = ORIENTED_EDGE ( 'NONE', *, *, #3940, .T. ) ;
#3667 = ORIENTED_EDGE ( 'NONE', *, *, #1264, .T. ) ;
#3668 = EDGE_CURVE ( 'NONE', #951, #1084, #3338, .T. ) ;
#3669 = LINE ( 'NONE', #470, #1692 ) ;
#3670 = EDGE_CURVE ( 'NONE', #3522, #3167, #2686, .T. ) ;
#3671 = CARTESIAN_POINT ( 'NONE',  ( 63.92000000000001592, 5.080000000000015170, 0.7499999999999964473 ) ) ;
#3672 = EDGE_LOOP ( 'NONE', ( #4322, #2896, #1997, #1447, #3327, #624, #3321, #4108 ) ) ;
#3673 = CARTESIAN_POINT ( 'NONE',  ( 5.080000000000000071, 63.92000000000000171, 0.9999999999999991118 ) ) ;
#3674 = EDGE_CURVE ( 'NONE', #2531, #1870, #1125, .T. ) ;
#3675 = DIRECTION ( 'NONE',  ( -0.000000000000000000, 0.000000000000000000, -1.000000000000000000 ) ) ;
#3676 = EDGE_CURVE ( 'NONE', #404, #804, #3357, .T. ) ;
#3677 = ORIENTED_EDGE ( 'NONE', *, *, #4213, .T. ) ;
#3678 = EDGE_LOOP ( 'NONE', ( #1860, #1737, #2663, #1013 ) ) ;
#3679 = DIRECTION ( 'NONE',  ( -0.000000000000000000, -0.000000000000000000, 1.000000000000000000 ) ) ;
#3680 = LINE ( 'NONE', #4344, #1614 ) ;
#3681 = CARTESIAN_POINT ( 'NONE',  ( 11.15999999999973191, 60.45999999999977348, 0.000000000000000000 ) ) ;
#3682 = VERTEX_POINT ( 'NONE', #925 ) ;
#3683 = DIRECTION ( 'NONE',  ( 0.000000000000000000, 0.000000000000000000, 1.000000000000000000 ) ) ;
#3684 = LINE ( 'NONE', #2989, #4290 ) ;
#3685 = DIRECTION ( 'NONE',  ( -1.000000000000000000, 0.000000000000000000, 0.000000000000000000 ) ) ;
#3686 = ORIENTED_EDGE ( 'NONE', *, *, #1568, .T. ) ;
#3687 = CARTESIAN_POINT ( 'NONE',  ( 63.92000000000001592, 5.080000000000015170, 9.249999999999994671 ) ) ;
#3688 = EDGE_LOOP ( 'NONE', ( #3897, #3958, #1894, #2389 ) ) ;
#3689 = DIRECTION ( 'NONE',  ( -3.854941057726234744E-15, 1.000000000000000000, 0.000000000000000000 ) ) ;
#3690 = DIRECTION ( 'NONE',  ( 1.000000000000000000, 3.491481338843133355E-15, 0.000000000000000000 ) ) ;
#3691 = CARTESIAN_POINT ( 'NONE',  ( 65.46000000000002217, 59.84000000000001762, 10.00000000000000000 ) ) ;
#3692 = ORIENTED_EDGE ( 'NONE', *, *, #3971, .F. ) ;
#3693 = FACE_OUTER_BOUND ( 'NONE', #744, .T. ) ;
#3694 = CIRCLE ( 'NONE', #4208, 4.080000000000000959 ) ;
#3695 = CARTESIAN_POINT ( 'NONE',  ( 11.16000000000012804, 3.539999999999916103, 10.00000000000000000 ) ) ;
#3696 = CIRCLE ( 'NONE', #4141, 1.000000000000000888 ) ;
#3697 = ORIENTED_EDGE ( 'NONE', *, *, #3610, .F. ) ;
#3698 = ADVANCED_FACE ( 'NONE', ( #4076 ), #3725, .T. ) ;
#3699 = ORIENTED_EDGE ( 'NONE', *, *, #431, .T. ) ;
#3700 = FACE_OUTER_BOUND ( 'NONE', #2216, .T. ) ;
#3701 = ADVANCED_FACE ( 'NONE', ( #3439 ), #1937, .F. ) ;
#3702 = CIRCLE ( 'NONE', #3412, 1.000000000000000000 ) ;
#3703 = AXIS2_PLACEMENT_3D ( 'NONE', #903, #2771, #2459 ) ;
#3704 = VERTEX_POINT ( 'NONE', #580 ) ;
#3705 = DIRECTION ( 'NONE',  ( 0.000000000000000000, 0.000000000000000000, -1.000000000000000000 ) ) ;
#3706 = CONICAL_SURFACE ( 'NONE', #3852, 1.874999999999987788, 0.7853981633974419507 ) ;
#3707 = DIRECTION ( 'NONE',  ( 1.000000000000000000, 1.224646799147353207E-16, -0.000000000000000000 ) ) ;
#3708 = DIRECTION ( 'NONE',  ( -0.000000000000000000, -0.000000000000000000, -1.000000000000000000 ) ) ;
#3709 = VERTEX_POINT ( 'NONE', #1981 ) ;
#3710 = AXIS2_PLACEMENT_3D ( 'NONE', #3049, #2733, #3758 ) ;
#3711 = CYLINDRICAL_SURFACE ( 'NONE', #2566, 1.125000000000000888 ) ;
#3712 = AXIS2_PLACEMENT_3D ( 'NONE', #2454, #418, #42 ) ;
#3713 = VERTEX_POINT ( 'NONE', #559 ) ;
#3714 = AXIS2_PLACEMENT_3D ( 'NONE', #1959, #1530, #2276 ) ;
#3715 = DIRECTION ( 'NONE',  ( -1.000000000000000000, 0.000000000000000000, 0.000000000000000000 ) ) ;
#3716 = CIRCLE ( 'NONE', #83, 1.000000000000000000 ) ;
#3717 = DIRECTION ( 'NONE',  ( 0.000000000000000000, 0.000000000000000000, 1.000000000000000000 ) ) ;
#3718 = DIRECTION ( 'NONE',  ( 1.047444401652940007E-14, -1.000000000000000000, 0.000000000000000000 ) ) ;
#3719 = ORIENTED_EDGE ( 'NONE', *, *, #1740, .T. ) ;
#3720 = LINE ( 'NONE', #1182, #317 ) ;
#3721 = TOROIDAL_SURFACE ( 'NONE', #2826, 2.289213562373086930, 1.000000000000000000 ) ;
#3722 = EDGE_CURVE ( 'NONE', #3396, #4135, #4459, .T. ) ;
#3723 = DIRECTION ( 'NONE',  ( 0.000000000000000000, 0.000000000000000000, 1.000000000000000000 ) ) ;
#3724 = CARTESIAN_POINT ( 'NONE',  ( 58.84000000000013841, 2.540000000000088409, 9.000000000000001776 ) ) ;
#3725 = TOROIDAL_SURFACE ( 'NONE', #1416, 2.000000000000000000, 1.000000000000000000 ) ;
#3726 = EDGE_LOOP ( 'NONE', ( #1412, #2192, #53, #3120 ) ) ;
#3727 = ORIENTED_EDGE ( 'NONE', *, *, #2638, .F. ) ;
#3728 = DIRECTION ( 'NONE',  ( 1.000000000000000000, 0.000000000000000000, 0.000000000000000000 ) ) ;
#3729 = ADVANCED_FACE ( 'NONE', ( #1608 ), #1295, .F. ) ;
#3730 = EDGE_CURVE ( 'NONE', #3584, #2300, #2452, .T. ) ;
#3731 = CARTESIAN_POINT ( 'NONE',  ( 2.540000000000000036, 57.84000000000000341, 1.000000000000000000 ) ) ;
#3732 = VERTEX_POINT ( 'NONE', #2372 ) ;
#3733 = DIRECTION ( 'NONE',  ( 0.000000000000000000, 0.000000000000000000, 1.000000000000000000 ) ) ;
#3734 = ADVANCED_FACE ( 'NONE', ( #966 ), #4014, .T. ) ;
#3735 = DIRECTION ( 'NONE',  ( -3.854941057726234744E-15, 1.000000000000000000, 0.000000000000000000 ) ) ;
#3736 = EDGE_CURVE ( 'NONE', #4365, #1672, #1638, .T. ) ;
#3737 = ORIENTED_EDGE ( 'NONE', *, *, #1991, .T. ) ;
#3738 = CARTESIAN_POINT ( 'NONE',  ( 66.46000000000002217, 9.160000000000016129, 9.000000000000001776 ) ) ;
#3739 = DIRECTION ( 'NONE',  ( 0.000000000000000000, 0.000000000000000000, -1.000000000000000000 ) ) ;
#3740 = CARTESIAN_POINT ( 'NONE',  ( 58.84000000000013131, 3.540000000000088409, 10.00000000000000000 ) ) ;
#3741 = DIRECTION ( 'NONE',  ( -1.000000000000000000, -1.224646799147353207E-16, -0.000000000000000000 ) ) ;
#3742 = ORIENTED_EDGE ( 'NONE', *, *, #2581, .F. ) ;
#3743 = DIRECTION ( 'NONE',  ( 0.000000000000000000, 0.000000000000000000, 1.000000000000000000 ) ) ;
#3744 = CARTESIAN_POINT ( 'NONE',  ( 1.540000000000007585, 1.920739428002266685E-16, 1.000000000000000000 ) ) ;
#3745 = CARTESIAN_POINT ( 'NONE',  ( 5.080000000000000071, 63.92000000000000171, 0.2928932188134569792 ) ) ;
#3746 = VERTEX_POINT ( 'NONE', #1909 ) ;
#3747 = ORIENTED_EDGE ( 'NONE', *, *, #2962, .F. ) ;
#3748 = DIRECTION ( 'NONE',  ( 8.438362267849815738E-15, -1.000000000000000000, 0.000000000000000000 ) ) ;
#3749 = DIRECTION ( 'NONE',  ( 1.000000000000000000, 1.035197933661466492E-14, -0.000000000000000000 ) ) ;
#3750 = LINE ( 'NONE', #2987, #2510 ) ;
#3751 = ORIENTED_EDGE ( 'NONE', *, *, #3676, .T. ) ;
#3752 = CARTESIAN_POINT ( 'NONE',  ( 59.83999999999964103, 69.00000000000028422, 0.000000000000000000 ) ) ;
#3753 = ORIENTED_EDGE ( 'NONE', *, *, #1793, .T. ) ;
#3754 = ADVANCED_FACE ( 'NONE', ( #151 ), #3650, .T. ) ;
#3755 = EDGE_CURVE ( 'NONE', #4098, #4091, #2008, .T. ) ;
#3756 = DIRECTION ( 'NONE',  ( 1.000000000000000000, 0.000000000000000000, 0.000000000000000000 ) ) ;
#3757 = DIRECTION ( 'NONE',  ( -0.000000000000000000, -0.000000000000000000, 1.000000000000000000 ) ) ;
#3758 = DIRECTION ( 'NONE',  ( 3.469446951953614189E-15, -1.000000000000000000, 0.000000000000000000 ) ) ;
#3759 = EDGE_LOOP ( 'NONE', ( #1553, #2023, #3917, #440 ) ) ;
#3760 = DIRECTION ( 'NONE',  ( 1.000000000000000000, 1.224646799147353207E-16, -0.000000000000000000 ) ) ;
#3761 = CARTESIAN_POINT ( 'NONE',  ( 5.080000000000126192, 5.079999999999895266, 10.00000000000000000 ) ) ;
#3762 = LINE ( 'NONE', #1650, #2298 ) ;
#3763 = ORIENTED_EDGE ( 'NONE', *, *, #4374, .T. ) ;
#3764 = AXIS2_PLACEMENT_3D ( 'NONE', #1888, #2915, #3685 ) ;
#3765 = ORIENTED_EDGE ( 'NONE', *, *, #63, .T. ) ;
#3766 = CARTESIAN_POINT ( 'NONE',  ( 61.63078643762693787, 5.080000000000015170, 0.000000000000000000 ) ) ;
#3767 = CIRCLE ( 'NONE', #2429, 2.000000000000000000 ) ;
#3768 = FACE_BOUND ( 'NONE', #2022, .T. ) ;
#3769 = AXIS2_PLACEMENT_3D ( 'NONE', #3347, #4401, #1222 ) ;
#3770 = VECTOR ( 'NONE', #3816, 1000.000000000000000 ) ;
#3771 = CARTESIAN_POINT ( 'NONE',  ( 63.92000000000001592, 5.080000000000015170, 10.00000000000000000 ) ) ;
#3772 = VERTEX_POINT ( 'NONE', #3086 ) ;
#3773 = AXIS2_PLACEMENT_3D ( 'NONE', #4128, #4109, #947 ) ;
#3774 = DIRECTION ( 'NONE',  ( 0.000000000000000000, 0.000000000000000000, -1.000000000000000000 ) ) ;
#3775 = VERTEX_POINT ( 'NONE', #4445 ) ;
#3776 = FACE_OUTER_BOUND ( 'NONE', #2590, .T. ) ;
#3777 = ADVANCED_FACE ( 'NONE', ( #4489 ), #4534, .F. ) ;
#3778 = DIRECTION ( 'NONE',  ( -1.000000000000000000, -3.616204678323799768E-15, -0.000000000000000000 ) ) ;
#3779 = EDGE_CURVE ( 'NONE', #3088, #3901, #2722, .T. ) ;
#3780 = CARTESIAN_POINT ( 'NONE',  ( 65.04500000000001592, 5.080000000000015170, 9.249999999999994671 ) ) ;
#3781 = ORIENTED_EDGE ( 'NONE', *, *, #4471, .T. ) ;
#3782 = CYLINDRICAL_SURFACE ( 'NONE', #2085, 1.000000000000000888 ) ;
#3783 = AXIS2_PLACEMENT_3D ( 'NONE', #4480, #3356, #622 ) ;
#3784 = CIRCLE ( 'NONE', #1635, 1.000000000000000444 ) ;
#3785 = EDGE_CURVE ( 'NONE', #1375, #1647, #465, .T. ) ;
#3786 = CARTESIAN_POINT ( 'NONE',  ( 63.92000000000001592, 5.080000000000015170, 9.249999999999994671 ) ) ;
#3787 = DIRECTION ( 'NONE',  ( -0.000000000000000000, -0.000000000000000000, -1.000000000000000000 ) ) ;
#3788 = EDGE_LOOP ( 'NONE', ( #4305, #1153, #3727, #1993 ) ) ;
#3789 = EDGE_CURVE ( 'NONE', #3709, #4271, #4514, .T. ) ;
#3790 = AXIS2_PLACEMENT_3D ( 'NONE', #362, #1376, #4554 ) ;
#3791 = CIRCLE ( 'NONE', #2755, 1.000000000000000888 ) ;
#3792 = ORIENTED_EDGE ( 'NONE', *, *, #431, .F. ) ;
#3793 = DIRECTION ( 'NONE',  ( -1.387778780781444413E-14, 1.000000000000000000, 0.000000000000000000 ) ) ;
#3794 = CARTESIAN_POINT ( 'NONE',  ( 5.079999999999999183, 68.00000000000000000, 0.000000000000000000 ) ) ;
#3795 = AXIS2_PLACEMENT_3D ( 'NONE', #3132, #2398, #3460 ) ;
#3796 = DIRECTION ( 'NONE',  ( -1.000000000000000000, 0.000000000000000000, 0.000000000000000000 ) ) ;
#3797 = ORIENTED_EDGE ( 'NONE', *, *, #3562, .T. ) ;
#3798 = DIRECTION ( 'NONE',  ( 0.000000000000000000, 0.000000000000000000, 1.000000000000000000 ) ) ;
#3799 = DIRECTION ( 'NONE',  ( 1.047444401652940007E-14, -1.000000000000000000, 0.000000000000000000 ) ) ;
#3800 = DIRECTION ( 'NONE',  ( -0.000000000000000000, -0.000000000000000000, -1.000000000000000000 ) ) ;
#3801 = ORIENTED_EDGE ( 'NONE', *, *, #3177, .T. ) ;
#3802 = FACE_OUTER_BOUND ( 'NONE', #815, .T. ) ;
#3803 = CARTESIAN_POINT ( 'NONE',  ( 59.83999999999967656, 65.46000000000027796, 1.000000000000000000 ) ) ;
#3804 = CARTESIAN_POINT ( 'NONE',  ( 5.080000000000000959, 6.221205739668555308E-16, 9.000000000000001776 ) ) ;
#3805 = ORIENTED_EDGE ( 'NONE', *, *, #1562, .F. ) ;
#3806 = DIRECTION ( 'NONE',  ( -0.000000000000000000, -0.000000000000000000, -1.000000000000000000 ) ) ;
#3807 = DIRECTION ( 'NONE',  ( 0.000000000000000000, 0.000000000000000000, 1.000000000000000000 ) ) ;
#3808 = CARTESIAN_POINT ( 'NONE',  ( 5.080000000000000071, 63.92000000000000171, 0.7499999999999964473 ) ) ;
#3809 = ORIENTED_EDGE ( 'NONE', *, *, #1079, .T. ) ;
#3810 = ORIENTED_EDGE ( 'NONE', *, *, #2133, .T. ) ;
#3811 = LINE ( 'NONE', #688, #3933 ) ;
#3812 = DIRECTION ( 'NONE',  ( 1.000000000000000000, 0.000000000000000000, -0.000000000000000000 ) ) ;
#3813 = ADVANCED_FACE ( 'NONE', ( #993 ), #1358, .F. ) ;
#3814 = EDGE_CURVE ( 'NONE', #2531, #3901, #391, .T. ) ;
#3815 = FACE_OUTER_BOUND ( 'NONE', #3160, .T. ) ;
#3816 = DIRECTION ( 'NONE',  ( -1.047444401652940007E-14, 1.000000000000000000, 0.000000000000000000 ) ) ;
#3817 = DIRECTION ( 'NONE',  ( 0.000000000000000000, 0.000000000000000000, 1.000000000000000000 ) ) ;
#3818 = ORIENTED_EDGE ( 'NONE', *, *, #1720, .T. ) ;
#3819 = CARTESIAN_POINT ( 'NONE',  ( 65.46000000000002217, 10.16000000000001613, 0.000000000000000000 ) ) ;
#3820 = CARTESIAN_POINT ( 'NONE',  ( 65.04500000000001592, 5.080000000000015170, 0.7499999999999964473 ) ) ;
#3821 = CARTESIAN_POINT ( 'NONE',  ( 63.92000000000000171, 5.080000000000008065, 0.000000000000000000 ) ) ;
#3822 = ORIENTED_EDGE ( 'NONE', *, *, #3021, .F. ) ;
#3823 = CARTESIAN_POINT ( 'NONE',  ( 3.540000000000000036, 57.84000000000000341, 1.000000000000000000 ) ) ;
#3824 = CARTESIAN_POINT ( 'NONE',  ( 5.080000000000126192, 5.079999999999895266, 9.707106781186546129 ) ) ;
#3825 = ORIENTED_EDGE ( 'NONE', *, *, #4375, .T. ) ;
#3826 = DIRECTION ( 'NONE',  ( -1.000000000000000000, 0.000000000000000000, 0.000000000000000000 ) ) ;
#3827 = ORIENTED_EDGE ( 'NONE', *, *, #3875, .T. ) ;
#3828 = EDGE_LOOP ( 'NONE', ( #1004, #1287, #3822, #1945 ) ) ;
#3829 = DIRECTION ( 'NONE',  ( -0.000000000000000000, -0.000000000000000000, -1.000000000000000000 ) ) ;
#3830 = FACE_OUTER_BOUND ( 'NONE', #4225, .T. ) ;
#3831 = EDGE_CURVE ( 'NONE', #2658, #1832, #3203, .T. ) ;
#3832 = CIRCLE ( 'NONE', #3028, 1.000000000000000000 ) ;
#3833 = VECTOR ( 'NONE', #3234, 1000.000000000000000 ) ;
#3834 = CARTESIAN_POINT ( 'NONE',  ( 5.080000000000000071, 63.92000000000000171, 0.000000000000000000 ) ) ;
#3835 = DIRECTION ( 'NONE',  ( 0.000000000000000000, 0.000000000000000000, -1.000000000000000000 ) ) ;
#3836 = EDGE_LOOP ( 'NONE', ( #1642, #1391, #1019, #1051 ) ) ;
#3837 = ADVANCED_FACE ( 'NONE', ( #4539 ), #2417, .T. ) ;
#3838 = EDGE_CURVE ( 'NONE', #3403, #4121, #2901, .T. ) ;
#3839 = FACE_OUTER_BOUND ( 'NONE', #1587, .T. ) ;
#3840 = FACE_OUTER_BOUND ( 'NONE', #1098, .T. ) ;
#3841 = CARTESIAN_POINT ( 'NONE',  ( 9.159999999999708820, 62.45999999999975216, 9.000000000000001776 ) ) ;
#3842 = CIRCLE ( 'NONE', #3174, 1.000000000000000000 ) ;
#3843 = AXIS2_PLACEMENT_3D ( 'NONE', #891, #104, #555 ) ;
#3844 = CIRCLE ( 'NONE', #3900, 1.000000000000000000 ) ;
#3845 = AXIS2_PLACEMENT_3D ( 'NONE', #1426, #2101, #396 ) ;
#3846 = VERTEX_POINT ( 'NONE', #275 ) ;
#3847 = EDGE_CURVE ( 'NONE', #1738, #3382, #2376, .T. ) ;
#3848 = CIRCLE ( 'NONE', #2356, 1.000000000000000000 ) ;
#3849 = AXIS2_PLACEMENT_3D ( 'NONE', #2605, #3481, #565 ) ;
#3850 = DIRECTION ( 'NONE',  ( 0.000000000000000000, 0.000000000000000000, -1.000000000000000000 ) ) ;
#3851 = FACE_OUTER_BOUND ( 'NONE', #2090, .T. ) ;
#3852 = AXIS2_PLACEMENT_3D ( 'NONE', #2295, #1521, #1185 ) ;
#3853 = ORIENTED_EDGE ( 'NONE', *, *, #272, .T. ) ;
#3854 = VECTOR ( 'NONE', #3303, 1000.000000000000000 ) ;
#3855 = DIRECTION ( 'NONE',  ( 0.000000000000000000, 0.000000000000000000, 1.000000000000000000 ) ) ;
#3856 = ORIENTED_EDGE ( 'NONE', *, *, #1472, .T. ) ;
#3857 = ORIENTED_EDGE ( 'NONE', *, *, #3461, .F. ) ;
#3858 = CARTESIAN_POINT ( 'NONE',  ( 10.16000000000012093, 6.539999999999912994, 10.00000000000000000 ) ) ;
#3859 = CIRCLE ( 'NONE', #1779, 1.000000000000000888 ) ;
#3860 = VECTOR ( 'NONE', #3741, 1000.000000000000000 ) ;
#3861 = TOROIDAL_SURFACE ( 'NONE', #3124, 2.000000000000000000, 1.000000000000000000 ) ;
#3862 = DIRECTION ( 'NONE',  ( 1.247233394806660679E-16, -1.000000000000000000, 0.000000000000000000 ) ) ;
#3863 = AXIS2_PLACEMENT_3D ( 'NONE', #3258, #49, #80 ) ;
#3864 = AXIS2_PLACEMENT_3D ( 'NONE', #4272, #3625, #2875 ) ;
#3865 = DIRECTION ( 'NONE',  ( -0.000000000000000000, -1.000000000000000000, 0.000000000000000000 ) ) ;
#3866 = ORIENTED_EDGE ( 'NONE', *, *, #424, .F. ) ;
#3867 = CARTESIAN_POINT ( 'NONE',  ( 57.83999999999971209, 62.46000000000026375, 1.000000000000000000 ) ) ;
#3868 = CARTESIAN_POINT ( 'NONE',  ( 62.46000000000001506, 9.160000000000016129, 10.00000000000000000 ) ) ;
#3869 = EDGE_CURVE ( 'NONE', #4327, #3442, #4501, .T. ) ;
#3870 = AXIS2_PLACEMENT_3D ( 'NONE', #2961, #778, #3289 ) ;
#3871 = ADVANCED_FACE ( 'NONE', ( #3400 ), #1996, .F. ) ;
#3872 = AXIS2_PLACEMENT_3D ( 'NONE', #1661, #4047, #607 ) ;
#3873 = ORIENTED_EDGE ( 'NONE', *, *, #900, .T. ) ;
#3874 = ADVANCED_FACE ( 'NONE', ( #3095 ), #543, .F. ) ;
#3875 = EDGE_CURVE ( 'NONE', #793, #2041, #2155, .T. ) ;
#3876 = CYLINDRICAL_SURFACE ( 'NONE', #4217, 1.000000000000000000 ) ;
#3877 = DIRECTION ( 'NONE',  ( 1.000000000000000000, 1.047444401652940007E-14, 0.000000000000000000 ) ) ;
#3878 = FACE_OUTER_BOUND ( 'NONE', #2112, .T. ) ;
#3879 = ORIENTED_EDGE ( 'NONE', *, *, #1817, .T. ) ;
#3880 = DIRECTION ( 'NONE',  ( 0.000000000000000000, 0.000000000000000000, 1.000000000000000000 ) ) ;
#3881 = ORIENTED_EDGE ( 'NONE', *, *, #2966, .T. ) ;
#3882 = ORIENTED_EDGE ( 'NONE', *, *, #3926, .F. ) ;
#3883 = DIRECTION ( 'NONE',  ( -1.000000000000000000, -1.047444401652940007E-14, 0.000000000000000000 ) ) ;
#3884 = CARTESIAN_POINT ( 'NONE',  ( 10.16000000000012804, 3.539999999999912550, 9.000000000000001776 ) ) ;
#3885 = DIRECTION ( 'NONE',  ( 0.000000000000000000, 0.000000000000000000, -1.000000000000000000 ) ) ;
#3886 = VERTEX_POINT ( 'NONE', #3429 ) ;
#3887 = DIRECTION ( 'NONE',  ( 1.040834085586083310E-14, -1.000000000000000000, 0.000000000000000000 ) ) ;
#3888 = CARTESIAN_POINT ( 'NONE',  ( 2.540000000000000036, 58.84000000000000341, 1.000000000000000000 ) ) ;
#3889 = ORIENTED_EDGE ( 'NONE', *, *, #1712, .T. ) ;
#3890 = DIRECTION ( 'NONE',  ( -1.040834085586090568E-14, 1.000000000000000000, 0.000000000000000000 ) ) ;
#3891 = DIRECTION ( 'NONE',  ( 0.000000000000000000, 0.000000000000000000, -1.000000000000000000 ) ) ;
#3892 = AXIS2_PLACEMENT_3D ( 'NONE', #309, #1298, #3137 ) ;
#3893 = CARTESIAN_POINT ( 'NONE',  ( 61.46000000000002217, 10.16000000000001613, 0.000000000000000000 ) ) ;
#3894 = EDGE_CURVE ( 'NONE', #3442, #2041, #1286, .T. ) ;
#3895 = VERTEX_POINT ( 'NONE', #4409 ) ;
#3896 = EDGE_CURVE ( 'NONE', #2850, #887, #914, .T. ) ;
#3897 = ORIENTED_EDGE ( 'NONE', *, *, #974, .T. ) ;
#3898 = DIRECTION ( 'NONE',  ( 0.000000000000000000, 0.000000000000000000, 1.000000000000000000 ) ) ;
#3899 = EDGE_CURVE ( 'NONE', #3450, #1899, #2740, .T. ) ;
#3900 = AXIS2_PLACEMENT_3D ( 'NONE', #3803, #3090, #635 ) ;
#3901 = VERTEX_POINT ( 'NONE', #4064 ) ;
#3902 = FACE_OUTER_BOUND ( 'NONE', #41, .T. ) ;
#3903 = PLANE ( 'NONE',  #4515 ) ;
#3904 = DIRECTION ( 'NONE',  ( 1.233581138472395244E-14, -1.000000000000000000, 0.000000000000000000 ) ) ;
#3905 = EDGE_LOOP ( 'NONE', ( #2869, #2688, #4389, #1489 ) ) ;
#3906 = CARTESIAN_POINT ( 'NONE',  ( 66.46000000000002217, 58.84000000000001762, 1.000000000000000000 ) ) ;
#3907 = FACE_OUTER_BOUND ( 'NONE', #352, .T. ) ;
#3908 = DIRECTION ( 'NONE',  ( -0.000000000000000000, -0.000000000000000000, -1.000000000000000000 ) ) ;
#3909 = ORIENTED_EDGE ( 'NONE', *, *, #534, .F. ) ;
#3910 = AXIS2_PLACEMENT_3D ( 'NONE', #3915, #1043, #3531 ) ;
#3911 = FACE_OUTER_BOUND ( 'NONE', #4185, .T. ) ;
#3912 = VECTOR ( 'NONE', #791, 1000.000000000000000 ) ;
#3913 = DIRECTION ( 'NONE',  ( -0.000000000000000000, 0.000000000000000000, -1.000000000000000000 ) ) ;
#3914 = VECTOR ( 'NONE', #4006, 1000.000000000000000 ) ;
#3915 = CARTESIAN_POINT ( 'NONE',  ( 11.15999999999967862, 65.45999999999976637, 1.000000000000000000 ) ) ;
#3916 = VERTEX_POINT ( 'NONE', #956 ) ;
#3917 = ORIENTED_EDGE ( 'NONE', *, *, #1164, .F. ) ;
#3918 = ADVANCED_FACE ( 'NONE', ( #4162 ), #4115, .T. ) ;
#3919 = CARTESIAN_POINT ( 'NONE',  ( 11.16000000000012804, 3.539999999999916103, 1.000000000000000000 ) ) ;
#3920 = VECTOR ( 'NONE', #3503, 1000.000000000000000 ) ;
#3921 = EDGE_LOOP ( 'NONE', ( #789, #4046, #1022, #3506 ) ) ;
#3922 = DIRECTION ( 'NONE',  ( -1.000000000000000000, -3.491481338843133355E-15, 0.000000000000000000 ) ) ;
#3923 = EDGE_CURVE ( 'NONE', #3600, #3279, #907, .T. ) ;
#3924 = AXIS2_PLACEMENT_3D ( 'NONE', #2668, #1896, #117 ) ;
#3925 = CARTESIAN_POINT ( 'NONE',  ( 58.83999999999967656, 65.46000000000026375, 1.000000000000000000 ) ) ;
#3926 = EDGE_CURVE ( 'NONE', #2952, #2880, #3762, .T. ) ;
#3927 = CARTESIAN_POINT ( 'NONE',  ( 11.15999999999967862, 65.45999999999976637, 1.000000000000000000 ) ) ;
#3928 = ORIENTED_EDGE ( 'NONE', *, *, #2105, .F. ) ;
#3929 = AXIS2_PLACEMENT_3D ( 'NONE', #2361, #3583, #2106 ) ;
#3930 = DIRECTION ( 'NONE',  ( 0.000000000000000000, 1.000000000000000000, 0.000000000000000000 ) ) ;
#3931 = CARTESIAN_POINT ( 'NONE',  ( 59.83999999999967656, 65.46000000000027796, 10.00000000000000000 ) ) ;
#3932 = AXIS2_PLACEMENT_3D ( 'NONE', #3745, #3787, #170 ) ;
#3933 = VECTOR ( 'NONE', #287, 1000.000000000000000 ) ;
#3934 = ORIENTED_EDGE ( 'NONE', *, *, #1472, .F. ) ;
#3935 = AXIS2_PLACEMENT_3D ( 'NONE', #3093, #4262, #2038 ) ;
#3936 = CARTESIAN_POINT ( 'NONE',  ( 65.46000000000002217, 57.84000000000001762, 1.000000000000000000 ) ) ;
#3937 = DIRECTION ( 'NONE',  ( -1.387778780781444413E-14, 1.000000000000000000, 0.000000000000000000 ) ) ;
#3938 = VECTOR ( 'NONE', #4175, 1000.000000000000000 ) ;
#3939 = DIRECTION ( 'NONE',  ( 0.000000000000000000, -1.000000000000000000, 0.000000000000000000 ) ) ;
#3940 = EDGE_CURVE ( 'NONE', #2857, #2805, #1230, .T. ) ;
#3941 = EDGE_LOOP ( 'NONE', ( #286, #3624, #3345, #3304 ) ) ;
#3942 = ORIENTED_EDGE ( 'NONE', *, *, #4461, .F. ) ;
#3943 = DIRECTION ( 'NONE',  ( -0.000000000000000000, -0.000000000000000000, -1.000000000000000000 ) ) ;
#3944 = EDGE_CURVE ( 'NONE', #216, #1513, #2747, .T. ) ;
#3945 = DIRECTION ( 'NONE',  ( 1.000000000000000000, 3.491481338843133355E-15, -0.000000000000000000 ) ) ;
#3946 = ORIENTED_EDGE ( 'NONE', *, *, #4013, .F. ) ;
#3947 = DIRECTION ( 'NONE',  ( 3.469446951953614189E-15, -1.000000000000000000, 0.000000000000000000 ) ) ;
#3948 = ADVANCED_FACE ( 'NONE', ( #3076 ), #2588, .T. ) ;
#3949 = EDGE_LOOP ( 'NONE', ( #2912, #401, #1150, #2176 ) ) ;
#3950 = CARTESIAN_POINT ( 'NONE',  ( 59.84000000000012420, 6.540000000000091518, 1.000000000000000000 ) ) ;
#3951 = LINE ( 'NONE', #3193, #1982 ) ;
#3952 = EDGE_CURVE ( 'NONE', #4338, #2658, #574, .T. ) ;
#3953 = FACE_OUTER_BOUND ( 'NONE', #4204, .T. ) ;
#3954 = ORIENTED_EDGE ( 'NONE', *, *, #4033, .F. ) ;
#3955 = DIRECTION ( 'NONE',  ( 0.000000000000000000, -1.000000000000000000, 0.000000000000000000 ) ) ;
#3956 = DIRECTION ( 'NONE',  ( 0.000000000000000000, 0.000000000000000000, 1.000000000000000000 ) ) ;
#3957 = AXIS2_PLACEMENT_3D ( 'NONE', #1947, #3690, #2943 ) ;
#3958 = ORIENTED_EDGE ( 'NONE', *, *, #748, .F. ) ;
#3959 = ORIENTED_EDGE ( 'NONE', *, *, #673, .F. ) ;
#3960 = ORIENTED_EDGE ( 'NONE', *, *, #3594, .F. ) ;
#3961 = AXIS2_PLACEMENT_3D ( 'NONE', #3671, #1152, #472 ) ;
#3962 = CARTESIAN_POINT ( 'NONE',  ( 5.080000000000119975, 6.662106781186429849, 0.2928932188134569792 ) ) ;
#3963 = PLANE ( 'NONE',  #4084 ) ;
#3964 = ORIENTED_EDGE ( 'NONE', *, *, #2048, .F. ) ;
#3965 = CARTESIAN_POINT ( 'NONE',  ( 5.080000000000121751, 6.204999999999896154, 0.7499999999999964473 ) ) ;
#3966 = DIRECTION ( 'NONE',  ( -1.224646799147353207E-16, -1.000000000000000000, 0.000000000000000000 ) ) ;
#3967 = EDGE_LOOP ( 'NONE', ( #1304, #1653, #992, #1889 ) ) ;
#3968 = ORIENTED_EDGE ( 'NONE', *, *, #2133, .F. ) ;
#3969 = CARTESIAN_POINT ( 'NONE',  ( 58.84000000000012420, 6.540000000000087965, 0.000000000000000000 ) ) ;
#3970 = CARTESIAN_POINT ( 'NONE',  ( 8.539999999999999147, 57.84000000000000341, 9.000000000000001776 ) ) ;
#3971 = EDGE_CURVE ( 'NONE', #4105, #3042, #4373, .T. ) ;
#3972 = LINE ( 'NONE', #2957, #1026 ) ;
#3973 = EDGE_CURVE ( 'NONE', #1647, #404, #2296, .T. ) ;
#3974 = LINE ( 'NONE', #2931, #1187 ) ;
#3975 = EDGE_LOOP ( 'NONE', ( #2405, #2414, #2918, #1137 ) ) ;
#3976 = CARTESIAN_POINT ( 'NONE',  ( 11.15999999999965731, 67.45999999999976637, 1.000000000000000000 ) ) ;
#3977 = LINE ( 'NONE', #1563, #800 ) ;
#3978 = LINE ( 'NONE', #826, #130 ) ;
#3979 = EDGE_CURVE ( 'NONE', #4526, #733, #2669, .T. ) ;
#3980 = CIRCLE ( 'NONE', #1755, 1.000000000000000888 ) ;
#3981 = ORIENTED_EDGE ( 'NONE', *, *, #1039, .F. ) ;
#3982 = CIRCLE ( 'NONE', #429, 2.289213562373086486 ) ;
#3983 = ORIENTED_EDGE ( 'NONE', *, *, #2768, .T. ) ;
#3984 = ORIENTED_EDGE ( 'NONE', *, *, #503, .F. ) ;
#3985 = VECTOR ( 'NONE', #3648, 1000.000000000000000 ) ;
#3986 = VECTOR ( 'NONE', #3060, 1000.000000000000000 ) ;
#3987 = LINE ( 'NONE', #1892, #878 ) ;
#3988 = CARTESIAN_POINT ( 'NONE',  ( 62.46000000000001506, 11.16000000000001791, 9.000000000000001776 ) ) ;
#3989 = ORIENTED_EDGE ( 'NONE', *, *, #269, .T. ) ;
#3990 = CIRCLE ( 'NONE', #2576, 1.125000000000000888 ) ;
#3991 = FACE_OUTER_BOUND ( 'NONE', #3581, .T. ) ;
#3992 = VERTEX_POINT ( 'NONE', #1404 ) ;
#3993 = EDGE_CURVE ( 'NONE', #3916, #2253, #1709, .T. ) ;
#3994 = VERTEX_POINT ( 'NONE', #2756 ) ;
#3995 = CARTESIAN_POINT ( 'NONE',  ( 2.790786437626900707, 63.92000000000000171, 10.00000000000000178 ) ) ;
#3996 = DIRECTION ( 'NONE',  ( -1.247233394806660679E-16, 1.000000000000000000, 0.000000000000000000 ) ) ;
#3997 = VECTOR ( 'NONE', #405, 1000.000000000000000 ) ;
#3998 = CIRCLE ( 'NONE', #3123, 1.125000000000001776 ) ;
#3999 = AXIS2_PLACEMENT_3D ( 'NONE', #1349, #4161, #3826 ) ;
#4000 = LINE ( 'NONE', #2115, #75 ) ;
#4001 = ORIENTED_EDGE ( 'NONE', *, *, #1397, .F. ) ;
#4002 = EDGE_CURVE ( 'NONE', #1175, #576, #1378, .T. ) ;
#4003 = AXIS2_PLACEMENT_3D ( 'NONE', #1979, #174, #196 ) ;
#4004 = AXIS2_PLACEMENT_3D ( 'NONE', #2613, #3023, #2265 ) ;
#4005 = FACE_OUTER_BOUND ( 'NONE', #2656, .T. ) ;
#4006 = DIRECTION ( 'NONE',  ( 0.000000000000000000, 0.000000000000000000, -1.000000000000000000 ) ) ;
#4007 = CIRCLE ( 'NONE', #2445, 1.000000000000000000 ) ;
#4008 = AXIS2_PLACEMENT_3D ( 'NONE', #2017, #3117, #1321 ) ;
#4009 = ORIENTED_EDGE ( 'NONE', *, *, #4403, .F. ) ;
#4010 = ADVANCED_FACE ( 'NONE', ( #4194 ), #3346, .F. ) ;
#4011 = ORIENTED_EDGE ( 'NONE', *, *, #10, .F. ) ;
#4012 = ORIENTED_EDGE ( 'NONE', *, *, #1788, .F. ) ;
#4013 = EDGE_CURVE ( 'NONE', #3992, #2140, #610, .T. ) ;
#4014 = TOROIDAL_SURFACE ( 'NONE', #240, 2.289213562373086930, 1.000000000000000000 ) ;
#4015 = CARTESIAN_POINT ( 'NONE',  ( 62.46000000000001506, 59.84000000000001762, 1.000000000000000000 ) ) ;
#4016 = DIRECTION ( 'NONE',  ( 0.000000000000000000, 0.000000000000000000, 1.000000000000000000 ) ) ;
#4017 = ORIENTED_EDGE ( 'NONE', *, *, #2765, .F. ) ;
#4018 = DIRECTION ( 'NONE',  ( 1.040834085586083310E-14, -1.000000000000000000, 0.000000000000000000 ) ) ;
#4019 = VERTEX_POINT ( 'NONE', #1663 ) ;
#4020 = ORIENTED_EDGE ( 'NONE', *, *, #1842, .T. ) ;
#4021 = CARTESIAN_POINT ( 'NONE',  ( -1.224646799147353207E-16, 1.000000000000000000, 9.000000000000001776 ) ) ;
#4022 = PLANE ( 'NONE',  #1244 ) ;
#4023 = CARTESIAN_POINT ( 'NONE',  ( 9.160000000000119158, 6.539999999999909441, 1.000000000000000000 ) ) ;
#4024 = ORIENTED_EDGE ( 'NONE', *, *, #1877, .F. ) ;
#4025 = CARTESIAN_POINT ( 'NONE',  ( 61.46000000000002217, 10.16000000000001613, 9.000000000000001776 ) ) ;
#4026 = CARTESIAN_POINT ( 'NONE',  ( 0.000000000000000000, 5.080000000000000959, 9.000000000000001776 ) ) ;
#4027 = DIRECTION ( 'NONE',  ( 1.000000000000000000, 0.000000000000000000, 0.000000000000000000 ) ) ;
#4028 = VERTEX_POINT ( 'NONE', #4176 ) ;
#4029 = EDGE_CURVE ( 'NONE', #4420, #3005, #1634, .T. ) ;
#4030 = CARTESIAN_POINT ( 'NONE',  ( 1.540000000000006031, 11.16000000000000369, 1.000000000000000000 ) ) ;
#4031 = ORIENTED_EDGE ( 'NONE', *, *, #3785, .F. ) ;
#4032 = CARTESIAN_POINT ( 'NONE',  ( 62.46000000000001506, 10.16000000000001613, 10.00000000000000000 ) ) ;
#4033 = EDGE_CURVE ( 'NONE', #1405, #160, #2503, .T. ) ;
#4034 = DIRECTION ( 'NONE',  ( 1.000000000000000000, 0.000000000000000000, 0.000000000000000000 ) ) ;
#4035 = EDGE_CURVE ( 'NONE', #4271, #2850, #1488, .T. ) ;
#4036 = ORIENTED_EDGE ( 'NONE', *, *, #4345, .T. ) ;
#4037 = FACE_OUTER_BOUND ( 'NONE', #4342, .T. ) ;
#4038 = EDGE_CURVE ( 'NONE', #653, #3209, #152, .T. ) ;
#4039 = CARTESIAN_POINT ( 'NONE',  ( 65.46000000000002217, 10.16000000000001613, 9.000000000000001776 ) ) ;
#4040 = ORIENTED_EDGE ( 'NONE', *, *, #1308, .F. ) ;
#4041 = ORIENTED_EDGE ( 'NONE', *, *, #1008, .F. ) ;
#4042 = CARTESIAN_POINT ( 'NONE',  ( 9.160000000000126263, 3.539999999999908997, 10.00000000000000000 ) ) ;
#4043 = LINE ( 'NONE', #865, #654 ) ;
#4044 = DIRECTION ( 'NONE',  ( 0.000000000000000000, -1.000000000000000000, 0.000000000000000000 ) ) ;
#4045 = CARTESIAN_POINT ( 'NONE',  ( 2.540000000000006253, 11.16000000000000369, 0.000000000000000000 ) ) ;
#4046 = ORIENTED_EDGE ( 'NONE', *, *, #1373, .F. ) ;
#4047 = DIRECTION ( 'NONE',  ( 0.000000000000000000, 0.000000000000000000, 1.000000000000000000 ) ) ;
#4048 = CARTESIAN_POINT ( 'NONE',  ( 68.00000000000000000, 8.450062914116737844E-15, 0.9999999999999991118 ) ) ;
#4049 = CARTESIAN_POINT ( 'NONE',  ( 10.15999999999966796, 66.45999999999975216, 9.000000000000001776 ) ) ;
#4050 = ORIENTED_EDGE ( 'NONE', *, *, #3310, .T. ) ;
#4051 = ADVANCED_FACE ( 'NONE', ( #3235 ), #1144, .T. ) ;
#4052 = DIRECTION ( 'NONE',  ( 0.000000000000000000, 0.000000000000000000, -1.000000000000000000 ) ) ;
#4053 = EDGE_LOOP ( 'NONE', ( #455, #2149, #3934, #2478 ) ) ;
#4054 = DIRECTION ( 'NONE',  ( -0.000000000000000000, -0.000000000000000000, -1.000000000000000000 ) ) ;
#4055 = AXIS2_PLACEMENT_3D ( 'NONE', #3153, #698, #4265 ) ;
#4056 = FACE_OUTER_BOUND ( 'NONE', #1210, .T. ) ;
#4057 = DIRECTION ( 'NONE',  ( 0.000000000000000000, 0.000000000000000000, 1.000000000000000000 ) ) ;
#4058 = ORIENTED_EDGE ( 'NONE', *, *, #2241, .T. ) ;
#4059 = CARTESIAN_POINT ( 'NONE',  ( 63.92000000000000171, 1.000000000000007772, 0.000000000000000000 ) ) ;
#4060 = EDGE_CURVE ( 'NONE', #1754, #4472, #1927, .T. ) ;
#4061 = CIRCLE ( 'NONE', #2873, 2.000000000000001776 ) ;
#4062 = AXIS2_PLACEMENT_3D ( 'NONE', #3473, #938, #4464 ) ;
#4063 = DIRECTION ( 'NONE',  ( -3.469446951953615767E-15, 1.000000000000000000, 0.000000000000000000 ) ) ;
#4064 = CARTESIAN_POINT ( 'NONE',  ( 62.33789321881348400, 5.080000000000015170, 0.2928932188134569792 ) ) ;
#4065 = AXIS2_PLACEMENT_3D ( 'NONE', #2453, #1, #3880 ) ;
#4066 = VERTEX_POINT ( 'NONE', #461 ) ;
#4067 = ORIENTED_EDGE ( 'NONE', *, *, #3894, .F. ) ;
#4068 = FACE_OUTER_BOUND ( 'NONE', #1203, .T. ) ;
#4069 = EDGE_CURVE ( 'NONE', #2674, #2188, #970, .T. ) ;
#4070 = AXIS2_PLACEMENT_3D ( 'NONE', #2864, #3529, #39 ) ;
#4071 = EDGE_CURVE ( 'NONE', #3682, #1211, #3974, .T. ) ;
#4072 = AXIS2_PLACEMENT_3D ( 'NONE', #3738, #650, #298 ) ;
#4073 = DIRECTION ( 'NONE',  ( -1.000000000000000000, 0.000000000000000000, 0.000000000000000000 ) ) ;
#4074 = VECTOR ( 'NONE', #3862, 1000.000000000000000 ) ;
#4075 = ORIENTED_EDGE ( 'NONE', *, *, #2840, .T. ) ;
#4076 = FACE_OUTER_BOUND ( 'NONE', #4053, .T. ) ;
#4077 = CIRCLE ( 'NONE', #738, 1.125000000000000888 ) ;
#4078 = DIRECTION ( 'NONE',  ( 0.000000000000000000, 0.000000000000000000, 1.000000000000000000 ) ) ;
#4079 = DIRECTION ( 'NONE',  ( -3.854941057726234744E-15, 1.000000000000000000, 0.000000000000000000 ) ) ;
#4080 = ORIENTED_EDGE ( 'NONE', *, *, #203, .F. ) ;
#4081 = AXIS2_PLACEMENT_3D ( 'NONE', #821, #2958, #1905 ) ;
#4082 = VECTOR ( 'NONE', #4057, 1000.000000000000000 ) ;
#4083 = LINE ( 'NONE', #906, #1528 ) ;
#4084 = AXIS2_PLACEMENT_3D ( 'NONE', #2803, #784, #743 ) ;
#4085 = ORIENTED_EDGE ( 'NONE', *, *, #1032, .F. ) ;
#4086 = AXIS2_PLACEMENT_3D ( 'NONE', #1680, #2049, #3192 ) ;
#4087 = DIRECTION ( 'NONE',  ( 1.000000000000000000, 0.000000000000000000, 0.000000000000000000 ) ) ;
#4088 = AXIS2_PLACEMENT_3D ( 'NONE', #3162, #4565, #786 ) ;
#4089 = FACE_OUTER_BOUND ( 'NONE', #3295, .T. ) ;
#4090 = DIRECTION ( 'NONE',  ( -1.000000000000000000, 0.000000000000000000, 0.000000000000000000 ) ) ;
#4091 = VERTEX_POINT ( 'NONE', #2861 ) ;
#4092 = CARTESIAN_POINT ( 'NONE',  ( 57.83999999999971209, 62.46000000000026375, 10.00000000000000000 ) ) ;
#4093 = CIRCLE ( 'NONE', #1277, 1.582106781186550126 ) ;
#4094 = CARTESIAN_POINT ( 'NONE',  ( 3.540000000000005809, 9.160000000000001918, 9.000000000000001776 ) ) ;
#4095 = CARTESIAN_POINT ( 'NONE',  ( 63.91999999999969617, 63.92000000000032145, 9.249999999999994671 ) ) ;
#4096 = AXIS2_PLACEMENT_3D ( 'NONE', #651, #2031, #1681 ) ;
#4097 = ORIENTED_EDGE ( 'NONE', *, *, #17, .F. ) ;
#4098 = VERTEX_POINT ( 'NONE', #2575 ) ;
#4099 = EDGE_CURVE ( 'NONE', #3272, #877, #4000, .T. ) ;
#4100 = DIRECTION ( 'NONE',  ( -0.000000000000000000, -0.000000000000000000, 1.000000000000000000 ) ) ;
#4101 = CARTESIAN_POINT ( 'NONE',  ( 10.16000000000013337, 2.539999999999912550, 1.000000000000000000 ) ) ;
#4102 = EDGE_CURVE ( 'NONE', #1832, #623, #3547, .T. ) ;
#4103 = DIRECTION ( 'NONE',  ( -1.047444401652940007E-14, 1.000000000000000000, -0.000000000000000000 ) ) ;
#4104 = CARTESIAN_POINT ( 'NONE',  ( 5.080000000000132410, 3.497893218813360239, 0.2928932188134569792 ) ) ;
#4105 = VERTEX_POINT ( 'NONE', #3592 ) ;
#4106 = ADVANCED_FACE ( 'NONE', ( #1794 ), #4244, .T. ) ;
#4107 = CARTESIAN_POINT ( 'NONE',  ( 5.080000000000121751, 6.204999999999896154, 9.249999999999994671 ) ) ;
#4108 = ORIENTED_EDGE ( 'NONE', *, *, #123, .T. ) ;
#4109 = DIRECTION ( 'NONE',  ( -0.000000000000000000, -0.000000000000000000, -1.000000000000000000 ) ) ;
#4110 = CARTESIAN_POINT ( 'NONE',  ( 59.83999999999967656, 65.46000000000027796, 0.000000000000000000 ) ) ;
#4111 = CARTESIAN_POINT ( 'NONE',  ( 9.159999999999641318, 68.99999999999975842, 0.000000000000000000 ) ) ;
#4112 = VERTEX_POINT ( 'NONE', #411 ) ;
#4113 = DIRECTION ( 'NONE',  ( -1.000000000000000000, -3.616204678323799768E-15, 0.000000000000000000 ) ) ;
#4114 = CARTESIAN_POINT ( 'NONE',  ( 69.00000000000000000, 5.080000000000008065, 9.000000000000001776 ) ) ;
#4115 = CYLINDRICAL_SURFACE ( 'NONE', #1551, 1.000000000000000888 ) ;
#4116 = ORIENTED_EDGE ( 'NONE', *, *, #582, .F. ) ;
#4117 = ORIENTED_EDGE ( 'NONE', *, *, #4198, .F. ) ;
#4118 = CARTESIAN_POINT ( 'NONE',  ( 57.84000000000011710, 7.540000000000084412, 10.00000000000000000 ) ) ;
#4119 = DIRECTION ( 'NONE',  ( 1.000000000000000000, 1.047444401652940007E-14, -0.000000000000000000 ) ) ;
#4120 = DIRECTION ( 'NONE',  ( 1.000000000000000000, 0.000000000000000000, 0.000000000000000000 ) ) ;
#4121 = VERTEX_POINT ( 'NONE', #532 ) ;
#4122 = CARTESIAN_POINT ( 'NONE',  ( 66.20921356237310818, 5.080000000000015170, 1.000000000000000000 ) ) ;
#4123 = EDGE_CURVE ( 'NONE', #3442, #3584, #2231, .T. ) ;
#4124 = EDGE_CURVE ( 'NONE', #35, #4365, #3750, .T. ) ;
#4125 = ORIENTED_EDGE ( 'NONE', *, *, #1788, .T. ) ;
#4126 = ADVANCED_FACE ( 'NONE', ( #3065 ), #2682, .F. ) ;
#4127 = ADVANCED_FACE ( 'NONE', ( #4467 ), #505, .T. ) ;
#4128 = CARTESIAN_POINT ( 'NONE',  ( 63.92000000000001592, 5.080000000000015170, 10.00000000000000000 ) ) ;
#4129 = CARTESIAN_POINT ( 'NONE',  ( 1.540000000000000258, 57.84000000000000341, 9.000000000000001776 ) ) ;
#4130 = DIRECTION ( 'NONE',  ( -1.000000000000000000, -1.059916735601006648E-14, 0.000000000000000000 ) ) ;
#4131 = ORIENTED_EDGE ( 'NONE', *, *, #3164, .F. ) ;
#4132 = CARTESIAN_POINT ( 'NONE',  ( 2.540000000000006253, 11.16000000000000369, 1.000000000000000000 ) ) ;
#4133 = ADVANCED_FACE ( 'NONE', ( #3035 ), #230, .T. ) ;
#4134 = DIRECTION ( 'NONE',  ( 1.247233394806660679E-16, -1.000000000000000000, -0.000000000000000000 ) ) ;
#4135 = VERTEX_POINT ( 'NONE', #482 ) ;
#4136 = AXIS2_PLACEMENT_3D ( 'NONE', #2014, #2086, #1318 ) ;
#4137 = ORIENTED_EDGE ( 'NONE', *, *, #2078, .F. ) ;
#4138 = CARTESIAN_POINT ( 'NONE',  ( 66.20921356237312239, 5.080000000000015170, 10.00000000000000178 ) ) ;
#4139 = AXIS2_PLACEMENT_3D ( 'NONE', #2775, #3131, #541 ) ;
#4140 = CARTESIAN_POINT ( 'NONE',  ( 2.540000000000006253, 10.16000000000000192, 9.000000000000001776 ) ) ;
#4141 = AXIS2_PLACEMENT_3D ( 'NONE', #4357, #3715, #2561 ) ;
#4142 = AXIS2_PLACEMENT_3D ( 'NONE', #4168, #2700, #1328 ) ;
#4143 = CARTESIAN_POINT ( 'NONE',  ( 10.16000000000012093, 6.539999999999912994, 1.000000000000000000 ) ) ;
#4144 = VERTEX_POINT ( 'NONE', #4104 ) ;
#4145 = CARTESIAN_POINT ( 'NONE',  ( 62.04500000000003013, 5.080000000000015170, 0.000000000000000000 ) ) ;
#4146 = VECTOR ( 'NONE', #1584, 1000.000000000000000 ) ;
#4147 = ORIENTED_EDGE ( 'NONE', *, *, #1308, .T. ) ;
#4148 = EDGE_CURVE ( 'NONE', #2658, #61, #2819, .T. ) ;
#4149 = CIRCLE ( 'NONE', #3924, 1.000000000000000888 ) ;
#4150 = CARTESIAN_POINT ( 'NONE',  ( 69.00000000000014211, 1.540000000000125491, 1.000000000000000000 ) ) ;
#4151 = DIRECTION ( 'NONE',  ( 0.000000000000000000, -1.000000000000000000, 0.000000000000000000 ) ) ;
#4152 = EDGE_CURVE ( 'NONE', #2264, #2451, #1114, .T. ) ;
#4153 = CIRCLE ( 'NONE', #148, 2.000000000000000000 ) ;
#4154 = AXIS2_PLACEMENT_3D ( 'NONE', #2039, #2336, #3469 ) ;
#4155 = DIRECTION ( 'NONE',  ( -0.000000000000000000, -0.000000000000000000, -1.000000000000000000 ) ) ;
#4156 = VERTEX_POINT ( 'NONE', #2702 ) ;
#4157 = CARTESIAN_POINT ( 'NONE',  ( 59.84000000000013841, 2.540000000000091962, 9.000000000000001776 ) ) ;
#4158 = EDGE_CURVE ( 'NONE', #2283, #3446, #4415, .T. ) ;
#4159 = VECTOR ( 'NONE', #190, 1000.000000000000000 ) ;
#4160 = VECTOR ( 'NONE', #2067, 1000.000000000000000 ) ;
#4161 = DIRECTION ( 'NONE',  ( 0.000000000000000000, 0.000000000000000000, 1.000000000000000000 ) ) ;
#4162 = FACE_OUTER_BOUND ( 'NONE', #4532, .T. ) ;
#4163 = ORIENTED_EDGE ( 'NONE', *, *, #2490, .T. ) ;
#4164 = VECTOR ( 'NONE', #1399, 1000.000000000000000 ) ;
#4165 = AXIS2_PLACEMENT_3D ( 'NONE', #1691, #3549, #1994 ) ;
#4166 = ORIENTED_EDGE ( 'NONE', *, *, #1522, .F. ) ;
#4167 = DIRECTION ( 'NONE',  ( -0.000000000000000000, -0.000000000000000000, -1.000000000000000000 ) ) ;
#4168 = CARTESIAN_POINT ( 'NONE',  ( 62.46000000000001506, 57.84000000000001762, 10.00000000000000000 ) ) ;
#4169 = CIRCLE ( 'NONE', #823, 1.000000000000000888 ) ;
#4170 = LINE ( 'NONE', #4418, #3920 ) ;
#4171 = DIRECTION ( 'NONE',  ( -1.000000000000000000, 0.000000000000000000, 0.000000000000000000 ) ) ;
#4172 = VERTEX_POINT ( 'NONE', #578 ) ;
#4173 = DIRECTION ( 'NONE',  ( 0.000000000000000000, 1.000000000000000000, 0.000000000000000000 ) ) ;
#4174 = CARTESIAN_POINT ( 'NONE',  ( 6.540000000000006253, 11.16000000000000369, 9.000000000000001776 ) ) ;
#4175 = DIRECTION ( 'NONE',  ( 0.000000000000000000, -0.000000000000000000, 1.000000000000000000 ) ) ;
#4176 = CARTESIAN_POINT ( 'NONE',  ( 58.83999999999971209, 62.46000000000027086, 1.000000000000000000 ) ) ;
#4177 = ORIENTED_EDGE ( 'NONE', *, *, #2897, .T. ) ;
#4178 = CYLINDRICAL_SURFACE ( 'NONE', #1986, 1.000000000000000000 ) ;
#4179 = CARTESIAN_POINT ( 'NONE',  ( 10.16000000000013337, 1.539999999999912772, 10.00000000000000000 ) ) ;
#4180 = ORIENTED_EDGE ( 'NONE', *, *, #471, .T. ) ;
#4181 = FACE_OUTER_BOUND ( 'NONE', #2999, .T. ) ;
#4182 = ADVANCED_FACE ( 'NONE', ( #3334 ), #2831, .T. ) ;
#4183 = DIRECTION ( 'NONE',  ( -1.000000000000000000, 0.000000000000000000, 0.000000000000000000 ) ) ;
#4184 = EDGE_CURVE ( 'NONE', #1175, #2349, #2075, .T. ) ;
#4185 = EDGE_LOOP ( 'NONE', ( #4381, #2079, #2401, #1382 ) ) ;
#4186 = EDGE_LOOP ( 'NONE', ( #2214, #331, #1278, #637 ) ) ;
#4187 = LINE ( 'NONE', #3434, #4160 ) ;
#4188 = DIRECTION ( 'NONE',  ( -1.000000000000000000, 0.000000000000000000, 0.000000000000000000 ) ) ;
#4189 = CARTESIAN_POINT ( 'NONE',  ( 8.540000000000006253, 11.16000000000000369, 1.000000000000000000 ) ) ;
#4190 = EDGE_LOOP ( 'NONE', ( #1503, #3528, #4268, #2161 ) ) ;
#4191 = DIRECTION ( 'NONE',  ( -0.000000000000000000, -0.000000000000000000, 1.000000000000000000 ) ) ;
#4192 = DIRECTION ( 'NONE',  ( 1.047444401652940007E-14, -1.000000000000000000, 0.000000000000000000 ) ) ;
#4193 = DIRECTION ( 'NONE',  ( -1.000000000000000000, 0.000000000000000000, 0.000000000000000000 ) ) ;
#4194 = FACE_OUTER_BOUND ( 'NONE', #944, .T. ) ;
#4195 = EDGE_LOOP ( 'NONE', ( #2007, #2166, #1260, #770 ) ) ;
#4196 = CARTESIAN_POINT ( 'NONE',  ( 66.20921356237310818, 5.080000000000015170, 0.000000000000000000 ) ) ;
#4197 = DIRECTION ( 'NONE',  ( 0.000000000000000000, 0.000000000000000000, -1.000000000000000000 ) ) ;
#4198 = EDGE_CURVE ( 'NONE', #2585, #3390, #2665, .T. ) ;
#4199 = LINE ( 'NONE', #3154, #374 ) ;
#4200 = EDGE_LOOP ( 'NONE', ( #3805, #3825, #648, #4097 ) ) ;
#4201 = DIRECTION ( 'NONE',  ( 0.000000000000000000, 0.000000000000000000, -1.000000000000000000 ) ) ;
#4202 = ORIENTED_EDGE ( 'NONE', *, *, #3275, .T. ) ;
#4203 = EDGE_CURVE ( 'NONE', #924, #3886, #3859, .T. ) ;
#4204 = EDGE_LOOP ( 'NONE', ( #425, #2937, #2642, #430 ) ) ;
#4205 = FACE_OUTER_BOUND ( 'NONE', #3788, .T. ) ;
#4206 = EDGE_CURVE ( 'NONE', #3077, #3682, #1848, .T. ) ;
#4207 = CARTESIAN_POINT ( 'NONE',  ( 67.46000000000002217, 11.16000000000001791, 1.000000000000000000 ) ) ;
#4208 = AXIS2_PLACEMENT_3D ( 'NONE', #1538, #1585, #4027 ) ;
#4209 = EDGE_CURVE ( 'NONE', #1647, #2182, #453, .T. ) ;
#4210 = ORIENTED_EDGE ( 'NONE', *, *, #1532, .F. ) ;
#4211 = DIRECTION ( 'NONE',  ( -0.000000000000000000, -0.000000000000000000, -1.000000000000000000 ) ) ;
#4212 = DIRECTION ( 'NONE',  ( 1.000000000000000000, 0.000000000000000000, 0.000000000000000000 ) ) ;
#4213 = EDGE_CURVE ( 'NONE', #84, #2531, #3410, .T. ) ;
#4214 = ADVANCED_BREP_SHAPE_REPRESENTATION ( 'Printed_Mounting_Stand_V1.0', ( #809, #1312 ), #2860 ) ;
#4215 = TOROIDAL_SURFACE ( 'NONE', #595, 2.000000000000000000, 1.000000000000000000 ) ;
#4216 = AXIS2_PLACEMENT_3D ( 'NONE', #1989, #3114, #256 ) ;
#4217 = AXIS2_PLACEMENT_3D ( 'NONE', #2484, #3913, #736 ) ;
#4218 = ORIENTED_EDGE ( 'NONE', *, *, #2048, .T. ) ;
#4219 = AXIS2_PLACEMENT_3D ( 'NONE', #3542, #2543, #45 ) ;
#4220 = AXIS2_PLACEMENT_3D ( 'NONE', #730, #2097, #1460 ) ;
#4221 = DIRECTION ( 'NONE',  ( 0.000000000000000000, 0.000000000000000000, 1.000000000000000000 ) ) ;
#4222 = CARTESIAN_POINT ( 'NONE',  ( 7.540000000000000036, 59.84000000000000341, 10.00000000000000000 ) ) ;
#4223 = CARTESIAN_POINT ( 'NONE',  ( 0.000000000000000000, 9.160000000000001918, 1.000000000000000000 ) ) ;
#4224 = CIRCLE ( 'NONE', #2501, 1.000000000000000888 ) ;
#4225 = EDGE_LOOP ( 'NONE', ( #2577, #1433, #4400, #1943 ) ) ;
#4226 = VECTOR ( 'NONE', #4297, 1000.000000000000000 ) ;
#4227 = AXIS2_PLACEMENT_3D ( 'NONE', #2154, #3535, #2900 ) ;
#4228 = LINE ( 'NONE', #446, #456 ) ;
#4229 = ORIENTED_EDGE ( 'NONE', *, *, #3328, .T. ) ;
#4230 = VERTEX_POINT ( 'NONE', #3731 ) ;
#4231 = DIRECTION ( 'NONE',  ( -1.000000000000000000, -0.000000000000000000, -0.000000000000000000 ) ) ;
#4232 = VECTOR ( 'NONE', #4458, 1000.000000000000000 ) ;
#4233 = CIRCLE ( 'NONE', #1857, 1.000000000000000888 ) ;
#4234 = DIRECTION ( 'NONE',  ( -1.000000000000000000, 0.000000000000000000, 0.000000000000000000 ) ) ;
#4235 = VECTOR ( 'NONE', #3606, 1000.000000000000000 ) ;
#4236 = TOROIDAL_SURFACE ( 'NONE', #1934, 4.080000000000000071, 1.000000000000000000 ) ;
#4237 = CARTESIAN_POINT ( 'NONE',  ( 8.540000000000004476, 11.16000000000000369, 9.000000000000001776 ) ) ;
#4238 = VERTEX_POINT ( 'NONE', #3681 ) ;
#4239 = CARTESIAN_POINT ( 'NONE',  ( 57.83999999999967656, 65.46000000000026375, 10.00000000000000000 ) ) ;
#4240 = CARTESIAN_POINT ( 'NONE',  ( 5.080000000000000071, 63.92000000000000171, 0.000000000000000000 ) ) ;
#4241 = AXIS2_PLACEMENT_3D ( 'NONE', #1238, #4470, #198 ) ;
#4242 = ADVANCED_FACE ( 'NONE', ( #3384 ), #2751, .F. ) ;
#4243 = EDGE_CURVE ( 'NONE', #887, #3772, #4450, .T. ) ;
#4244 = TOROIDAL_SURFACE ( 'NONE', #3265, 2.000000000000000000, 1.000000000000000000 ) ;
#4245 = ORIENTED_EDGE ( 'NONE', *, *, #3653, .T. ) ;
#4246 = EDGE_CURVE ( 'NONE', #3224, #2357, #2096, .T. ) ;
#4247 = LINE ( 'NONE', #1101, #1462 ) ;
#4248 = DIRECTION ( 'NONE',  ( 0.000000000000000000, 0.000000000000000000, 1.000000000000000000 ) ) ;
#4249 = VERTEX_POINT ( 'NONE', #712 ) ;
#4250 = ORIENTED_EDGE ( 'NONE', *, *, #1170, .T. ) ;
#4251 =( NAMED_UNIT ( * ) PLANE_ANGLE_UNIT ( ) SI_UNIT ( $, .RADIAN. ) );
#4252 = ORIENTED_EDGE ( 'NONE', *, *, #3363, .T. ) ;
#4253 = CARTESIAN_POINT ( 'NONE',  ( 5.079999999999999183, 69.00000000000000000, 10.00000000000000000 ) ) ;
#4254 = CARTESIAN_POINT ( 'NONE',  ( 59.84000000000012420, 6.540000000000091518, 9.000000000000001776 ) ) ;
#4255 = CARTESIAN_POINT ( 'NONE',  ( 9.159999999999676845, 65.45999999999975216, 9.000000000000001776 ) ) ;
#4256 = ORIENTED_EDGE ( 'NONE', *, *, #777, .T. ) ;
#4257 = DIRECTION ( 'NONE',  ( 8.438362267849779450E-15, -1.000000000000000000, 0.000000000000000000 ) ) ;
#4258 = DIRECTION ( 'NONE',  ( -0.000000000000000000, -0.000000000000000000, -1.000000000000000000 ) ) ;
#4259 = CARTESIAN_POINT ( 'NONE',  ( 62.46000000000001506, 57.84000000000001762, 0.000000000000000000 ) ) ;
#4260 = ORIENTED_EDGE ( 'NONE', *, *, #1586, .F. ) ;
#4261 = EDGE_CURVE ( 'NONE', #2951, #4156, #2437, .T. ) ;
#4262 = DIRECTION ( 'NONE',  ( 1.000000000000000000, 1.247233394806660679E-16, -0.000000000000000000 ) ) ;
#4263 = ADVANCED_FACE ( 'NONE', ( #1033 ), #1479, .T. ) ;
#4264 = CARTESIAN_POINT ( 'NONE',  ( 10.16000000000012804, 3.539999999999912550, 0.000000000000000000 ) ) ;
#4265 = DIRECTION ( 'NONE',  ( -1.000000000000000000, 0.000000000000000000, 0.000000000000000000 ) ) ;
#4266 = DIRECTION ( 'NONE',  ( 1.000000000000000000, 0.000000000000000000, -0.000000000000000000 ) ) ;
#4267 = EDGE_CURVE ( 'NONE', #3555, #2140, #1048, .T. ) ;
#4268 = ORIENTED_EDGE ( 'NONE', *, *, #3641, .F. ) ;
#4269 = EDGE_CURVE ( 'NONE', #2994, #3450, #2080, .T. ) ;
#4270 = DIRECTION ( 'NONE',  ( 1.000000000000000000, 0.000000000000000000, 0.000000000000000000 ) ) ;
#4271 = VERTEX_POINT ( 'NONE', #3507 ) ;
#4272 = CARTESIAN_POINT ( 'NONE',  ( 65.46000000000002217, 57.84000000000001762, 10.00000000000000000 ) ) ;
#4273 = CARTESIAN_POINT ( 'NONE',  ( 10.16000000000011383, 8.539999999999912106, 9.000000000000001776 ) ) ;
#4274 = PLANE ( 'NONE',  #1633 ) ;
#4275 = EDGE_LOOP ( 'NONE', ( #2622, #609, #13, #1252, #226, #1795, #2259, #506 ) ) ;
#4276 = CARTESIAN_POINT ( 'NONE',  ( 11.16000000000013515, 2.539999999999916103, 10.00000000000000000 ) ) ;
#4277 = CARTESIAN_POINT ( 'NONE',  ( 5.080000000000134186, 2.790786437626795902, 9.000000000000001776 ) ) ;
#4278 = ORIENTED_EDGE ( 'NONE', *, *, #820, .T. ) ;
#4279 = AXIS2_PLACEMENT_3D ( 'NONE', #1841, #2626, #4079 ) ;
#4280 = DIRECTION ( 'NONE',  ( -1.000000000000000000, -1.059916735601006648E-14, 0.000000000000000000 ) ) ;
#4281 = CIRCLE ( 'NONE', #1761, 2.000000000000000000 ) ;
#4282 = CYLINDRICAL_SURFACE ( 'NONE', #137, 1.000000000000000888 ) ;
#4283 = CIRCLE ( 'NONE', #594, 4.080000000000000071 ) ;
#4284 = LINE ( 'NONE', #370, #204 ) ;
#4285 = EDGE_LOOP ( 'NONE', ( #4245, #2513, #2029, #525 ) ) ;
#4286 = EDGE_LOOP ( 'NONE', ( #1847, #3942, #1221, #3792 ) ) ;
#4287 = AXIS2_PLACEMENT_3D ( 'NONE', #1380, #2447, #2797 ) ;
#4288 = FACE_OUTER_BOUND ( 'NONE', #1695, .T. ) ;
#4289 = ADVANCED_FACE ( 'NONE', ( #3839 ), #3353, .T. ) ;
#4290 = VECTOR ( 'NONE', #4395, 1000.000000000000000 ) ;
#4291 = EDGE_CURVE ( 'NONE', #3139, #877, #2224, .T. ) ;
#4292 = ORIENTED_EDGE ( 'NONE', *, *, #1029, .T. ) ;
#4293 = DIRECTION ( 'NONE',  ( -3.491481338843133355E-15, 1.000000000000000000, -0.000000000000000000 ) ) ;
#4294 = TOROIDAL_SURFACE ( 'NONE', #2289, 4.080000000000000071, 1.000000000000000000 ) ;
#4295 = DIRECTION ( 'NONE',  ( 1.000000000000000000, 0.000000000000000000, 0.000000000000000000 ) ) ;
#4296 = EDGE_LOOP ( 'NONE', ( #3288, #4315, #1744, #3646 ) ) ;
#4297 = DIRECTION ( 'NONE',  ( 1.000000000000000000, 3.616204678323799768E-15, 0.000000000000000000 ) ) ;
#4298 = CIRCLE ( 'NONE', #1552, 5.080000000000000959 ) ;
#4299 = VERTEX_POINT ( 'NONE', #324 ) ;
#4300 = DIRECTION ( 'NONE',  ( 1.000000000000000000, 0.000000000000000000, 0.000000000000000000 ) ) ;
#4301 = LINE ( 'NONE', #2114, #587 ) ;
#4302 = VECTOR ( 'NONE', #923, 1000.000000000000000 ) ;
#4303 = VECTOR ( 'NONE', #97, 1000.000000000000000 ) ;
#4304 = DIRECTION ( 'NONE',  ( -1.000000000000000000, -0.000000000000000000, -0.000000000000000000 ) ) ;
#4305 = ORIENTED_EDGE ( 'NONE', *, *, #1508, .T. ) ;
#4306 = CIRCLE ( 'NONE', #2304, 1.000000000000000888 ) ;
#4307 = DIRECTION ( 'NONE',  ( 0.000000000000000000, 0.000000000000000000, 1.000000000000000000 ) ) ;
#4308 = CARTESIAN_POINT ( 'NONE',  ( 5.080000000000126192, 5.079999999999895266, 9.249999999999994671 ) ) ;
#4309 = VECTOR ( 'NONE', #4134, 1000.000000000000000 ) ;
#4310 = DIRECTION ( 'NONE',  ( -3.428084671313971127E-15, 1.000000000000000000, 0.000000000000000000 ) ) ;
#4311 = ORIENTED_EDGE ( 'NONE', *, *, #3563, .T. ) ;
#4312 = ORIENTED_EDGE ( 'NONE', *, *, #1118, .T. ) ;
#4313 = ORIENTED_EDGE ( 'NONE', *, *, #4060, .T. ) ;
#4314 = CARTESIAN_POINT ( 'NONE',  ( 5.080000000000000071, 5.080000000000000959, 0.000000000000000000 ) ) ;
#4315 = ORIENTED_EDGE ( 'NONE', *, *, #675, .F. ) ;
#4316 = CARTESIAN_POINT ( 'NONE',  ( 65.50210678118656915, 5.080000000000015170, 9.707106781186546129 ) ) ;
#4317 = EDGE_CURVE ( 'NONE', #2363, #3775, #232, .T. ) ;
#4318 = ADVANCED_FACE ( 'NONE', ( #1059 ), #82, .T. ) ;
#4319 = DIRECTION ( 'NONE',  ( 1.000000000000000000, 1.247233394806660679E-16, 0.000000000000000000 ) ) ;
#4320 = ORIENTED_EDGE ( 'NONE', *, *, #4038, .F. ) ;
#4321 = DIRECTION ( 'NONE',  ( -1.000000000000000000, 0.000000000000000000, 0.000000000000000000 ) ) ;
#4322 = ORIENTED_EDGE ( 'NONE', *, *, #3367, .F. ) ;
#4323 = DIRECTION ( 'NONE',  ( 0.000000000000000000, 0.000000000000000000, -1.000000000000000000 ) ) ;
#4324 = CARTESIAN_POINT ( 'NONE',  ( 10.15999999999972125, 61.45999999999975927, 9.000000000000001776 ) ) ;
#4325 = EDGE_CURVE ( 'NONE', #133, #4332, #1275, .T. ) ;
#4326 = DIRECTION ( 'NONE',  ( 1.387778780781444413E-14, -1.000000000000000000, 0.000000000000000000 ) ) ;
#4327 = VERTEX_POINT ( 'NONE', #2072 ) ;
#4328 = VECTOR ( 'NONE', #136, 1000.000000000000000 ) ;
#4329 = DIRECTION ( 'NONE',  ( 1.000000000000000000, 0.000000000000000000, 0.000000000000000000 ) ) ;
#4330 = CYLINDRICAL_SURFACE ( 'NONE', #1100, 1.000000000000000888 ) ;
#4331 = FACE_OUTER_BOUND ( 'NONE', #1728, .T. ) ;
#4332 = VERTEX_POINT ( 'NONE', #2030 ) ;
#4333 = EDGE_LOOP ( 'NONE', ( #1722, #3351, #4564, #3882 ) ) ;
#4334 = ORIENTED_EDGE ( 'NONE', *, *, #2538, .F. ) ;
#4335 = CARTESIAN_POINT ( 'NONE',  ( 57.84000000000012420, 3.540000000000084857, 1.000000000000000000 ) ) ;
#4336 = EDGE_CURVE ( 'NONE', #4172, #2585, #3459, .T. ) ;
#4337 = CYLINDRICAL_SURFACE ( 'NONE', #849, 1.000000000000000888 ) ;
#4338 = VERTEX_POINT ( 'NONE', #274 ) ;
#4339 = CARTESIAN_POINT ( 'NONE',  ( 67.46000000000000796, 69.00000000000001421, 1.000000000000000000 ) ) ;
#4340 = EDGE_CURVE ( 'NONE', #2349, #3224, #4571, .T. ) ;
#4341 = ORIENTED_EDGE ( 'NONE', *, *, #3973, .T. ) ;
#4342 = EDGE_LOOP ( 'NONE', ( #3230, #2777, #4041, #782 ) ) ;
#4343 = CARTESIAN_POINT ( 'NONE',  ( 6.662106781186550641, 63.92000000000000171, 9.707106781186546129 ) ) ;
#4344 = CARTESIAN_POINT ( 'NONE',  ( 63.91999999999968196, 65.04500000000032855, 9.249999999999994671 ) ) ;
#4345 = EDGE_CURVE ( 'NONE', #3746, #1820, #1750, .T. ) ;
#4346 = ORIENTED_EDGE ( 'NONE', *, *, #1762, .T. ) ;
#4347 = ADVANCED_FACE ( 'NONE', ( #1703 ), #2462, .F. ) ;
#4348 = CARTESIAN_POINT ( 'NONE',  ( 66.46000000000002217, 10.16000000000001613, 9.000000000000001776 ) ) ;
#4349 = DIRECTION ( 'NONE',  ( 1.000000000000000000, 0.000000000000000000, -0.000000000000000000 ) ) ;
#4350 = CYLINDRICAL_SURFACE ( 'NONE', #2126, 1.000000000000000888 ) ;
#4351 = CIRCLE ( 'NONE', #2346, 1.000000000000000888 ) ;
#4352 = EDGE_LOOP ( 'NONE', ( #976, #1865, #277, #3928 ) ) ;
#4353 = VERTEX_POINT ( 'NONE', #3995 ) ;
#4354 = ORIENTED_EDGE ( 'NONE', *, *, #1561, .F. ) ;
#4355 = AXIS2_PLACEMENT_3D ( 'NONE', #3919, #333, #1107 ) ;
#4356 = CIRCLE ( 'NONE', #2569, 1.582106781186550126 ) ;
#4357 = CARTESIAN_POINT ( 'NONE',  ( 62.46000000000001506, 9.160000000000016129, 9.000000000000001776 ) ) ;
#4358 = CARTESIAN_POINT ( 'NONE',  ( 63.92000000000001592, 5.080000000000015170, 0.000000000000000000 ) ) ;
#4359 = CIRCLE ( 'NONE', #2494, 1.582106781186535027 ) ;
#4360 = ORIENTED_EDGE ( 'NONE', *, *, #2606, .T. ) ;
#4361 = CARTESIAN_POINT ( 'NONE',  ( 5.080000000000129745, 3.954999999999894378, 9.249999999999994671 ) ) ;
#4362 = AXIS2_PLACEMENT_3D ( 'NONE', #1330, #2746, #766 ) ;
#4363 = DIRECTION ( 'NONE',  ( 0.000000000000000000, 0.000000000000000000, 1.000000000000000000 ) ) ;
#4364 = ORIENTED_EDGE ( 'NONE', *, *, #292, .F. ) ;
#4365 = VERTEX_POINT ( 'NONE', #3233 ) ;
#4366 =( NAMED_UNIT ( * ) SI_UNIT ( $, .STERADIAN. ) SOLID_ANGLE_UNIT ( ) );
#4367 = LINE ( 'NONE', #1883, #3912 ) ;
#4368 = AXIS2_PLACEMENT_3D ( 'NONE', #2006, #690, #3129 ) ;
#4369 = AXIS2_PLACEMENT_3D ( 'NONE', #47, #1093, #1457 ) ;
#4370 = CARTESIAN_POINT ( 'NONE',  ( 65.46000000000002217, 11.16000000000001791, 9.000000000000001776 ) ) ;
#4371 = ORIENTED_EDGE ( 'NONE', *, *, #4291, .T. ) ;
#4372 = CARTESIAN_POINT ( 'NONE',  ( 5.080000000000000959, 6.221205739668555308E-16, 0.9999999999999991118 ) ) ;
#4373 = CIRCLE ( 'NONE', #2003, 5.080000000000000959 ) ;
#4374 = EDGE_CURVE ( 'NONE', #2769, #179, #816, .T. ) ;
#4375 = EDGE_CURVE ( 'NONE', #3150, #1531, #1505, .T. ) ;
#4376 = DIRECTION ( 'NONE',  ( 0.000000000000000000, 0.000000000000000000, -1.000000000000000000 ) ) ;
#4377 = CARTESIAN_POINT ( 'NONE',  ( 3.540000000000000036, 57.84000000000000341, 0.000000000000000000 ) ) ;
#4378 = CIRCLE ( 'NONE', #4496, 1.125000000000000888 ) ;
#4379 = TOROIDAL_SURFACE ( 'NONE', #3273, 4.080000000000000071, 1.000000000000000000 ) ;
#4380 = ORIENTED_EDGE ( 'NONE', *, *, #2308, .F. ) ;
#4381 = ORIENTED_EDGE ( 'NONE', *, *, #3301, .F. ) ;
#4382 = AXIS2_PLACEMENT_3D ( 'NONE', #3841, #3799, #631 ) ;
#4383 = CARTESIAN_POINT ( 'NONE',  ( 6.540000000000006253, 10.16000000000000192, 0.000000000000000000 ) ) ;
#4384 = CARTESIAN_POINT ( 'NONE',  ( 59.83999999999971209, 62.46000000000028507, 0.000000000000000000 ) ) ;
#4385 = ORIENTED_EDGE ( 'NONE', *, *, #264, .T. ) ;
#4386 = DIRECTION ( 'NONE',  ( 1.000000000000000000, 0.000000000000000000, 0.000000000000000000 ) ) ;
#4387 = CARTESIAN_POINT ( 'NONE',  ( 62.46000000000001506, 59.84000000000001762, 10.00000000000000000 ) ) ;
#4388 = ORIENTED_EDGE ( 'NONE', *, *, #2469, .F. ) ;
#4389 = ORIENTED_EDGE ( 'NONE', *, *, #2471, .F. ) ;
#4390 = APPLICATION_PROTOCOL_DEFINITION ( 'draft international standard', 'automotive_design', 1998, #2458 ) ;
#4391 = FACE_OUTER_BOUND ( 'NONE', #1718, .T. ) ;
#4392 = DIRECTION ( 'NONE',  ( 1.000000000000000000, 1.059916735601006648E-14, 0.000000000000000000 ) ) ;
#4393 = ORIENTED_EDGE ( 'NONE', *, *, #2781, .F. ) ;
#4394 = DIRECTION ( 'NONE',  ( -1.224646799147353207E-16, -1.000000000000000000, 0.000000000000000000 ) ) ;
#4395 = DIRECTION ( 'NONE',  ( 0.000000000000000000, 1.000000000000000000, -0.000000000000000000 ) ) ;
#4396 = DIRECTION ( 'NONE',  ( -1.000000000000000000, 0.000000000000000000, 0.000000000000000000 ) ) ;
#4397 = EDGE_CURVE ( 'NONE', #1127, #1647, #1074, .T. ) ;
#4398 = ORIENTED_EDGE ( 'NONE', *, *, #1507, .F. ) ;
#4399 = DIRECTION ( 'NONE',  ( 0.000000000000000000, -1.000000000000000000, 0.000000000000000000 ) ) ;
#4400 = ORIENTED_EDGE ( 'NONE', *, *, #292, .T. ) ;
#4401 = DIRECTION ( 'NONE',  ( -0.000000000000000000, -0.000000000000000000, -1.000000000000000000 ) ) ;
#4402 = CARTESIAN_POINT ( 'NONE',  ( 68.00000000000000000, 0.000000000000000000, 0.000000000000000000 ) ) ;
#4403 = EDGE_CURVE ( 'NONE', #1913, #2674, #2754, .T. ) ;
#4404 = DIRECTION ( 'NONE',  ( -1.000000000000000000, -3.369016658928398207E-15, 0.000000000000000000 ) ) ;
#4405 = ORIENTED_EDGE ( 'NONE', *, *, #1596, .T. ) ;
#4406 = DIRECTION ( 'NONE',  ( 0.000000000000000000, 0.000000000000000000, 1.000000000000000000 ) ) ;
#4407 = EDGE_CURVE ( 'NONE', #3704, #2850, #750, .T. ) ;
#4408 = DIRECTION ( 'NONE',  ( -0.000000000000000000, 0.000000000000000000, -1.000000000000000000 ) ) ;
#4409 = CARTESIAN_POINT ( 'NONE',  ( 69.00000000000000000, 63.92000000000001592, 0.9999999999999991118 ) ) ;
#4410 = ORIENTED_EDGE ( 'NONE', *, *, #2982, .T. ) ;
#4411 = VERTEX_POINT ( 'NONE', #2547 ) ;
#4412 = CARTESIAN_POINT ( 'NONE',  ( 5.080000000000118199, 7.369213562372994630, 9.000000000000001776 ) ) ;
#4413 = CARTESIAN_POINT ( 'NONE',  ( 6.540000000000000924, 57.84000000000000341, 0.000000000000000000 ) ) ;
#4414 = FACE_OUTER_BOUND ( 'NONE', #1325, .T. ) ;
#4415 = LINE ( 'NONE', #4045, #4302 ) ;
#4416 = ORIENTED_EDGE ( 'NONE', *, *, #4566, .T. ) ;
#4417 = DIRECTION ( 'NONE',  ( 0.000000000000000000, 0.000000000000000000, -1.000000000000000000 ) ) ;
#4418 = CARTESIAN_POINT ( 'NONE',  ( 2.540000000000006253, 10.16000000000000192, 1.000000000000000000 ) ) ;
#4419 = DIRECTION ( 'NONE',  ( -1.000000000000000000, -1.059916735601006648E-14, 0.000000000000000000 ) ) ;
#4420 = VERTEX_POINT ( 'NONE', #1141 ) ;
#4421 = DIRECTION ( 'NONE',  ( 2.468850131082250355E-15, -0.7071067811865431318, -0.7071067811865520136 ) ) ;
#4422 = EDGE_LOOP ( 'NONE', ( #2091, #2546, #499, #739 ) ) ;
#4423 = DIRECTION ( 'NONE',  ( 1.000000000000000000, 0.000000000000000000, -0.000000000000000000 ) ) ;
#4424 = AXIS2_PLACEMENT_3D ( 'NONE', #3444, #931, #1666 ) ;
#4425 = TOROIDAL_SURFACE ( 'NONE', #1610, 4.080000000000000071, 1.000000000000000000 ) ;
#4426 = DIRECTION ( 'NONE',  ( 0.000000000000000000, 0.000000000000000000, -1.000000000000000000 ) ) ;
#4427 = CARTESIAN_POINT ( 'NONE',  ( 62.46000000000001506, 9.160000000000016129, 0.000000000000000000 ) ) ;
#4428 = VERTEX_POINT ( 'NONE', #457 ) ;
#4429 = CARTESIAN_POINT ( 'NONE',  ( 9.159999999999666187, 66.45999999999973795, 9.000000000000001776 ) ) ;
#4430 = CIRCLE ( 'NONE', #2423, 2.289213562373083821 ) ;
#4431 = EDGE_CURVE ( 'NONE', #3116, #2994, #407, .T. ) ;
#4432 = FACE_OUTER_BOUND ( 'NONE', #1104, .T. ) ;
#4433 = ADVANCED_FACE ( 'NONE', ( #2177 ), #2858, .F. ) ;
#4434 = CARTESIAN_POINT ( 'NONE',  ( 7.540000000000000036, 58.84000000000000341, 1.000000000000000000 ) ) ;
#4435 = TOROIDAL_SURFACE ( 'NONE', #3845, 4.080000000000000071, 1.000000000000000000 ) ;
#4436 = VERTEX_POINT ( 'NONE', #4343 ) ;
#4437 = VERTEX_POINT ( 'NONE', #1439 ) ;
#4438 = DIRECTION ( 'NONE',  ( 0.000000000000000000, 0.000000000000000000, 1.000000000000000000 ) ) ;
#4439 = DIRECTION ( 'NONE',  ( -0.000000000000000000, -0.000000000000000000, -1.000000000000000000 ) ) ;
#4440 = CIRCLE ( 'NONE', #3626, 1.999999999999999556 ) ;
#4441 = CIRCLE ( 'NONE', #3041, 1.125000000000000888 ) ;
#4442 = CARTESIAN_POINT ( 'NONE',  ( 62.46000000000001506, 11.16000000000001791, 9.000000000000001776 ) ) ;
#4443 = CIRCLE ( 'NONE', #2963, 1.000000000000000888 ) ;
#4444 = EDGE_LOOP ( 'NONE', ( #2464, #3245, #2291, #3246 ) ) ;
#4445 = CARTESIAN_POINT ( 'NONE',  ( 11.15999999999966796, 66.45999999999976637, 9.000000000000001776 ) ) ;
#4446 = CIRCLE ( 'NONE', #4369, 1.000000000000000000 ) ;
#4447 = ORIENTED_EDGE ( 'NONE', *, *, #3586, .T. ) ;
#4448 = AXIS2_PLACEMENT_3D ( 'NONE', #1194, #1292, #897 ) ;
#4449 = AXIS2_PLACEMENT_3D ( 'NONE', #1831, #3885, #31 ) ;
#4450 = CIRCLE ( 'NONE', #3790, 1.000000000000000000 ) ;
#4451 = DIRECTION ( 'NONE',  ( -0.000000000000000000, -0.000000000000000000, -1.000000000000000000 ) ) ;
#4452 = AXIS2_PLACEMENT_3D ( 'NONE', #449, #2493, #1854 ) ;
#4453 = DIRECTION ( 'NONE',  ( 1.047444401652940007E-14, -1.000000000000000000, 0.000000000000000000 ) ) ;
#4454 = DIRECTION ( 'NONE',  ( 1.000000000000000000, 0.000000000000000000, 0.000000000000000000 ) ) ;
#4455 = ORIENTED_EDGE ( 'NONE', *, *, #2514, .T. ) ;
#4456 = CARTESIAN_POINT ( 'NONE',  ( 5.080000000000121751, 6.204999999999896154, 9.249999999999994671 ) ) ;
#4457 = CARTESIAN_POINT ( 'NONE',  ( 63.92000000000000171, 1.000000000000007772, 9.000000000000001776 ) ) ;
#4458 = DIRECTION ( 'NONE',  ( 0.000000000000000000, 1.000000000000000000, -0.000000000000000000 ) ) ;
#4459 = CIRCLE ( 'NONE', #3511, 1.000000000000000000 ) ;
#4460 = ORIENTED_EDGE ( 'NONE', *, *, #305, .T. ) ;
#4461 = EDGE_CURVE ( 'NONE', #2571, #4437, #2136, .T. ) ;
#4462 = ORIENTED_EDGE ( 'NONE', *, *, #3952, .T. ) ;
#4463 = CARTESIAN_POINT ( 'NONE',  ( 61.46000000000001506, 58.84000000000001762, 9.000000000000001776 ) ) ;
#4464 = DIRECTION ( 'NONE',  ( 1.040834085586083310E-14, -1.000000000000000000, 0.000000000000000000 ) ) ;
#4465 = EDGE_CURVE ( 'NONE', #3010, #4437, #4007, .T. ) ;
#4466 = EDGE_CURVE ( 'NONE', #1157, #388, #682, .T. ) ;
#4467 = FACE_OUTER_BOUND ( 'NONE', #2099, .T. ) ;
#4468 = EDGE_CURVE ( 'NONE', #237, #803, #384, .T. ) ;
#4469 = ORIENTED_EDGE ( 'NONE', *, *, #3662, .T. ) ;
#4470 = DIRECTION ( 'NONE',  ( -0.000000000000000000, 0.000000000000000000, -1.000000000000000000 ) ) ;
#4471 = EDGE_CURVE ( 'NONE', #2559, #2571, #3307, .T. ) ;
#4472 = VERTEX_POINT ( 'NONE', #1791 ) ;
#4473 = DIRECTION ( 'NONE',  ( -1.000000000000000000, -1.059916735601006648E-14, -0.000000000000000000 ) ) ;
#4474 = FACE_OUTER_BOUND ( 'NONE', #2344, .T. ) ;
#4475 = DIRECTION ( 'NONE',  ( 0.000000000000000000, 0.000000000000000000, -1.000000000000000000 ) ) ;
#4476 = ORIENTED_EDGE ( 'NONE', *, *, #496, .F. ) ;
#4477 = CARTESIAN_POINT ( 'NONE',  ( 63.92000000000000171, 5.080000000000008065, 0.9999999999999991118 ) ) ;
#4478 = PRODUCT_RELATED_PRODUCT_CATEGORY ( 'part', '', ( #395 ) ) ;
#4479 = CARTESIAN_POINT ( 'NONE',  ( 67.46000000000002217, 10.16000000000001613, 9.000000000000001776 ) ) ;
#4480 = CARTESIAN_POINT ( 'NONE',  ( 3.540000000000005809, 11.16000000000000369, 1.000000000000000000 ) ) ;
#4481 = EDGE_LOOP ( 'NONE', ( #540, #4012, #1140, #2988 ) ) ;
#4482 = EDGE_LOOP ( 'NONE', ( #831, #1546, #48, #3466 ) ) ;
#4483 = DIRECTION ( 'NONE',  ( -1.000000000000000000, 0.000000000000000000, 0.000000000000000000 ) ) ;
#4484 = CARTESIAN_POINT ( 'NONE',  ( 3.540000000000005809, 11.16000000000000369, 1.000000000000000000 ) ) ;
#4485 = ADVANCED_FACE ( 'NONE', ( #3569 ), #3056, .T. ) ;
#4486 = DIRECTION ( 'NONE',  ( 0.000000000000000000, 0.000000000000000000, -1.000000000000000000 ) ) ;
#4487 = CARTESIAN_POINT ( 'NONE',  ( 62.46000000000001506, 11.16000000000001791, 10.00000000000000000 ) ) ;
#4488 = ORIENTED_EDGE ( 'NONE', *, *, #1659, .T. ) ;
#4489 = FACE_OUTER_BOUND ( 'NONE', #4444, .T. ) ;
#4490 = EDGE_CURVE ( 'NONE', #3005, #4420, #1782, .T. ) ;
#4491 = EDGE_CURVE ( 'NONE', #3498, #1296, #2200, .T. ) ;
#4492 = DIRECTION ( 'NONE',  ( 0.000000000000000000, 0.000000000000000000, 1.000000000000000000 ) ) ;
#4493 = ORIENTED_EDGE ( 'NONE', *, *, #1846, .F. ) ;
#4494 = CARTESIAN_POINT ( 'NONE',  ( 58.83999999999971919, 61.46000000000027796, 1.000000000000000000 ) ) ;
#4495 = DIRECTION ( 'NONE',  ( 8.438362267849815738E-15, -1.000000000000000000, 0.000000000000000000 ) ) ;
#4496 = AXIS2_PLACEMENT_3D ( 'NONE', #1213, #173, #918 ) ;
#4497 = LINE ( 'NONE', #1299, #2002 ) ;
#4498 = ORIENTED_EDGE ( 'NONE', *, *, #3027, .F. ) ;
#4499 = FACE_OUTER_BOUND ( 'NONE', #3726, .T. ) ;
#4500 = CARTESIAN_POINT ( 'NONE',  ( 6.540000000000006253, 10.16000000000000192, 1.000000000000000000 ) ) ;
#4501 = LINE ( 'NONE', #935, #320 ) ;
#4502 = ORIENTED_EDGE ( 'NONE', *, *, #1164, .T. ) ;
#4503 = TOROIDAL_SURFACE ( 'NONE', #3910, 2.000000000000000000, 1.000000000000000000 ) ;
#4504 = VERTEX_POINT ( 'NONE', #729 ) ;
#4505 = CARTESIAN_POINT ( 'NONE',  ( 9.160000000000126263, 3.539999999999908997, 0.000000000000000000 ) ) ;
#4506 = AXIS2_PLACEMENT_3D ( 'NONE', #2323, #3749, #577 ) ;
#4507 = DIRECTION ( 'NONE',  ( 0.000000000000000000, 0.000000000000000000, 1.000000000000000000 ) ) ;
#4508 = VECTOR ( 'NONE', #4473, 1000.000000000000000 ) ;
#4509 = DIRECTION ( 'NONE',  ( 1.000000000000000000, 0.000000000000000000, 0.000000000000000000 ) ) ;
#4510 = CARTESIAN_POINT ( 'NONE',  ( 1.000000000000000000, 63.92000000000000171, 0.000000000000000000 ) ) ;
#4511 = ORIENTED_EDGE ( 'NONE', *, *, #3085, .F. ) ;
#4512 = CARTESIAN_POINT ( 'NONE',  ( 68.00000000000000000, 63.92000000000001592, 0.000000000000000000 ) ) ;
#4513 = AXIS2_PLACEMENT_3D ( 'NONE', #4541, #908, #3756 ) ;
#4514 = LINE ( 'NONE', #1335, #3938 ) ;
#4515 = AXIS2_PLACEMENT_3D ( 'NONE', #2924, #4319, #1090 ) ;
#4516 = ORIENTED_EDGE ( 'NONE', *, *, #2955, .T. ) ;
#4517 = EDGE_CURVE ( 'NONE', #2925, #630, #1123, .T. ) ;
#4518 = AXIS2_PLACEMENT_3D ( 'NONE', #3744, #189, #573 ) ;
#4519 = CIRCLE ( 'NONE', #2502, 4.080000000000000959 ) ;
#4520 = EDGE_CURVE ( 'NONE', #1450, #2339, #3630, .T. ) ;
#4521 = DIRECTION ( 'NONE',  ( 0.000000000000000000, 0.000000000000000000, 1.000000000000000000 ) ) ;
#4522 = CARTESIAN_POINT ( 'NONE',  ( 10.16000000000013337, 2.539999999999912550, 9.000000000000001776 ) ) ;
#4523 = CIRCLE ( 'NONE', #2888, 1.000000000000000888 ) ;
#4524 = CIRCLE ( 'NONE', #4227, 1.000000000000000000 ) ;
#4525 = EDGE_CURVE ( 'NONE', #84, #3088, #4378, .T. ) ;
#4526 = VERTEX_POINT ( 'NONE', #1631 ) ;
#4527 = CARTESIAN_POINT ( 'NONE',  ( 10.15999999999970882, 62.45999999999975927, 9.000000000000001776 ) ) ;
#4528 = AXIS2_PLACEMENT_3D ( 'NONE', #757, #3197, #2842 ) ;
#4529 = AXIS2_PLACEMENT_3D ( 'NONE', #1674, #1370, #3793 ) ;
#4530 = DIRECTION ( 'NONE',  ( -0.000000000000000000, -0.000000000000000000, -1.000000000000000000 ) ) ;
#4531 = ORIENTED_EDGE ( 'NONE', *, *, #2409, .T. ) ;
#4532 = EDGE_LOOP ( 'NONE', ( #1494, #571, #1309, #764 ) ) ;
#4533 = CYLINDRICAL_SURFACE ( 'NONE', #1780, 1.000000000000000000 ) ;
#4534 = CONICAL_SURFACE ( 'NONE', #2595, 1.874999999999987788, 0.7853981633974419507 ) ;
#4535 = DIRECTION ( 'NONE',  ( 0.000000000000000000, 0.000000000000000000, 1.000000000000000000 ) ) ;
#4536 = DIRECTION ( 'NONE',  ( 0.000000000000000000, 0.000000000000000000, -1.000000000000000000 ) ) ;
#4537 = ORIENTED_EDGE ( 'NONE', *, *, #4407, .F. ) ;
#4538 = FACE_OUTER_BOUND ( 'NONE', #1189, .T. ) ;
#4539 = FACE_OUTER_BOUND ( 'NONE', #1999, .T. ) ;
#4540 = ORIENTED_EDGE ( 'NONE', *, *, #1796, .T. ) ;
#4541 = CARTESIAN_POINT ( 'NONE',  ( 5.080000000000000071, 63.92000000000000171, 0.000000000000000000 ) ) ;
#4542 = ADVANCED_FACE ( 'NONE', ( #3329 ), #867, .T. ) ;
#4543 = DIRECTION ( 'NONE',  ( 0.000000000000000000, 0.000000000000000000, 1.000000000000000000 ) ) ;
#4544 = ORIENTED_EDGE ( 'NONE', *, *, #4035, .F. ) ;
#4545 = ADVANCED_FACE ( 'NONE', ( #193 ), #2322, .T. ) ;
#4546 = LINE ( 'NONE', #1322, #1266 ) ;
#4547 = ORIENTED_EDGE ( 'NONE', *, *, #3105, .T. ) ;
#4548 = ADVANCED_FACE ( 'NONE', ( #1931 ), #581, .T. ) ;
#4549 = EDGE_LOOP ( 'NONE', ( #1334, #4075, #4371, #2519 ) ) ;
#4550 = CARTESIAN_POINT ( 'NONE',  ( 59.83999999999971209, 62.46000000000028507, 1.000000000000000000 ) ) ;
#4551 = CARTESIAN_POINT ( 'NONE',  ( 8.539999999999999147, 58.84000000000000341, 9.000000000000001776 ) ) ;
#4552 = CARTESIAN_POINT ( 'NONE',  ( 63.92000000000001592, 5.080000000000015170, 9.249999999999994671 ) ) ;
#4553 = ORIENTED_EDGE ( 'NONE', *, *, #3461, .T. ) ;
#4554 = DIRECTION ( 'NONE',  ( 0.000000000000000000, 0.000000000000000000, 1.000000000000000000 ) ) ;
#4555 = CARTESIAN_POINT ( 'NONE',  ( 0.000000000000000000, 59.84000000000000341, 0.000000000000000000 ) ) ;
#4556 = EDGE_LOOP ( 'NONE', ( #3097, #462, #1364, #4547 ) ) ;
#4557 = DIRECTION ( 'NONE',  ( 0.000000000000000000, 0.000000000000000000, -1.000000000000000000 ) ) ;
#4558 = CARTESIAN_POINT ( 'NONE',  ( 11.16000000000013515, 2.539999999999916103, 1.000000000000000000 ) ) ;
#4559 = CARTESIAN_POINT ( 'NONE',  ( 5.080000000000000071, 63.92000000000000171, 0.7499999999999964473 ) ) ;
#4560 = ORIENTED_EDGE ( 'NONE', *, *, #390, .T. ) ;
#4561 = ORIENTED_EDGE ( 'NONE', *, *, #2514, .F. ) ;
#4562 = CARTESIAN_POINT ( 'NONE',  ( 63.91999999999969617, 63.92000000000032145, 0.000000000000000000 ) ) ;
#4563 = ORIENTED_EDGE ( 'NONE', *, *, #582, .T. ) ;
#4564 = ORIENTED_EDGE ( 'NONE', *, *, #2328, .F. ) ;
#4565 = DIRECTION ( 'NONE',  ( 0.000000000000000000, 0.000000000000000000, 1.000000000000000000 ) ) ;
#4566 = EDGE_CURVE ( 'NONE', #3682, #2823, #4043, .T. ) ;
#4567 = EDGE_CURVE ( 'NONE', #1801, #3167, #2558, .T. ) ;
#4568 = DIRECTION ( 'NONE',  ( 1.047444401652940007E-14, -1.000000000000000000, 0.000000000000000000 ) ) ;
#4569 = DIRECTION ( 'NONE',  ( 0.000000000000000000, 0.000000000000000000, -1.000000000000000000 ) ) ;
#4570 = EDGE_LOOP ( 'NONE', ( #3540, #1621, #2537, #3191, #1379, #4229, #2717, #1836 ) ) ;
#4571 = LINE ( 'NONE', #3819, #2825 ) ;
#4572 = DIRECTION ( 'NONE',  ( -1.000000000000000000, 0.000000000000000000, 0.000000000000000000 ) ) ;
#4573 = AXIS2_PLACEMENT_3D ( 'NONE', #1757, #2516, #1386 ) ;
#4574 = EDGE_CURVE ( 'NONE', #877, #3139, #124, .T. ) ;
#4575 = CIRCLE ( 'NONE', #365, 2.289213562373099364 ) ;
#4576 = AXIS2_PLACEMENT_3D ( 'NONE', #997, #2402, #3045 ) ;
#4577 = EDGE_LOOP ( 'NONE', ( #2104, #4469, #1915, #3371 ) ) ;
#4578 = TOROIDAL_SURFACE ( 'NONE', #2884, 2.289213562373086930, 1.000000000000000000 ) ;
#4579 = DIRECTION ( 'NONE',  ( -3.469446951953613400E-15, 1.000000000000000000, 0.000000000000000000 ) ) ;
#4580 = DIRECTION ( 'NONE',  ( -0.000000000000000000, 1.000000000000000000, 0.000000000000000000 ) ) ;
#4581 = DIRECTION ( 'NONE',  ( -0.7071067811865431318, 0.000000000000000000, -0.7071067811865520136 ) ) ;
#4582 = ORIENTED_EDGE ( 'NONE', *, *, #2521, .T. ) ;
#4583 = ORIENTED_EDGE ( 'NONE', *, *, #1879, .T. ) ;
ENDSEC;
END-ISO-10303-21;
