#VRML V2.0 utf8

Shape {
  appearance Appearance {
    material Material {
      diffuseColor 0.2510 0.2510 0.2510
      specularColor 0.0745 0.0745 0.0745
      ambientIntensity 0.2
      transparency 0.0000
      shininess 0.5
    }
  }
  geometry IndexedFaceSet {
    ccw TRUE
    solid FALSE
    coord DEF co Coordinate {
      point [
        0.492126 -0.866142 0.003937,
        0.492126 -0.669291 0.003937,
        0.492126 -0.866142 0.082677,
        0.492126 -0.669291 0.078740,
        0.492126 -0.511811 0.003937,
        0.492126 -0.314961 0.003937,
        0.492126 -0.511811 0.078740,
        0.492126 -0.314961 0.078740,
        0.492126 0.314961 0.078740,
        0.492126 0.866142 0.082677,
        0.492126 0.669291 0.003937,
        0.492126 0.866142 0.003937,
        0.492126 0.669291 0.078740,
        0.492126 0.511811 0.078740,
        0.492126 0.511811 0.003937,
        0.492126 0.314961 0.003937,
        -0.492126 -0.866142 0.003937,
        -0.492126 -0.669291 0.003937,
        -0.374016 -0.669291 0.003937,
        -0.476821 -0.885333 0.003937,
        -0.480982 -0.883878 0.003937,
        -0.255906 -0.314961 0.003937,
        0.380672 -0.511811 0.003937,
        -0.374016 -0.511811 0.003937,
        -0.374016 -0.196850 0.003937,
        -0.492126 -0.511811 0.003937,
        -0.374016 -0.078740 0.003937,
        -0.492126 -0.078740 0.003937,
        -0.484714 -0.881532 0.003937,
        -0.487831 -0.878415 0.003937,
        -0.491632 -0.870522 0.003937,
        -0.490177 -0.874683 0.003937,
        0.380672 -0.669291 0.003937,
        0.472441 -0.885827 0.003937,
        -0.472441 -0.885827 0.003937,
        0.476821 -0.885333 0.003937,
        0.480982 -0.883878 0.003937,
        0.491632 -0.870522 0.003937,
        0.490177 -0.874683 0.003937,
        0.487831 -0.878415 0.003937,
        0.484714 -0.881532 0.003937,
        -0.374016 0.078740 0.003937,
        -0.492126 0.078740 0.003937,
        -0.374016 0.196850 0.003937,
        -0.492126 0.511811 0.003937,
        -0.255906 0.314961 0.003937,
        0.374016 0.669291 0.003937,
        -0.492126 0.669291 0.003937,
        -0.492126 0.866142 0.003937,
        -0.374016 0.669291 0.003937,
        0.472441 0.885827 0.003937,
        -0.374016 0.511811 0.003937,
        0.374016 0.511811 0.003937,
        -0.480982 0.883878 0.003937,
        -0.476821 0.885333 0.003937,
        -0.472441 0.885827 0.003937,
        0.476821 0.885333 0.003937,
        0.480982 0.883878 0.003937,
        -0.491632 0.870522 0.003937,
        -0.490177 0.874683 0.003937,
        0.484714 0.881532 0.003937,
        0.487831 0.878415 0.003937,
        -0.487831 0.878415 0.003937,
        -0.484714 0.881532 0.003937,
        0.490177 0.874683 0.003937,
        0.491632 0.870522 0.003937,
        -0.492126 0.866142 0.082677,
        -0.492126 0.669291 0.078740,
        -0.492126 0.511811 0.078740,
        -0.492126 0.078740 0.078740,
        -0.492126 -0.078740 0.078740,
        -0.492126 -0.669291 0.078740,
        -0.492126 -0.866142 0.082677,
        -0.492126 -0.511811 0.078740,
        -0.014086 -0.282321 0.594488,
        -0.018616 -0.294143 0.594488,
        -0.020207 -0.306695 0.594488,
        0.011562 -0.176876 0.594488,
        0.026335 -0.177867 0.594488,
        0.026335 -0.177839 0.594488,
        -0.434527 -0.203101 0.594488,
        -0.028655 -0.165299 0.594488,
        -0.031967 -0.156093 0.594488,
        0.026402 -0.178007 0.594488,
        0.026361 -0.177942 0.594488,
        0.026342 -0.177899 0.594488,
        -0.017205 -0.158783 0.594488,
        -0.013556 -0.164330 0.594488,
        0.026345 -0.177806 0.594488,
        -0.008623 -0.168922 0.594488,
        -0.000887 -0.173335 0.594488,
        0.084437 -0.171448 0.594488,
        0.087100 -0.203101 0.594488,
        0.086877 -0.164616 0.594488,
        0.087100 -0.162583 0.594488,
        -0.434527 -0.110917 0.594488,
        -0.033171 -0.144878 0.594488,
        -0.031771 -0.133883 0.594488,
        0.020577 -0.173859 0.594488,
        0.016546 -0.169510 0.594488,
        -0.018657 -0.133917 0.594488,
        0.012534 -0.143093 0.594488,
        -0.014086 -0.123880 0.594488,
        0.015208 -0.136120 0.594488,
        0.067454 -0.122249 0.594488,
        0.075452 -0.127578 0.594488,
        0.087100 -0.110917 0.594488,
        0.079019 -0.131113 0.594488,
        0.083580 -0.137686 0.594488,
        -0.004281 -0.186583 0.594488,
        -0.015543 -0.180370 0.594488,
        -0.023230 -0.173384 0.594488,
        0.026385 -0.177737 0.594488,
        0.026402 -0.177714 0.594488,
        0.019654 -0.129795 0.594488,
        0.025298 -0.124743 0.594488,
        0.032936 -0.120701 0.594488,
        0.080540 -0.177339 0.594488,
        0.075254 -0.182368 0.594488,
        0.066821 -0.187346 0.594488,
        0.041057 -0.118625 0.594488,
        0.048165 -0.118119 0.594488,
        0.058837 -0.119247 0.594488,
        0.013794 -0.164613 0.594488,
        0.012026 -0.158583 0.594488,
        -0.019378 -0.152570 0.594488,
        0.011480 -0.151968 0.594488,
        -0.020207 -0.144833 0.594488,
        -0.020180 -0.143447 0.594488,
        -0.027049 -0.123880 0.594488,
        -0.028726 -0.126493 0.594488,
        0.053346 -0.191417 0.594488,
        0.034166 -0.193018 0.594488,
        0.011829 -0.191196 0.594488,
        0.086575 -0.145507 0.594488,
        0.087100 -0.149940 0.594488,
        0.434527 -0.110917 0.594488,
        0.067589 0.243787 0.594488,
        0.077089 0.234181 0.594488,
        0.087100 0.263579 0.594488,
        0.083494 0.222941 0.594488,
        0.082284 0.173402 0.594488,
        0.087100 0.138267 0.594488,
        0.086257 0.184568 0.594488,
        0.087100 0.192256 0.594488,
        -0.012757 0.156335 0.594488,
        -0.021987 0.165418 0.594488,
        -0.434527 0.138267 0.594488,
        -0.001896 0.149881 0.594488,
        0.075378 0.163132 0.594488,
        0.065513 0.154369 0.594488,
        0.053719 0.148211 0.594488,
        -0.031639 0.215206 0.594488,
        -0.027822 0.226305 0.594488,
        -0.434527 0.263579 0.594488,
        -0.021668 0.235967 0.594488,
        -0.027984 0.175198 0.594488,
        -0.031752 0.186515 0.594488,
        -0.033171 0.200743 0.594488,
        0.025929 0.256377 0.594488,
        0.042941 0.254772 0.594488,
        0.056592 0.250410 0.594488,
        0.040551 0.144863 0.594488,
        0.028720 0.144028 0.594488,
        0.011638 0.145612 0.594488,
        -0.012885 0.244451 0.594488,
        -0.001859 0.250994 0.594488,
        0.010905 0.254987 0.594488,
        0.087100 0.207699 0.594488,
        0.087820 0.198830 0.594488,
        0.434527 0.138267 0.594488,
        0.086833 0.210980 0.594488,
        0.434527 0.263579 0.594488,
        0.033106 0.331272 0.594488,
        0.038427 0.336789 0.594488,
        -0.009765 0.342799 0.594488,
        0.044025 0.340216 0.594488,
        0.050261 0.342238 0.594488,
        0.023553 0.284467 0.594488,
        0.017241 0.277666 0.594488,
        0.067295 0.275102 0.594488,
        0.011320 0.273744 0.594488,
        -0.009558 0.271705 0.594488,
        -0.015466 0.273847 0.594488,
        -0.028985 0.289120 0.594488,
        -0.032255 0.300696 0.594488,
        0.056132 0.342799 0.594488,
        0.064294 0.341741 0.594488,
        0.087100 0.828228 0.594488,
        0.069946 0.339432 0.594488,
        0.022621 0.313924 0.594488,
        -0.015071 0.334165 0.594488,
        0.013435 0.296785 0.594488,
        -0.019370 0.320175 0.594488,
        0.013298 0.296576 0.594488,
        -0.001280 0.270781 0.594488,
        -0.020478 0.277177 0.594488,
        -0.024743 0.281709 0.594488,
        -0.434527 0.828228 0.594488,
        -0.027049 0.342799 0.594488,
        0.033716 0.301861 0.594488,
        0.071931 0.284031 0.594488,
        0.039533 0.312839 0.594488,
        0.074344 0.294128 0.594488,
        0.074857 0.302289 0.594488,
        0.005229 0.271513 0.594488,
        -0.033171 0.313069 0.594488,
        -0.031605 0.328270 0.594488,
        -0.028859 0.339013 0.594488,
        0.075074 0.335720 0.594488,
        0.079475 0.330648 0.594488,
        0.083291 0.324007 0.594488,
        0.061218 0.326594 0.594488,
        0.057685 0.326955 0.594488,
        0.074109 0.310530 0.594488,
        -0.020207 0.311313 0.594488,
        -0.019547 0.302737 0.594488,
        -0.017926 0.296743 0.594488,
        -0.015587 0.292507 0.594488,
        -0.013270 0.290048 0.594488,
        -0.010928 0.288484 0.594488,
        0.072131 0.316739 0.594488,
        0.069536 0.321161 0.594488,
        0.066896 0.323869 0.594488,
        0.053178 0.326436 0.594488,
        0.049921 0.325193 0.594488,
        0.046991 0.323196 0.594488,
        0.043815 0.319574 0.594488,
        -0.007244 0.287124 0.594488,
        -0.002585 0.286624 0.594488,
        0.009069 0.291496 0.594488,
        0.001683 0.287180 0.594488,
        0.005061 0.288525 0.594488,
        0.064392 0.325500 0.594488,
        0.087100 0.308413 0.594488,
        0.087820 0.301028 0.594488,
        0.087258 0.287916 0.594488,
        0.087100 0.287158 0.594488,
        0.084579 0.275102 0.594488,
        0.086547 0.314085 0.594488,
        0.434527 0.828228 0.594488,
        0.028166 -0.090896 0.594488,
        0.050997 -0.099890 0.594488,
        0.045117 -0.097440 0.594488,
        0.039707 -0.093531 0.594488,
        0.034629 -0.087796 0.594488,
        0.032231 -0.083978 0.594488,
        0.057865 -0.033137 0.594488,
        0.065623 -0.034180 0.594488,
        0.087100 -0.018013 0.594488,
        0.071809 -0.036764 0.594488,
        0.028354 -0.042433 0.594488,
        0.032231 -0.050152 0.594488,
        0.037596 -0.042628 0.594488,
        0.077452 -0.040934 0.594488,
        0.082014 -0.046445 0.594488,
        0.085390 -0.053124 0.594488,
        0.009419 -0.028444 0.594488,
        0.016004 -0.031126 0.594488,
        0.022710 -0.035909 0.594488,
        0.083851 -0.084443 0.594488,
        0.079977 -0.090438 0.594488,
        0.022472 -0.096494 0.594488,
        0.014506 -0.101126 0.594488,
        -0.032026 -0.054921 0.594488,
        -0.028898 -0.046063 0.594488,
        -0.434527 -0.018013 0.594488,
        -0.024114 -0.038744 0.594488,
        -0.018496 -0.033590 0.594488,
        -0.014504 -0.100063 0.594488,
        -0.021009 -0.095622 0.594488,
        -0.026226 -0.089709 0.594488,
        0.043277 -0.037731 0.594488,
        0.048955 -0.034756 0.594488,
        0.054411 -0.033378 0.594488,
        0.075136 -0.095110 0.594488,
        0.068988 -0.098653 0.594488,
        0.062960 -0.100419 0.594488,
        0.057865 -0.100835 0.594488,
        -0.011480 -0.029727 0.594488,
        -0.003748 -0.027710 0.594488,
        0.001398 -0.027376 0.594488,
        0.007077 -0.103263 0.594488,
        0.001398 -0.103715 0.594488,
        -0.007456 -0.102681 0.594488,
        -0.030020 -0.082599 0.594488,
        -0.032498 -0.073816 0.594488,
        -0.033171 -0.065500 0.594488,
        0.087100 -0.060081 0.594488,
        0.087505 -0.061730 0.594488,
        0.434527 -0.018013 0.594488,
        0.087820 -0.066941 0.594488,
        0.087100 -0.073321 0.594488,
        0.086738 -0.076527 0.594488,
        0.073416 0.048964 0.594488,
        0.073416 0.083533 0.594488,
        -0.031731 0.083533 0.594488,
        0.086380 0.048964 0.594488,
        0.087100 0.042482 0.594488,
        -0.434527 0.042482 0.594488,
        -0.031731 0.099377 0.594488,
        0.073416 0.099377 0.594488,
        0.073416 0.132505 0.594488,
        0.086380 0.132505 0.594488,
        0.434527 0.042482 0.594488,
        0.020123 -0.008651 0.594488,
        0.008600 -0.008651 0.594488,
        0.020123 0.036000 0.594488,
        0.008600 0.036000 0.594488,
        0.087100 -0.270078 0.594488,
        0.020123 -0.257835 0.594488,
        0.008600 -0.257835 0.594488,
        0.026334 -0.283761 0.594488,
        0.086380 -0.344257 0.594488,
        0.073416 -0.344257 0.594488,
        -0.434527 -0.589123 0.594488,
        -0.012593 -0.346148 0.594488,
        -0.019781 -0.341291 0.594488,
        0.020123 -0.213183 0.594488,
        0.008600 -0.213183 0.594488,
        -0.434527 -0.270078 0.594488,
        -0.028557 -0.282321 0.594488,
        0.027103 -0.293808 0.594488,
        0.027324 -0.303881 0.594488,
        0.021946 -0.325233 0.594488,
        0.023493 -0.322660 0.594488,
        -0.004913 -0.348924 0.594488,
        0.026024 -0.315812 0.594488,
        0.027310 -0.304972 0.594488,
        -0.019457 -0.314513 0.594488,
        -0.000433 -0.333830 0.594488,
        0.004076 -0.334174 0.594488,
        0.010136 -0.333482 0.594488,
        0.039274 -0.320831 0.594488,
        0.036558 -0.330040 0.594488,
        0.031956 -0.337974 0.594488,
        0.026844 -0.343176 0.594488,
        -0.033171 -0.307325 0.594488,
        -0.032324 -0.294526 0.594488,
        -0.030119 -0.285670 0.594488,
        0.014654 -0.331801 0.594488,
        0.018707 -0.328967 0.594488,
        0.040288 -0.309103 0.594488,
        0.073416 -0.300663 0.594488,
        0.039838 -0.298165 0.594488,
        -0.025737 -0.334550 0.594488,
        -0.029931 -0.326580 0.594488,
        -0.032741 -0.314985 0.594488,
        -0.017416 -0.320713 0.594488,
        -0.014098 -0.325984 0.594488,
        -0.005517 -0.332414 0.594488,
        -0.010313 -0.329663 0.594488,
        0.021059 -0.346780 0.594488,
        0.014285 -0.349066 0.594488,
        0.005044 -0.350019 0.594488,
        0.087820 -0.156019 0.594488,
        0.434527 -0.203101 0.594488,
        0.434527 -0.270078 0.594488,
        0.434527 -0.589123 0.594488,
        0.087100 -0.589123 0.594488,
        0.434527 -0.828228 0.594488,
        0.087100 -0.828228 0.594488,
        0.086380 -0.288172 0.594488,
        -0.434527 -0.828228 0.594488,
        0.472441 0.885827 0.082677,
        -0.472441 0.885827 0.082677,
        0.472441 -0.885827 0.082677,
        -0.472441 -0.885827 0.082677,
        -0.434527 0.847855 0.576313,
        0.434527 0.847855 0.576313,
        0.472499 0.885827 0.082677,
        -0.472499 0.885827 0.082677,
        -0.454154 0.828228 0.576313,
        -0.492126 0.866200 0.082677,
        -0.454154 -0.828228 0.576313,
        -0.492126 -0.866200 0.082677,
        0.454154 -0.828228 0.576313,
        0.492126 -0.866200 0.082677,
        0.454154 0.828228 0.576313,
        0.492126 0.866200 0.082677,
        0.434527 -0.847855 0.576313,
        -0.434527 -0.847855 0.576313,
        -0.472499 -0.885827 0.082677,
        0.472499 -0.885827 0.082677,
        0.476810 -0.885248 0.082821,
        0.477573 -0.885146 0.082847,
        0.480929 -0.883750 0.082922,
        0.482300 -0.883180 0.082953,
        0.484615 -0.881402 0.082973,
        0.486360 -0.880061 0.082989,
        0.487701 -0.878315 0.082973,
        0.489479 -0.876001 0.082953,
        0.490049 -0.874630 0.082922,
        0.491445 -0.871274 0.082847,
        0.491548 -0.870511 0.082821,
        -0.491548 -0.870511 0.082821,
        -0.491445 -0.871274 0.082847,
        -0.490049 -0.874630 0.082922,
        -0.489479 -0.876001 0.082953,
        -0.487701 -0.878315 0.082973,
        -0.486360 -0.880061 0.082989,
        -0.484615 -0.881402 0.082973,
        -0.482300 -0.883180 0.082953,
        -0.480929 -0.883750 0.082922,
        -0.477573 -0.885146 0.082847,
        -0.476810 -0.885248 0.082821,
        0.453460 -0.833289 0.576649,
        0.453456 -0.833300 0.576649,
        0.451486 -0.838008 0.576860,
        0.439588 -0.847161 0.576649,
        0.451480 -0.838016 0.576860,
        0.448365 -0.842065 0.576932,
        0.444315 -0.845181 0.576860,
        0.444307 -0.845187 0.576860,
        0.439599 -0.847157 0.576649,
        -0.434527 -0.833078 0.593878,
        0.434527 -0.833078 0.593878,
        0.434527 -0.833107 0.593874,
        -0.434527 -0.833107 0.593874,
        0.434527 -0.837628 0.592091,
        -0.434527 -0.837628 0.592091,
        0.434527 -0.837682 0.592069,
        -0.434527 -0.837682 0.592069,
        0.434527 -0.841596 0.589238,
        -0.434527 -0.841596 0.589238,
        0.434527 -0.841667 0.589187,
        -0.434527 -0.841667 0.589187,
        0.434527 -0.844739 0.585496,
        -0.434527 -0.844739 0.585496,
        0.434527 -0.844813 0.585406,
        -0.434527 -0.844813 0.585406,
        0.434527 -0.846861 0.581096,
        -0.434527 -0.846861 0.581096,
        0.434527 -0.846924 0.580964,
        -0.434527 -0.846924 0.580964,
        -0.439588 -0.847161 0.576649,
        -0.439599 -0.847157 0.576649,
        -0.444307 -0.845187 0.576860,
        -0.453460 -0.833289 0.576649,
        -0.444315 -0.845181 0.576860,
        -0.448365 -0.842065 0.576932,
        -0.451480 -0.838016 0.576860,
        -0.451486 -0.838008 0.576860,
        -0.453456 -0.833300 0.576649,
        0.491548 0.870511 0.082821,
        0.491445 0.871274 0.082847,
        0.490049 0.874630 0.082922,
        0.489479 0.876001 0.082953,
        0.487701 0.878315 0.082973,
        0.486360 0.880061 0.082989,
        0.484615 0.881402 0.082973,
        0.482300 0.883180 0.082953,
        0.480929 0.883750 0.082922,
        0.477573 0.885146 0.082847,
        0.476810 0.885248 0.082821,
        0.451038 -0.828228 0.585496,
        0.447967 -0.828228 0.589187,
        0.447509 -0.831706 0.589187,
        0.443659 -0.830675 0.592069,
        0.439240 -0.829491 0.593874,
        0.438753 -0.830668 0.593874,
        0.436967 -0.832454 0.593874,
        0.437978 -0.831678 0.593874,
        0.435790 -0.832941 0.593874,
        0.439378 -0.828228 0.593878,
        0.452586 -0.833067 0.580964,
        0.450719 -0.837576 0.580964,
        0.447747 -0.841448 0.580964,
        0.443875 -0.844419 0.580964,
        0.439366 -0.846287 0.580964,
        0.447896 -0.828228 0.589238,
        0.443981 -0.828228 0.592069,
        0.443928 -0.828228 0.592091,
        0.439407 -0.828228 0.593874,
        0.442715 -0.832955 0.592069,
        0.441212 -0.834913 0.592069,
        0.439254 -0.836416 0.592069,
        0.436974 -0.837360 0.592069,
        0.446166 -0.834948 0.589187,
        0.444030 -0.837731 0.589187,
        0.441247 -0.839867 0.589187,
        0.438006 -0.841209 0.589187,
        0.453161 -0.828228 0.581096,
        0.451113 -0.828228 0.585406,
        0.450547 -0.832520 0.585406,
        0.448891 -0.836520 0.585406,
        0.446255 -0.839956 0.585406,
        0.442820 -0.842591 0.585406,
        0.438820 -0.844248 0.585406,
        0.453223 -0.828228 0.580964,
        -0.438006 -0.841209 0.589187,
        -0.436974 -0.837360 0.592069,
        -0.435790 -0.832941 0.593874,
        -0.436967 -0.832454 0.593874,
        -0.438753 -0.830668 0.593874,
        -0.437978 -0.831678 0.593874,
        -0.439240 -0.829491 0.593874,
        -0.439366 -0.846287 0.580964,
        -0.443875 -0.844419 0.580964,
        -0.447747 -0.841448 0.580964,
        -0.450719 -0.837576 0.580964,
        -0.452586 -0.833067 0.580964,
        -0.453223 -0.828228 0.580964,
        -0.439378 -0.828228 0.593878,
        -0.439254 -0.836416 0.592069,
        -0.441212 -0.834913 0.592069,
        -0.442715 -0.832955 0.592069,
        -0.443659 -0.830675 0.592069,
        -0.439407 -0.828228 0.593874,
        -0.443928 -0.828228 0.592091,
        -0.443981 -0.828228 0.592069,
        -0.447896 -0.828228 0.589238,
        -0.441247 -0.839867 0.589187,
        -0.444030 -0.837731 0.589187,
        -0.446166 -0.834948 0.589187,
        -0.447509 -0.831706 0.589187,
        -0.438820 -0.844248 0.585406,
        -0.442820 -0.842591 0.585406,
        -0.446255 -0.839956 0.585406,
        -0.448891 -0.836520 0.585406,
        -0.450547 -0.832520 0.585406,
        -0.447967 -0.828228 0.589187,
        -0.451038 -0.828228 0.585496,
        -0.451113 -0.828228 0.585406,
        -0.453161 -0.828228 0.581096,
        -0.476810 0.885248 0.082821,
        -0.477573 0.885146 0.082847,
        -0.480929 0.883750 0.082922,
        -0.482300 0.883180 0.082953,
        -0.484615 0.881402 0.082973,
        -0.486360 0.880061 0.082989,
        -0.487701 0.878315 0.082973,
        -0.489479 0.876001 0.082953,
        -0.490049 0.874630 0.082922,
        -0.491445 0.871274 0.082847,
        -0.491548 0.870511 0.082821,
        0.438878 0.847259 0.576602,
        0.439588 0.847161 0.576649,
        0.442971 0.845746 0.576800,
        0.444307 0.845187 0.576860,
        0.446630 0.843400 0.576901,
        0.448365 0.842065 0.576932,
        0.449699 0.840331 0.576901,
        0.451486 0.838008 0.576860,
        0.452045 0.836672 0.576800,
        0.453460 0.833289 0.576649,
        0.453558 0.832579 0.576602,
        0.453223 0.828228 0.580964,
        0.453161 0.828228 0.581096,
        0.451113 0.828228 0.585406,
        0.451038 0.828228 0.585496,
        0.447967 0.828228 0.589187,
        0.447896 0.828228 0.589238,
        0.443981 0.828228 0.592069,
        0.443928 0.828228 0.592091,
        0.439407 0.828228 0.593874,
        0.439378 0.828228 0.593878,
        -0.453223 0.828228 0.580964,
        -0.453161 0.828228 0.581096,
        -0.451113 0.828228 0.585406,
        -0.451038 0.828228 0.585496,
        -0.447967 0.828228 0.589187,
        -0.447896 0.828228 0.589238,
        -0.443981 0.828228 0.592069,
        -0.443928 0.828228 0.592091,
        -0.439407 0.828228 0.593874,
        -0.439378 0.828228 0.593878,
        -0.453460 0.833289 0.576649,
        -0.453456 0.833300 0.576649,
        -0.451486 0.838008 0.576860,
        -0.439588 0.847161 0.576649,
        -0.451480 0.838016 0.576860,
        -0.448365 0.842065 0.576932,
        -0.444315 0.845181 0.576860,
        -0.444307 0.845187 0.576860,
        -0.439599 0.847157 0.576649,
        0.434527 0.846861 0.581096,
        0.434527 0.844813 0.585406,
        0.438218 0.844397 0.585406,
        0.434527 0.844739 0.585496,
        0.434527 0.841667 0.589187,
        0.437518 0.841330 0.589187,
        0.436631 0.837445 0.592069,
        0.435613 0.832985 0.593874,
        0.436644 0.832624 0.593874,
        0.438923 0.830345 0.593874,
        0.438342 0.831270 0.593874,
        0.439284 0.829314 0.593874,
        0.434527 0.833078 0.593878,
        0.438687 0.846455 0.580964,
        0.442639 0.845072 0.580964,
        0.446184 0.842845 0.580964,
        0.449144 0.839885 0.580964,
        0.451372 0.836340 0.580964,
        0.452754 0.832388 0.580964,
        0.434527 0.841596 0.589238,
        0.434527 0.837682 0.592069,
        0.434527 0.837628 0.592091,
        0.434527 0.833107 0.593874,
        0.440422 0.835620 0.592069,
        0.441919 0.834123 0.592069,
        0.443045 0.832330 0.592069,
        0.443744 0.830331 0.592069,
        0.438629 0.836746 0.592069,
        0.437569 0.832043 0.593874,
        0.440358 0.840336 0.589187,
        0.442906 0.838735 0.589187,
        0.445035 0.836607 0.589187,
        0.446635 0.834059 0.589187,
        0.447630 0.831219 0.589187,
        0.441723 0.843171 0.585406,
        0.444868 0.841195 0.585406,
        0.447494 0.838569 0.585406,
        0.449470 0.835424 0.585406,
        0.450696 0.831919 0.585406,
        0.434527 0.846924 0.580964,
        -0.447509 0.831706 0.589187,
        -0.443659 0.830675 0.592069,
        -0.439240 0.829491 0.593874,
        -0.438753 0.830668 0.593874,
        -0.436967 0.832454 0.593874,
        -0.437978 0.831678 0.593874,
        -0.435790 0.832941 0.593874,
        -0.452586 0.833067 0.580964,
        -0.450719 0.837576 0.580964,
        -0.447747 0.841448 0.580964,
        -0.443875 0.844419 0.580964,
        -0.439366 0.846287 0.580964,
        -0.434527 0.846924 0.580964,
        -0.434527 0.833078 0.593878,
        -0.442715 0.832955 0.592069,
        -0.441212 0.834913 0.592069,
        -0.439254 0.836416 0.592069,
        -0.436974 0.837360 0.592069,
        -0.434527 0.833107 0.593874,
        -0.434527 0.837628 0.592091,
        -0.434527 0.837682 0.592069,
        -0.434527 0.841596 0.589238,
        -0.446166 0.834948 0.589187,
        -0.444030 0.837731 0.589187,
        -0.441247 0.839867 0.589187,
        -0.438006 0.841209 0.589187,
        -0.450547 0.832520 0.585406,
        -0.448891 0.836520 0.585406,
        -0.446255 0.839956 0.585406,
        -0.442820 0.842591 0.585406,
        -0.438820 0.844248 0.585406,
        -0.434527 0.841667 0.589187,
        -0.434527 0.844739 0.585496,
        -0.434527 0.844813 0.585406,
        -0.434527 0.846861 0.581096,
      ]
    }
    coordIndex [
      0, 1, 2, -1,
      2, 1, 3, -1,
      4, 5, 6, -1,
      6, 5, 7, -1,
      8, 9, 7, -1,
      7, 9, 2, -1,
      7, 2, 6, -1,
      6, 2, 3, -1,
      10, 11, 12, -1,
      12, 11, 9, -1,
      12, 9, 13, -1,
      13, 9, 8, -1,
      13, 8, 14, -1,
      14, 8, 15, -1,
      16, 17, 18, -1,
      19, 20, 16, -1,
      21, 5, 22, -1,
      22, 5, 4, -1,
      21, 23, 24, -1,
      24, 23, 25, -1,
      24, 25, 26, -1,
      26, 25, 27, -1,
      20, 28, 16, -1,
      16, 28, 29, -1,
      16, 29, 30, -1,
      30, 29, 31, -1,
      21, 22, 23, -1,
      23, 22, 32, -1,
      23, 32, 18, -1,
      18, 32, 33, -1,
      18, 33, 16, -1,
      16, 33, 34, -1,
      16, 34, 19, -1,
      32, 1, 33, -1,
      33, 1, 0, -1,
      33, 0, 35, -1,
      35, 0, 36, -1,
      0, 37, 38, -1,
      38, 39, 0, -1,
      0, 39, 40, -1,
      0, 40, 36, -1,
      41, 42, 43, -1,
      43, 42, 44, -1,
      43, 44, 45, -1,
      11, 10, 46, -1,
      47, 48, 49, -1,
      49, 48, 50, -1,
      51, 46, 52, -1,
      14, 15, 52, -1,
      52, 15, 45, -1,
      52, 45, 51, -1,
      51, 45, 44, -1,
      53, 54, 48, -1,
      48, 54, 55, -1,
      48, 55, 50, -1,
      51, 49, 46, -1,
      46, 49, 50, -1,
      46, 50, 11, -1,
      11, 50, 56, -1,
      11, 56, 57, -1,
      48, 58, 59, -1,
      57, 60, 61, -1,
      59, 62, 48, -1,
      48, 62, 63, -1,
      48, 63, 53, -1,
      61, 64, 57, -1,
      57, 64, 65, -1,
      57, 65, 11, -1,
      48, 47, 66, -1,
      66, 47, 67, -1,
      44, 42, 68, -1,
      68, 42, 69, -1,
      70, 27, 25, -1,
      17, 16, 71, -1,
      71, 16, 72, -1,
      71, 72, 73, -1,
      25, 73, 70, -1,
      70, 73, 72, -1,
      70, 72, 69, -1,
      69, 72, 66, -1,
      69, 66, 68, -1,
      68, 66, 67, -1,
      74, 75, 76, -1,
      77, 78, 79, -1,
      80, 81, 82, -1,
      83, 84, 77, -1,
      77, 84, 85, -1,
      77, 85, 78, -1,
      86, 87, 88, -1,
      88, 87, 89, -1,
      88, 89, 79, -1,
      79, 89, 90, -1,
      79, 90, 77, -1,
      91, 92, 93, -1,
      93, 92, 94, -1,
      80, 82, 95, -1,
      95, 82, 96, -1,
      95, 96, 97, -1,
      86, 98, 99, -1,
      100, 101, 102, -1,
      102, 101, 103, -1,
      104, 105, 106, -1,
      106, 105, 107, -1,
      106, 107, 108, -1,
      109, 110, 80, -1,
      80, 110, 111, -1,
      80, 111, 81, -1,
      86, 88, 98, -1,
      98, 88, 112, -1,
      98, 112, 113, -1,
      103, 114, 102, -1,
      102, 114, 115, -1,
      102, 115, 116, -1,
      91, 117, 92, -1,
      92, 117, 118, -1,
      92, 118, 119, -1,
      120, 121, 106, -1,
      106, 121, 122, -1,
      106, 122, 104, -1,
      99, 123, 86, -1,
      86, 123, 124, -1,
      86, 124, 125, -1,
      125, 124, 126, -1,
      125, 126, 127, -1,
      127, 126, 101, -1,
      127, 101, 128, -1,
      128, 101, 100, -1,
      116, 120, 102, -1,
      102, 120, 106, -1,
      102, 106, 129, -1,
      129, 106, 95, -1,
      129, 95, 130, -1,
      130, 95, 97, -1,
      119, 131, 92, -1,
      92, 131, 132, -1,
      92, 132, 80, -1,
      80, 132, 133, -1,
      80, 133, 109, -1,
      108, 134, 106, -1,
      106, 134, 135, -1,
      106, 135, 136, -1,
      137, 138, 139, -1,
      139, 138, 140, -1,
      141, 142, 143, -1,
      143, 142, 144, -1,
      145, 146, 147, -1,
      145, 147, 148, -1,
      141, 149, 142, -1,
      142, 149, 150, -1,
      142, 150, 151, -1,
      152, 153, 154, -1,
      154, 153, 155, -1,
      146, 156, 147, -1,
      147, 156, 157, -1,
      147, 157, 154, -1,
      154, 157, 158, -1,
      154, 158, 152, -1,
      159, 160, 139, -1,
      139, 160, 161, -1,
      139, 161, 137, -1,
      151, 162, 142, -1,
      142, 162, 163, -1,
      142, 163, 147, -1,
      147, 163, 164, -1,
      147, 164, 148, -1,
      155, 165, 154, -1,
      154, 165, 166, -1,
      154, 166, 167, -1,
      168, 169, 170, -1,
      140, 171, 139, -1,
      139, 171, 168, -1,
      139, 168, 172, -1,
      172, 168, 170, -1,
      173, 174, 175, -1,
      175, 174, 176, -1,
      175, 176, 177, -1,
      178, 179, 180, -1,
      180, 179, 181, -1,
      182, 183, 154, -1,
      154, 184, 185, -1,
      186, 187, 188, -1,
      188, 187, 189, -1,
      173, 175, 190, -1,
      190, 175, 191, -1,
      190, 191, 192, -1,
      192, 191, 193, -1,
      192, 193, 194, -1,
      182, 154, 195, -1,
      183, 196, 154, -1,
      154, 196, 197, -1,
      154, 197, 184, -1,
      198, 199, 188, -1,
      188, 199, 175, -1,
      188, 175, 186, -1,
      186, 175, 177, -1,
      178, 180, 200, -1,
      200, 180, 201, -1,
      200, 201, 202, -1,
      202, 201, 203, -1,
      202, 203, 204, -1,
      181, 205, 180, -1,
      180, 205, 195, -1,
      180, 195, 139, -1,
      139, 195, 154, -1,
      139, 154, 159, -1,
      159, 154, 167, -1,
      185, 206, 154, -1,
      154, 206, 207, -1,
      154, 207, 198, -1,
      198, 207, 208, -1,
      198, 208, 199, -1,
      189, 209, 188, -1,
      188, 209, 210, -1,
      188, 210, 211, -1,
      212, 213, 214, -1,
      193, 215, 194, -1,
      194, 215, 216, -1,
      194, 216, 217, -1,
      217, 218, 194, -1,
      194, 218, 219, -1,
      194, 219, 220, -1,
      221, 222, 223, -1,
      214, 213, 204, -1,
      204, 213, 224, -1,
      204, 224, 225, -1,
      225, 226, 204, -1,
      204, 226, 227, -1,
      204, 227, 202, -1,
      220, 228, 194, -1,
      194, 228, 229, -1,
      194, 229, 230, -1,
      230, 229, 231, -1,
      230, 231, 232, -1,
      221, 223, 214, -1,
      214, 223, 233, -1,
      214, 233, 212, -1,
      234, 235, 172, -1,
      235, 236, 172, -1,
      172, 236, 237, -1,
      172, 237, 139, -1,
      139, 237, 238, -1,
      139, 238, 180, -1,
      211, 239, 188, -1,
      188, 239, 234, -1,
      188, 234, 240, -1,
      240, 234, 172, -1,
      241, 242, 243, -1,
      243, 244, 241, -1,
      241, 244, 245, -1,
      241, 245, 246, -1,
      247, 248, 249, -1,
      249, 248, 250, -1,
      251, 252, 253, -1,
      250, 254, 249, -1,
      249, 254, 255, -1,
      249, 255, 256, -1,
      257, 258, 249, -1,
      249, 258, 259, -1,
      249, 259, 251, -1,
      260, 261, 106, -1,
      106, 262, 263, -1,
      264, 265, 266, -1,
      266, 265, 267, -1,
      266, 267, 268, -1,
      269, 270, 95, -1,
      95, 270, 271, -1,
      253, 272, 251, -1,
      251, 272, 273, -1,
      251, 273, 249, -1,
      249, 273, 274, -1,
      249, 274, 247, -1,
      261, 275, 106, -1,
      106, 275, 276, -1,
      106, 276, 277, -1,
      277, 278, 106, -1,
      106, 278, 242, -1,
      106, 242, 262, -1,
      262, 242, 241, -1,
      268, 279, 266, -1,
      266, 279, 280, -1,
      266, 280, 281, -1,
      263, 282, 106, -1,
      106, 282, 283, -1,
      106, 283, 95, -1,
      95, 283, 284, -1,
      95, 284, 269, -1,
      271, 285, 95, -1,
      95, 285, 286, -1,
      95, 286, 266, -1,
      266, 286, 287, -1,
      266, 287, 264, -1,
      288, 289, 290, -1,
      290, 289, 136, -1,
      289, 291, 136, -1,
      136, 291, 292, -1,
      136, 292, 106, -1,
      106, 292, 293, -1,
      106, 293, 260, -1,
      294, 295, 296, -1,
      142, 297, 298, -1,
      298, 297, 294, -1,
      298, 294, 299, -1,
      299, 294, 296, -1,
      299, 296, 147, -1,
      300, 301, 302, -1,
      296, 300, 147, -1,
      147, 300, 302, -1,
      147, 302, 142, -1,
      142, 302, 303, -1,
      142, 303, 297, -1,
      169, 144, 170, -1,
      170, 144, 142, -1,
      170, 142, 304, -1,
      304, 142, 298, -1,
      304, 298, 290, -1,
      290, 298, 249, -1,
      290, 249, 288, -1,
      288, 249, 256, -1,
      249, 305, 306, -1,
      305, 249, 307, -1,
      307, 249, 298, -1,
      307, 298, 308, -1,
      308, 298, 299, -1,
      308, 299, 306, -1,
      306, 299, 266, -1,
      306, 266, 249, -1,
      249, 266, 281, -1,
      249, 281, 257, -1,
      309, 310, 311, -1,
      309, 74, 312, -1,
      313, 314, 315, -1,
      316, 317, 315, -1,
      310, 309, 318, -1,
      318, 309, 92, -1,
      318, 92, 319, -1,
      319, 92, 80, -1,
      319, 80, 311, -1,
      311, 80, 320, -1,
      311, 320, 309, -1,
      309, 320, 321, -1,
      309, 321, 74, -1,
      312, 74, 322, -1,
      322, 74, 76, -1,
      322, 76, 323, -1,
      76, 324, 325, -1,
      316, 315, 326, -1,
      325, 327, 76, -1,
      76, 327, 328, -1,
      76, 328, 323, -1,
      329, 330, 76, -1,
      76, 330, 331, -1,
      76, 331, 332, -1,
      333, 334, 314, -1,
      314, 334, 335, -1,
      314, 335, 336, -1,
      337, 338, 320, -1,
      320, 338, 339, -1,
      320, 339, 321, -1,
      332, 340, 76, -1,
      76, 340, 341, -1,
      76, 341, 324, -1,
      333, 314, 342, -1,
      342, 314, 343, -1,
      342, 343, 344, -1,
      317, 345, 315, -1,
      315, 345, 346, -1,
      315, 346, 320, -1,
      320, 346, 347, -1,
      320, 347, 337, -1,
      329, 348, 330, -1,
      330, 348, 349, -1,
      330, 349, 350, -1,
      350, 349, 351, -1,
      336, 352, 314, -1,
      314, 352, 353, -1,
      314, 353, 315, -1,
      315, 353, 354, -1,
      315, 354, 326, -1,
      135, 355, 136, -1,
      136, 355, 94, -1,
      136, 94, 356, -1,
      356, 94, 92, -1,
      356, 92, 357, -1,
      357, 92, 309, -1,
      357, 309, 358, -1,
      358, 309, 359, -1,
      358, 359, 360, -1,
      360, 359, 361, -1,
      312, 362, 309, -1,
      309, 362, 313, -1,
      309, 313, 359, -1,
      359, 313, 315, -1,
      359, 315, 361, -1,
      361, 315, 363, -1,
      50, 55, 364, -1,
      364, 55, 365, -1,
      366, 367, 33, -1,
      33, 367, 34, -1,
      368, 369, 370, -1,
      370, 364, 368, -1,
      368, 364, 365, -1,
      368, 365, 371, -1,
      372, 373, 66, -1,
      372, 66, 374, -1,
      374, 66, 72, -1,
      374, 72, 375, -1,
      376, 377, 2, -1,
      376, 2, 378, -1,
      378, 2, 9, -1,
      378, 9, 379, -1,
      380, 381, 382, -1,
      382, 367, 380, -1,
      380, 367, 366, -1,
      380, 366, 383, -1,
      383, 366, 33, -1,
      383, 33, 384, -1,
      384, 33, 35, -1,
      384, 35, 385, -1,
      385, 35, 36, -1,
      385, 36, 386, -1,
      386, 36, 387, -1,
      387, 36, 40, -1,
      387, 40, 388, -1,
      388, 40, 389, -1,
      389, 40, 39, -1,
      389, 39, 390, -1,
      390, 39, 391, -1,
      391, 39, 38, -1,
      391, 38, 392, -1,
      392, 38, 393, -1,
      393, 38, 37, -1,
      393, 37, 394, -1,
      0, 2, 37, -1,
      37, 2, 377, -1,
      37, 377, 394, -1,
      375, 72, 16, -1,
      375, 16, 395, -1,
      395, 16, 30, -1,
      395, 30, 396, -1,
      396, 30, 31, -1,
      396, 31, 397, -1,
      397, 31, 398, -1,
      398, 31, 29, -1,
      398, 29, 399, -1,
      399, 29, 400, -1,
      400, 29, 28, -1,
      400, 28, 401, -1,
      401, 28, 402, -1,
      402, 28, 20, -1,
      402, 20, 403, -1,
      403, 20, 404, -1,
      404, 20, 19, -1,
      404, 19, 405, -1,
      34, 367, 19, -1,
      19, 367, 382, -1,
      19, 382, 405, -1,
      391, 392, 406, -1,
      406, 392, 393, -1,
      406, 393, 376, -1,
      376, 393, 394, -1,
      376, 394, 377, -1,
      406, 407, 391, -1,
      391, 407, 408, -1,
      391, 408, 390, -1,
      390, 408, 389, -1,
      409, 380, 383, -1,
      408, 410, 389, -1,
      389, 410, 411, -1,
      389, 411, 388, -1,
      388, 411, 412, -1,
      388, 412, 387, -1,
      387, 412, 413, -1,
      387, 413, 386, -1,
      386, 413, 414, -1,
      386, 414, 385, -1,
      385, 414, 409, -1,
      385, 409, 384, -1,
      384, 409, 383, -1,
      361, 363, 415, -1,
      360, 361, 416, -1,
      416, 361, 415, -1,
      416, 415, 417, -1,
      417, 415, 418, -1,
      417, 418, 419, -1,
      419, 418, 420, -1,
      419, 420, 421, -1,
      421, 420, 422, -1,
      421, 422, 423, -1,
      423, 422, 424, -1,
      423, 424, 425, -1,
      425, 424, 426, -1,
      425, 426, 427, -1,
      427, 426, 428, -1,
      427, 428, 429, -1,
      429, 428, 430, -1,
      429, 430, 431, -1,
      431, 430, 432, -1,
      431, 432, 433, -1,
      433, 432, 434, -1,
      433, 434, 380, -1,
      380, 434, 381, -1,
      402, 403, 435, -1,
      435, 403, 404, -1,
      435, 404, 381, -1,
      381, 404, 405, -1,
      381, 405, 382, -1,
      435, 436, 402, -1,
      402, 436, 437, -1,
      402, 437, 401, -1,
      401, 437, 400, -1,
      438, 374, 375, -1,
      437, 439, 400, -1,
      400, 439, 440, -1,
      400, 440, 399, -1,
      399, 440, 441, -1,
      399, 441, 398, -1,
      398, 441, 442, -1,
      398, 442, 397, -1,
      397, 442, 443, -1,
      397, 443, 396, -1,
      396, 443, 438, -1,
      396, 438, 395, -1,
      395, 438, 375, -1,
      379, 9, 11, -1,
      379, 11, 444, -1,
      444, 11, 65, -1,
      444, 65, 445, -1,
      445, 65, 64, -1,
      445, 64, 446, -1,
      446, 64, 447, -1,
      447, 64, 61, -1,
      447, 61, 448, -1,
      448, 61, 449, -1,
      449, 61, 60, -1,
      449, 60, 450, -1,
      450, 60, 451, -1,
      451, 60, 57, -1,
      451, 57, 452, -1,
      452, 57, 453, -1,
      453, 57, 56, -1,
      453, 56, 454, -1,
      50, 364, 56, -1,
      56, 364, 370, -1,
      56, 370, 454, -1,
      455, 456, 457, -1,
      458, 459, 460, -1,
      360, 461, 462, -1,
      463, 461, 360, -1,
      460, 459, 360, -1,
      464, 360, 459, -1,
      465, 407, 406, -1,
      407, 465, 408, -1,
      408, 465, 466, -1,
      408, 466, 410, -1,
      410, 466, 467, -1,
      410, 467, 411, -1,
      411, 467, 468, -1,
      411, 468, 412, -1,
      412, 468, 413, -1,
      413, 468, 469, -1,
      413, 469, 414, -1,
      414, 469, 409, -1,
      409, 469, 433, -1,
      409, 433, 380, -1,
      416, 463, 360, -1,
      470, 471, 458, -1,
      458, 471, 472, -1,
      458, 472, 459, -1,
      459, 472, 473, -1,
      459, 473, 464, -1,
      474, 462, 475, -1,
      475, 462, 461, -1,
      475, 461, 476, -1,
      476, 461, 463, -1,
      476, 463, 477, -1,
      416, 417, 463, -1,
      463, 417, 419, -1,
      463, 419, 477, -1,
      477, 419, 421, -1,
      477, 421, 423, -1,
      457, 474, 478, -1,
      478, 474, 475, -1,
      478, 475, 479, -1,
      479, 475, 476, -1,
      479, 476, 480, -1,
      480, 476, 477, -1,
      480, 477, 481, -1,
      481, 477, 423, -1,
      482, 483, 484, -1,
      484, 483, 455, -1,
      455, 457, 484, -1,
      484, 457, 478, -1,
      484, 478, 485, -1,
      485, 478, 479, -1,
      485, 479, 486, -1,
      486, 479, 480, -1,
      486, 480, 487, -1,
      487, 480, 481, -1,
      487, 481, 488, -1,
      456, 470, 457, -1,
      457, 470, 458, -1,
      457, 458, 474, -1,
      474, 458, 460, -1,
      474, 460, 462, -1,
      462, 460, 360, -1,
      482, 465, 489, -1,
      489, 465, 406, -1,
      489, 406, 376, -1,
      423, 425, 481, -1,
      481, 425, 427, -1,
      481, 427, 488, -1,
      488, 427, 429, -1,
      488, 429, 431, -1,
      482, 484, 465, -1,
      465, 484, 485, -1,
      465, 485, 466, -1,
      466, 485, 486, -1,
      466, 486, 467, -1,
      467, 486, 487, -1,
      467, 487, 468, -1,
      468, 487, 488, -1,
      468, 488, 469, -1,
      469, 488, 431, -1,
      469, 431, 433, -1,
      428, 426, 490, -1,
      491, 492, 493, -1,
      363, 494, 495, -1,
      496, 494, 363, -1,
      493, 492, 363, -1,
      415, 363, 492, -1,
      497, 436, 435, -1,
      436, 497, 437, -1,
      437, 497, 498, -1,
      437, 498, 439, -1,
      439, 498, 499, -1,
      439, 499, 440, -1,
      440, 499, 500, -1,
      440, 500, 441, -1,
      441, 500, 442, -1,
      442, 500, 501, -1,
      442, 501, 443, -1,
      443, 501, 438, -1,
      438, 501, 502, -1,
      438, 502, 374, -1,
      503, 496, 363, -1,
      424, 422, 491, -1,
      491, 422, 420, -1,
      491, 420, 492, -1,
      492, 420, 418, -1,
      492, 418, 415, -1,
      504, 495, 505, -1,
      505, 495, 494, -1,
      505, 494, 506, -1,
      506, 494, 496, -1,
      506, 496, 507, -1,
      503, 508, 496, -1,
      496, 508, 509, -1,
      496, 509, 507, -1,
      507, 509, 510, -1,
      507, 510, 511, -1,
      490, 504, 512, -1,
      512, 504, 505, -1,
      512, 505, 513, -1,
      513, 505, 506, -1,
      513, 506, 514, -1,
      514, 506, 507, -1,
      514, 507, 515, -1,
      515, 507, 511, -1,
      432, 430, 516, -1,
      516, 430, 428, -1,
      428, 490, 516, -1,
      516, 490, 512, -1,
      516, 512, 517, -1,
      517, 512, 513, -1,
      517, 513, 518, -1,
      518, 513, 514, -1,
      518, 514, 519, -1,
      519, 514, 515, -1,
      519, 515, 520, -1,
      426, 424, 490, -1,
      490, 424, 491, -1,
      490, 491, 504, -1,
      504, 491, 493, -1,
      504, 493, 495, -1,
      495, 493, 363, -1,
      432, 497, 434, -1,
      434, 497, 435, -1,
      434, 435, 381, -1,
      511, 521, 515, -1,
      515, 521, 522, -1,
      515, 522, 520, -1,
      520, 522, 523, -1,
      520, 523, 524, -1,
      432, 516, 497, -1,
      497, 516, 517, -1,
      497, 517, 498, -1,
      498, 517, 518, -1,
      498, 518, 499, -1,
      499, 518, 519, -1,
      499, 519, 500, -1,
      500, 519, 520, -1,
      500, 520, 501, -1,
      501, 520, 524, -1,
      501, 524, 502, -1,
      371, 365, 55, -1,
      371, 55, 525, -1,
      525, 55, 54, -1,
      525, 54, 526, -1,
      526, 54, 53, -1,
      526, 53, 527, -1,
      527, 53, 528, -1,
      528, 53, 63, -1,
      528, 63, 529, -1,
      529, 63, 530, -1,
      530, 63, 62, -1,
      530, 62, 531, -1,
      531, 62, 532, -1,
      532, 62, 59, -1,
      532, 59, 533, -1,
      533, 59, 534, -1,
      534, 59, 58, -1,
      534, 58, 535, -1,
      48, 66, 58, -1,
      58, 66, 373, -1,
      58, 373, 535, -1,
      370, 369, 454, -1,
      454, 369, 536, -1,
      454, 536, 453, -1,
      453, 536, 537, -1,
      453, 537, 452, -1,
      452, 537, 538, -1,
      452, 538, 451, -1,
      451, 538, 539, -1,
      451, 539, 450, -1,
      450, 539, 540, -1,
      450, 540, 449, -1,
      449, 540, 541, -1,
      449, 541, 448, -1,
      448, 541, 542, -1,
      448, 542, 447, -1,
      447, 542, 543, -1,
      447, 543, 446, -1,
      446, 543, 544, -1,
      446, 544, 445, -1,
      445, 544, 545, -1,
      445, 545, 444, -1,
      444, 545, 379, -1,
      379, 545, 546, -1,
      379, 546, 378, -1,
      376, 378, 489, -1,
      489, 378, 547, -1,
      489, 547, 482, -1,
      482, 547, 548, -1,
      482, 548, 483, -1,
      483, 548, 549, -1,
      483, 549, 455, -1,
      455, 549, 550, -1,
      455, 550, 456, -1,
      456, 550, 551, -1,
      456, 551, 470, -1,
      470, 551, 552, -1,
      470, 552, 471, -1,
      471, 552, 553, -1,
      471, 553, 472, -1,
      472, 553, 554, -1,
      472, 554, 473, -1,
      473, 554, 555, -1,
      473, 555, 464, -1,
      464, 555, 556, -1,
      240, 172, 556, -1,
      556, 172, 170, -1,
      556, 170, 464, -1,
      464, 170, 304, -1,
      304, 290, 464, -1,
      464, 290, 136, -1,
      464, 136, 356, -1,
      356, 357, 464, -1,
      464, 357, 358, -1,
      464, 358, 360, -1,
      372, 374, 557, -1,
      557, 374, 502, -1,
      557, 502, 558, -1,
      558, 502, 524, -1,
      558, 524, 559, -1,
      559, 524, 523, -1,
      559, 523, 560, -1,
      560, 523, 522, -1,
      560, 522, 561, -1,
      561, 522, 521, -1,
      561, 521, 562, -1,
      562, 521, 511, -1,
      562, 511, 563, -1,
      563, 511, 510, -1,
      563, 510, 564, -1,
      564, 510, 509, -1,
      564, 509, 565, -1,
      565, 509, 508, -1,
      565, 508, 566, -1,
      566, 508, 503, -1,
      363, 315, 503, -1,
      503, 315, 320, -1,
      320, 80, 503, -1,
      503, 80, 95, -1,
      503, 95, 566, -1,
      566, 95, 266, -1,
      566, 266, 299, -1,
      299, 147, 566, -1,
      566, 147, 154, -1,
      566, 154, 198, -1,
      532, 533, 567, -1,
      567, 533, 534, -1,
      567, 534, 372, -1,
      372, 534, 535, -1,
      372, 535, 373, -1,
      567, 568, 532, -1,
      532, 568, 569, -1,
      532, 569, 531, -1,
      531, 569, 530, -1,
      570, 368, 371, -1,
      569, 571, 530, -1,
      530, 571, 572, -1,
      530, 572, 529, -1,
      529, 572, 573, -1,
      529, 573, 528, -1,
      528, 573, 574, -1,
      528, 574, 527, -1,
      527, 574, 575, -1,
      527, 575, 526, -1,
      526, 575, 570, -1,
      526, 570, 525, -1,
      525, 570, 371, -1,
      576, 577, 578, -1,
      579, 580, 581, -1,
      582, 583, 584, -1,
      240, 585, 586, -1,
      587, 585, 240, -1,
      584, 583, 240, -1,
      588, 240, 583, -1,
      536, 589, 537, -1,
      537, 589, 590, -1,
      537, 590, 538, -1,
      538, 590, 539, -1,
      539, 590, 591, -1,
      539, 591, 540, -1,
      540, 591, 541, -1,
      541, 591, 592, -1,
      541, 592, 542, -1,
      542, 592, 543, -1,
      543, 592, 593, -1,
      543, 593, 544, -1,
      544, 593, 545, -1,
      545, 593, 594, -1,
      545, 594, 546, -1,
      546, 594, 547, -1,
      546, 547, 378, -1,
      556, 587, 240, -1,
      595, 596, 582, -1,
      582, 596, 597, -1,
      582, 597, 583, -1,
      583, 597, 598, -1,
      583, 598, 588, -1,
      599, 586, 600, -1,
      600, 586, 585, -1,
      600, 585, 601, -1,
      601, 585, 587, -1,
      601, 587, 602, -1,
      580, 595, 581, -1,
      581, 595, 582, -1,
      581, 582, 603, -1,
      603, 582, 584, -1,
      603, 584, 604, -1,
      604, 584, 240, -1,
      556, 555, 587, -1,
      587, 555, 554, -1,
      587, 554, 602, -1,
      602, 554, 553, -1,
      602, 553, 552, -1,
      605, 599, 606, -1,
      606, 599, 600, -1,
      606, 600, 607, -1,
      607, 600, 601, -1,
      607, 601, 608, -1,
      608, 601, 602, -1,
      608, 602, 609, -1,
      609, 602, 552, -1,
      578, 605, 610, -1,
      610, 605, 606, -1,
      610, 606, 611, -1,
      611, 606, 607, -1,
      611, 607, 612, -1,
      612, 607, 608, -1,
      612, 608, 613, -1,
      613, 608, 609, -1,
      613, 609, 614, -1,
      577, 579, 578, -1,
      578, 579, 581, -1,
      578, 581, 605, -1,
      605, 581, 603, -1,
      605, 603, 599, -1,
      599, 603, 604, -1,
      599, 604, 586, -1,
      586, 604, 240, -1,
      536, 369, 589, -1,
      589, 369, 615, -1,
      589, 615, 576, -1,
      552, 551, 609, -1,
      609, 551, 550, -1,
      609, 550, 614, -1,
      614, 550, 549, -1,
      614, 549, 548, -1,
      576, 578, 589, -1,
      589, 578, 610, -1,
      589, 610, 590, -1,
      590, 610, 611, -1,
      590, 611, 591, -1,
      591, 611, 612, -1,
      591, 612, 592, -1,
      592, 612, 613, -1,
      592, 613, 593, -1,
      593, 613, 614, -1,
      593, 614, 594, -1,
      594, 614, 548, -1,
      594, 548, 547, -1,
      560, 561, 616, -1,
      617, 618, 619, -1,
      198, 620, 621, -1,
      622, 620, 198, -1,
      619, 618, 198, -1,
      566, 198, 618, -1,
      623, 568, 567, -1,
      568, 623, 569, -1,
      569, 623, 624, -1,
      569, 624, 571, -1,
      571, 624, 625, -1,
      571, 625, 572, -1,
      572, 625, 626, -1,
      572, 626, 573, -1,
      573, 626, 574, -1,
      574, 626, 627, -1,
      574, 627, 575, -1,
      575, 627, 570, -1,
      570, 627, 628, -1,
      570, 628, 368, -1,
      629, 622, 198, -1,
      562, 563, 617, -1,
      617, 563, 564, -1,
      617, 564, 618, -1,
      618, 564, 565, -1,
      618, 565, 566, -1,
      630, 621, 631, -1,
      631, 621, 620, -1,
      631, 620, 632, -1,
      632, 620, 622, -1,
      632, 622, 633, -1,
      629, 634, 622, -1,
      622, 634, 635, -1,
      622, 635, 633, -1,
      633, 635, 636, -1,
      633, 636, 637, -1,
      616, 630, 638, -1,
      638, 630, 631, -1,
      638, 631, 639, -1,
      639, 631, 632, -1,
      639, 632, 640, -1,
      640, 632, 633, -1,
      640, 633, 641, -1,
      641, 633, 637, -1,
      558, 559, 642, -1,
      642, 559, 560, -1,
      560, 616, 642, -1,
      642, 616, 638, -1,
      642, 638, 643, -1,
      643, 638, 639, -1,
      643, 639, 644, -1,
      644, 639, 640, -1,
      644, 640, 645, -1,
      645, 640, 641, -1,
      645, 641, 646, -1,
      561, 562, 616, -1,
      616, 562, 617, -1,
      616, 617, 630, -1,
      630, 617, 619, -1,
      630, 619, 621, -1,
      621, 619, 198, -1,
      558, 623, 557, -1,
      557, 623, 567, -1,
      557, 567, 372, -1,
      637, 647, 641, -1,
      641, 647, 648, -1,
      641, 648, 646, -1,
      646, 648, 649, -1,
      646, 649, 650, -1,
      558, 642, 623, -1,
      623, 642, 643, -1,
      623, 643, 624, -1,
      624, 643, 644, -1,
      624, 644, 625, -1,
      625, 644, 645, -1,
      625, 645, 626, -1,
      626, 645, 646, -1,
      626, 646, 627, -1,
      627, 646, 650, -1,
      627, 650, 628, -1,
      188, 240, 588, -1,
      369, 368, 615, -1,
      615, 368, 628, -1,
      615, 628, 576, -1,
      576, 628, 650, -1,
      576, 650, 577, -1,
      577, 650, 649, -1,
      577, 649, 579, -1,
      579, 649, 648, -1,
      579, 648, 580, -1,
      580, 648, 647, -1,
      580, 647, 595, -1,
      595, 647, 637, -1,
      595, 637, 596, -1,
      596, 637, 636, -1,
      596, 636, 597, -1,
      597, 636, 635, -1,
      597, 635, 598, -1,
      598, 635, 634, -1,
      598, 634, 588, -1,
      588, 634, 629, -1,
      588, 629, 188, -1,
      188, 629, 198, -1,
    ]
  }
}

Shape {
  appearance Appearance {
    material Material {
      diffuseColor 0.4510 0.4314 0.4196
      specularColor 0.0314 0.0314 0.0314
      ambientIntensity 0.2
      transparency 0.0000
      shininess 0.5
    }
  }
  geometry IndexedFaceSet {
    ccw TRUE
    solid FALSE
    coord DEF co Coordinate {
      point [
        0.067589 0.243787 0.594488,
        0.077089 0.234181 0.594488,
        0.083494 0.222941 0.594488,
        0.082284 0.173402 0.594488,
        0.086257 0.184568 0.594488,
        0.087100 0.192256 0.594488,
        -0.012757 0.156335 0.594488,
        -0.021987 0.165418 0.594488,
        -0.001896 0.149881 0.594488,
        0.075378 0.163132 0.594488,
        0.065513 0.154369 0.594488,
        0.053719 0.148211 0.594488,
        -0.031639 0.215206 0.594488,
        -0.027822 0.226305 0.594488,
        -0.021668 0.235967 0.594488,
        -0.027984 0.175198 0.594488,
        -0.031752 0.186515 0.594488,
        -0.033171 0.200743 0.594488,
        0.025929 0.256377 0.594488,
        0.042941 0.254772 0.594488,
        0.056592 0.250410 0.594488,
        0.040551 0.144863 0.594488,
        0.028720 0.144028 0.594488,
        0.011638 0.145612 0.594488,
        -0.012885 0.244451 0.594488,
        -0.001859 0.250994 0.594488,
        0.010905 0.254987 0.594488,
        0.087100 0.207699 0.594488,
        0.087820 0.198830 0.594488,
        0.086833 0.210980 0.594488,
        0.033106 0.331272 0.594488,
        0.038427 0.336789 0.594488,
        -0.009765 0.342799 0.594488,
        0.044025 0.340216 0.594488,
        0.050261 0.342238 0.594488,
        0.023553 0.284467 0.594488,
        0.017241 0.277666 0.594488,
        0.067295 0.275102 0.594488,
        0.011320 0.273744 0.594488,
        -0.009558 0.271705 0.594488,
        -0.015466 0.273847 0.594488,
        -0.028985 0.289120 0.594488,
        -0.032255 0.300696 0.594488,
        0.056132 0.342799 0.594488,
        0.064294 0.341741 0.594488,
        0.069946 0.339432 0.594488,
        0.022621 0.313924 0.594488,
        -0.015071 0.334165 0.594488,
        0.013435 0.296785 0.594488,
        -0.019370 0.320175 0.594488,
        0.013298 0.296576 0.594488,
        -0.001280 0.270781 0.594488,
        -0.020478 0.277177 0.594488,
        -0.024743 0.281709 0.594488,
        -0.027049 0.342799 0.594488,
        0.033716 0.301861 0.594488,
        0.071931 0.284031 0.594488,
        0.039533 0.312839 0.594488,
        0.074344 0.294128 0.594488,
        0.074857 0.302289 0.594488,
        0.005229 0.271513 0.594488,
        -0.033171 0.313069 0.594488,
        -0.031605 0.328270 0.594488,
        -0.028859 0.339013 0.594488,
        0.075074 0.335720 0.594488,
        0.079475 0.330648 0.594488,
        0.083291 0.324007 0.594488,
        0.061218 0.326594 0.594488,
        0.057685 0.326955 0.594488,
        0.074109 0.310530 0.594488,
        -0.020207 0.311313 0.594488,
        -0.019547 0.302737 0.594488,
        -0.017926 0.296743 0.594488,
        -0.015587 0.292507 0.594488,
        -0.013270 0.290048 0.594488,
        -0.010928 0.288484 0.594488,
        0.072131 0.316739 0.594488,
        0.069536 0.321161 0.594488,
        0.066896 0.323869 0.594488,
        0.053178 0.326436 0.594488,
        0.049921 0.325193 0.594488,
        0.046991 0.323196 0.594488,
        0.043815 0.319574 0.594488,
        -0.007244 0.287124 0.594488,
        -0.002585 0.286624 0.594488,
        0.009069 0.291496 0.594488,
        0.001683 0.287180 0.594488,
        0.005061 0.288525 0.594488,
        0.064392 0.325500 0.594488,
        0.087100 0.308413 0.594488,
        0.087820 0.301028 0.594488,
        0.087258 0.287916 0.594488,
        0.087100 0.287158 0.594488,
        0.084579 0.275102 0.594488,
        0.086547 0.314085 0.594488,
        -0.027049 0.342799 0.590551,
        -0.009765 0.342799 0.590551,
        -0.020207 0.311313 0.590551,
        -0.019370 0.320175 0.590551,
        -0.015071 0.334165 0.590551,
        -0.002585 0.286624 0.590551,
        -0.007244 0.287124 0.590551,
        -0.010928 0.288484 0.590551,
        -0.013270 0.290048 0.590551,
        -0.015587 0.292507 0.590551,
        -0.017926 0.296743 0.590551,
        -0.019547 0.302737 0.590551,
        0.022621 0.313924 0.590551,
        0.013435 0.296785 0.590551,
        0.013298 0.296576 0.590551,
        0.009069 0.291496 0.590551,
        0.005061 0.288525 0.590551,
        0.001683 0.287180 0.590551,
        0.056132 0.342799 0.590551,
        0.050261 0.342238 0.590551,
        0.044025 0.340216 0.590551,
        0.038427 0.336789 0.590551,
        0.033106 0.331272 0.590551,
        0.087820 0.301028 0.590551,
        0.086547 0.314085 0.590551,
        0.083291 0.324007 0.590551,
        0.079475 0.330648 0.590551,
        0.075074 0.335720 0.590551,
        0.069946 0.339432 0.590551,
        0.064294 0.341741 0.590551,
        0.087258 0.287916 0.590551,
        0.084579 0.275102 0.590551,
        0.067295 0.275102 0.590551,
        0.074857 0.302289 0.590551,
        0.074344 0.294128 0.590551,
        0.071931 0.284031 0.590551,
        0.057685 0.326955 0.590551,
        0.061218 0.326594 0.590551,
        0.064392 0.325500 0.590551,
        0.066896 0.323869 0.590551,
        0.069536 0.321161 0.590551,
        0.072131 0.316739 0.590551,
        0.074109 0.310530 0.590551,
        0.033716 0.301861 0.590551,
        0.039533 0.312839 0.590551,
        0.043815 0.319574 0.590551,
        0.046991 0.323196 0.590551,
        0.049921 0.325193 0.590551,
        0.053178 0.326436 0.590551,
        -0.001280 0.270781 0.590551,
        0.005229 0.271513 0.590551,
        0.011320 0.273744 0.590551,
        0.017241 0.277666 0.590551,
        0.023553 0.284467 0.590551,
        -0.033171 0.313069 0.590551,
        -0.032255 0.300696 0.590551,
        -0.028985 0.289120 0.590551,
        -0.024743 0.281709 0.590551,
        -0.020478 0.277177 0.590551,
        -0.015466 0.273847 0.590551,
        -0.009558 0.271705 0.590551,
        -0.028859 0.339013 0.590551,
        -0.031605 0.328270 0.590551,
        0.025929 0.256377 0.590551,
        0.010905 0.254987 0.590551,
        -0.001859 0.250994 0.590551,
        -0.012885 0.244451 0.590551,
        -0.021668 0.235967 0.590551,
        -0.027822 0.226305 0.590551,
        -0.031639 0.215206 0.590551,
        -0.033171 0.200743 0.590551,
        0.087820 0.198830 0.590551,
        0.086833 0.210980 0.590551,
        0.083494 0.222941 0.590551,
        0.077089 0.234181 0.590551,
        0.067589 0.243787 0.590551,
        0.056592 0.250410 0.590551,
        0.042941 0.254772 0.590551,
        0.028720 0.144028 0.590551,
        0.040551 0.144863 0.590551,
        0.053719 0.148211 0.590551,
        0.065513 0.154369 0.590551,
        0.075378 0.163132 0.590551,
        0.082284 0.173402 0.590551,
        0.086257 0.184568 0.590551,
        -0.031752 0.186515 0.590551,
        -0.027984 0.175198 0.590551,
        -0.021987 0.165418 0.590551,
        -0.012757 0.156335 0.590551,
        -0.001896 0.149881 0.590551,
        0.011638 0.145612 0.590551,
        0.027212 0.240533 0.590551,
        0.013604 0.239259 0.590551,
        0.002943 0.235894 0.590551,
        -0.005565 0.230837 0.590551,
        -0.012182 0.224471 0.590551,
        -0.016613 0.217524 0.590551,
        -0.019372 0.209285 0.590551,
        -0.020207 0.200698 0.590551,
        -0.019096 0.190079 0.590551,
        -0.016301 0.181894 0.590551,
        -0.011890 0.174994 0.590551,
        -0.006342 0.169544 0.590551,
        0.001209 0.164896 0.590551,
        0.012424 0.161230 0.590551,
        0.026987 0.159872 0.590551,
        0.040946 0.161040 0.590551,
        0.051604 0.164052 0.590551,
        0.060459 0.168981 0.590551,
        0.066604 0.174765 0.590551,
        0.070920 0.181337 0.590551,
        0.073692 0.189138 0.590551,
        0.074857 0.199707 0.590551,
        0.073605 0.210266 0.590551,
        0.070593 0.218197 0.590551,
        0.065719 0.225279 0.590551,
        0.057990 0.232085 0.590551,
        0.048742 0.236922 0.590551,
        0.035936 0.240029 0.590551,
        0.027212 0.240533 0.594488,
        0.035936 0.240029 0.594488,
        0.048742 0.236922 0.594488,
        0.057990 0.232085 0.594488,
        0.065719 0.225279 0.594488,
        0.070593 0.218197 0.594488,
        0.073605 0.210266 0.594488,
        0.074857 0.199707 0.594488,
        0.073692 0.189138 0.594488,
        0.070920 0.181337 0.594488,
        0.066604 0.174765 0.594488,
        0.060459 0.168981 0.594488,
        0.051604 0.164052 0.594488,
        0.040946 0.161040 0.594488,
        0.026987 0.159872 0.594488,
        0.012424 0.161230 0.594488,
        0.001209 0.164896 0.594488,
        -0.006342 0.169544 0.594488,
        -0.011890 0.174994 0.594488,
        -0.016301 0.181894 0.594488,
        -0.019096 0.190079 0.594488,
        -0.020207 0.200698 0.594488,
        -0.019372 0.209285 0.594488,
        -0.016613 0.217524 0.594488,
        -0.012182 0.224471 0.594488,
        -0.005565 0.230837 0.594488,
        0.002943 0.235894 0.594488,
        0.013604 0.239259 0.594488,
      ]
    }
    coordIndex [
      95, 96, 54, -1,
      54, 96, 32, -1,
      97, 70, 49, -1,
      97, 49, 98, -1,
      98, 49, 47, -1,
      98, 47, 99, -1,
      99, 47, 32, -1,
      99, 32, 96, -1,
      100, 84, 83, -1,
      100, 83, 101, -1,
      101, 83, 75, -1,
      101, 75, 102, -1,
      102, 75, 74, -1,
      102, 74, 103, -1,
      103, 74, 73, -1,
      103, 73, 104, -1,
      104, 73, 72, -1,
      104, 72, 105, -1,
      105, 72, 71, -1,
      105, 71, 106, -1,
      106, 71, 70, -1,
      106, 70, 97, -1,
      107, 46, 48, -1,
      107, 48, 108, -1,
      108, 48, 50, -1,
      108, 50, 109, -1,
      109, 50, 85, -1,
      109, 85, 110, -1,
      110, 85, 87, -1,
      110, 87, 111, -1,
      111, 87, 86, -1,
      111, 86, 112, -1,
      112, 86, 84, -1,
      112, 84, 100, -1,
      113, 43, 34, -1,
      113, 34, 114, -1,
      114, 34, 33, -1,
      114, 33, 115, -1,
      115, 33, 31, -1,
      115, 31, 116, -1,
      116, 31, 30, -1,
      116, 30, 117, -1,
      117, 30, 46, -1,
      117, 46, 107, -1,
      118, 90, 119, -1,
      119, 90, 89, -1,
      89, 94, 119, -1,
      119, 94, 66, -1,
      119, 66, 120, -1,
      120, 66, 65, -1,
      120, 65, 121, -1,
      121, 65, 64, -1,
      121, 64, 122, -1,
      122, 64, 45, -1,
      122, 45, 123, -1,
      123, 45, 44, -1,
      123, 44, 124, -1,
      124, 44, 43, -1,
      124, 43, 113, -1,
      90, 118, 125, -1,
      126, 93, 92, -1,
      126, 92, 125, -1,
      125, 92, 91, -1,
      125, 91, 90, -1,
      126, 127, 93, -1,
      93, 127, 37, -1,
      128, 59, 58, -1,
      128, 58, 129, -1,
      129, 58, 56, -1,
      129, 56, 130, -1,
      130, 56, 37, -1,
      130, 37, 127, -1,
      131, 68, 67, -1,
      131, 67, 132, -1,
      132, 67, 88, -1,
      132, 88, 133, -1,
      133, 88, 78, -1,
      133, 78, 134, -1,
      134, 78, 77, -1,
      134, 77, 135, -1,
      135, 77, 76, -1,
      135, 76, 136, -1,
      136, 76, 69, -1,
      136, 69, 137, -1,
      137, 69, 59, -1,
      137, 59, 128, -1,
      138, 55, 57, -1,
      138, 57, 139, -1,
      139, 57, 82, -1,
      139, 82, 140, -1,
      140, 82, 81, -1,
      140, 81, 141, -1,
      141, 81, 80, -1,
      141, 80, 142, -1,
      142, 80, 79, -1,
      142, 79, 143, -1,
      143, 79, 68, -1,
      143, 68, 131, -1,
      144, 51, 60, -1,
      144, 60, 145, -1,
      145, 60, 38, -1,
      145, 38, 146, -1,
      146, 38, 36, -1,
      146, 36, 147, -1,
      147, 36, 35, -1,
      147, 35, 148, -1,
      148, 35, 55, -1,
      148, 55, 138, -1,
      149, 61, 42, -1,
      149, 42, 150, -1,
      150, 42, 41, -1,
      150, 41, 151, -1,
      151, 41, 53, -1,
      151, 53, 152, -1,
      152, 53, 52, -1,
      152, 52, 153, -1,
      153, 52, 40, -1,
      153, 40, 154, -1,
      154, 40, 39, -1,
      154, 39, 155, -1,
      155, 39, 51, -1,
      155, 51, 144, -1,
      95, 54, 63, -1,
      95, 63, 156, -1,
      156, 63, 62, -1,
      156, 62, 157, -1,
      157, 62, 61, -1,
      157, 61, 149, -1,
      96, 95, 99, -1,
      99, 95, 156, -1,
      99, 156, 98, -1,
      98, 156, 157, -1,
      98, 157, 97, -1,
      97, 157, 149, -1,
      97, 149, 106, -1,
      106, 149, 150, -1,
      106, 150, 105, -1,
      105, 150, 151, -1,
      105, 151, 104, -1,
      104, 151, 152, -1,
      104, 152, 103, -1,
      103, 152, 153, -1,
      103, 153, 102, -1,
      102, 153, 154, -1,
      102, 154, 101, -1,
      101, 154, 155, -1,
      101, 155, 100, -1,
      100, 155, 144, -1,
      100, 144, 112, -1,
      112, 144, 145, -1,
      112, 145, 111, -1,
      111, 145, 146, -1,
      111, 146, 110, -1,
      110, 146, 147, -1,
      110, 147, 109, -1,
      109, 147, 148, -1,
      109, 148, 108, -1,
      108, 148, 138, -1,
      108, 138, 107, -1,
      107, 138, 139, -1,
      107, 139, 117, -1,
      117, 139, 140, -1,
      117, 140, 116, -1,
      116, 140, 141, -1,
      116, 141, 115, -1,
      115, 141, 142, -1,
      115, 142, 114, -1,
      114, 142, 143, -1,
      114, 143, 113, -1,
      113, 143, 131, -1,
      113, 131, 124, -1,
      124, 131, 132, -1,
      124, 132, 123, -1,
      123, 132, 133, -1,
      123, 133, 122, -1,
      122, 133, 134, -1,
      122, 134, 121, -1,
      121, 134, 135, -1,
      121, 135, 120, -1,
      120, 135, 136, -1,
      120, 136, 119, -1,
      119, 136, 137, -1,
      119, 137, 118, -1,
      118, 137, 128, -1,
      118, 128, 125, -1,
      125, 128, 129, -1,
      125, 129, 126, -1,
      126, 129, 130, -1,
      126, 130, 127, -1,
      158, 18, 26, -1,
      158, 26, 159, -1,
      159, 26, 25, -1,
      159, 25, 160, -1,
      160, 25, 24, -1,
      160, 24, 161, -1,
      161, 24, 14, -1,
      161, 14, 162, -1,
      162, 14, 13, -1,
      162, 13, 163, -1,
      163, 13, 12, -1,
      163, 12, 164, -1,
      164, 12, 17, -1,
      164, 17, 165, -1,
      166, 28, 167, -1,
      167, 28, 27, -1,
      27, 29, 167, -1,
      167, 29, 2, -1,
      167, 2, 168, -1,
      168, 2, 1, -1,
      168, 1, 169, -1,
      169, 1, 0, -1,
      169, 0, 170, -1,
      170, 0, 20, -1,
      170, 20, 171, -1,
      171, 20, 19, -1,
      171, 19, 172, -1,
      172, 19, 18, -1,
      172, 18, 158, -1,
      173, 22, 21, -1,
      173, 21, 174, -1,
      174, 21, 11, -1,
      174, 11, 175, -1,
      175, 11, 10, -1,
      175, 10, 176, -1,
      176, 10, 9, -1,
      176, 9, 177, -1,
      177, 9, 3, -1,
      177, 3, 178, -1,
      178, 3, 4, -1,
      178, 4, 179, -1,
      179, 4, 166, -1,
      166, 4, 5, -1,
      166, 5, 28, -1,
      165, 17, 16, -1,
      165, 16, 180, -1,
      180, 16, 15, -1,
      180, 15, 181, -1,
      181, 15, 7, -1,
      181, 7, 182, -1,
      182, 7, 6, -1,
      182, 6, 183, -1,
      183, 6, 8, -1,
      183, 8, 184, -1,
      184, 8, 23, -1,
      184, 23, 185, -1,
      185, 23, 22, -1,
      185, 22, 173, -1,
      186, 158, 187, -1,
      187, 158, 159, -1,
      187, 159, 188, -1,
      188, 159, 160, -1,
      188, 160, 189, -1,
      189, 160, 161, -1,
      189, 161, 190, -1,
      190, 161, 162, -1,
      190, 162, 191, -1,
      191, 162, 163, -1,
      191, 163, 192, -1,
      192, 163, 164, -1,
      192, 164, 193, -1,
      193, 164, 165, -1,
      193, 165, 194, -1,
      194, 165, 180, -1,
      194, 180, 195, -1,
      195, 180, 181, -1,
      195, 181, 196, -1,
      196, 181, 182, -1,
      196, 182, 197, -1,
      197, 182, 183, -1,
      197, 183, 198, -1,
      198, 183, 184, -1,
      198, 184, 199, -1,
      199, 184, 185, -1,
      199, 185, 200, -1,
      200, 185, 173, -1,
      200, 173, 201, -1,
      201, 173, 174, -1,
      201, 174, 202, -1,
      202, 174, 175, -1,
      202, 175, 203, -1,
      203, 175, 176, -1,
      203, 176, 204, -1,
      204, 176, 177, -1,
      204, 177, 205, -1,
      205, 177, 178, -1,
      205, 178, 206, -1,
      206, 178, 179, -1,
      206, 179, 207, -1,
      207, 179, 166, -1,
      207, 166, 208, -1,
      208, 166, 167, -1,
      208, 167, 209, -1,
      209, 167, 168, -1,
      209, 168, 210, -1,
      210, 168, 169, -1,
      210, 169, 211, -1,
      211, 169, 170, -1,
      211, 170, 212, -1,
      212, 170, 171, -1,
      212, 171, 213, -1,
      213, 171, 172, -1,
      213, 172, 186, -1,
      186, 172, 158, -1,
      186, 214, 215, -1,
      186, 215, 213, -1,
      213, 215, 216, -1,
      213, 216, 212, -1,
      212, 216, 217, -1,
      212, 217, 211, -1,
      211, 217, 218, -1,
      211, 218, 210, -1,
      210, 218, 219, -1,
      210, 219, 209, -1,
      209, 219, 220, -1,
      209, 220, 208, -1,
      208, 220, 221, -1,
      208, 221, 207, -1,
      207, 221, 222, -1,
      207, 222, 206, -1,
      206, 222, 223, -1,
      206, 223, 205, -1,
      205, 223, 224, -1,
      205, 224, 204, -1,
      204, 224, 225, -1,
      204, 225, 203, -1,
      203, 225, 226, -1,
      203, 226, 202, -1,
      202, 226, 227, -1,
      202, 227, 201, -1,
      201, 227, 228, -1,
      201, 228, 200, -1,
      200, 228, 229, -1,
      200, 229, 199, -1,
      199, 229, 230, -1,
      199, 230, 198, -1,
      198, 230, 231, -1,
      198, 231, 197, -1,
      197, 231, 232, -1,
      197, 232, 196, -1,
      196, 232, 233, -1,
      196, 233, 195, -1,
      195, 233, 234, -1,
      195, 234, 194, -1,
      194, 234, 235, -1,
      194, 235, 193, -1,
      193, 235, 236, -1,
      193, 236, 192, -1,
      192, 236, 237, -1,
      192, 237, 191, -1,
      191, 237, 238, -1,
      191, 238, 190, -1,
      190, 238, 239, -1,
      190, 239, 189, -1,
      189, 239, 240, -1,
      189, 240, 188, -1,
      188, 240, 241, -1,
      188, 241, 187, -1,
      187, 241, 214, -1,
      187, 214, 186, -1,
    ]
  }
}

Shape {
  appearance Appearance {
    material Material {
      diffuseColor 0.2510 0.2510 0.2510
      specularColor 0.0745 0.0745 0.0745
      ambientIntensity 0.2
      transparency 0.0000
      shininess 0.5
    }
  }
  geometry IndexedFaceSet {
    ccw TRUE
    solid FALSE
    coord DEF co Coordinate {
      point [
        0.027212 0.240533 0.594488,
        0.035936 0.240029 0.594488,
        0.048742 0.236922 0.594488,
        0.057990 0.232085 0.594488,
        0.065719 0.225279 0.594488,
        0.070593 0.218197 0.594488,
        0.073605 0.210266 0.594488,
        0.074857 0.199707 0.594488,
        0.073692 0.189138 0.594488,
        0.070920 0.181337 0.594488,
        0.066604 0.174765 0.594488,
        0.060459 0.168981 0.594488,
        0.051604 0.164052 0.594488,
        0.040946 0.161040 0.594488,
        0.026987 0.159872 0.594488,
        0.012424 0.161230 0.594488,
        0.001209 0.164896 0.594488,
        -0.006342 0.169544 0.594488,
        -0.011890 0.174994 0.594488,
        -0.016301 0.181894 0.594488,
        -0.019096 0.190079 0.594488,
        -0.020207 0.200698 0.594488,
        -0.019372 0.209285 0.594488,
        -0.016613 0.217524 0.594488,
        -0.012182 0.224471 0.594488,
        -0.005565 0.230837 0.594488,
        0.002943 0.235894 0.594488,
        0.013604 0.239259 0.594488,
      ]
    }
    coordIndex [
      13, 1, 14, -1,
      14, 1, 0, -1,
      14, 0, 15, -1,
      15, 0, 16, -1,
      5, 1, 6, -1,
      6, 1, 7, -1,
      26, 25, 22, -1,
      22, 25, 24, -1,
      22, 24, 23, -1,
      19, 18, 0, -1,
      0, 18, 17, -1,
      0, 17, 16, -1,
      5, 4, 1, -1,
      1, 4, 3, -1,
      1, 3, 2, -1,
      26, 22, 27, -1,
      27, 22, 21, -1,
      27, 21, 0, -1,
      0, 21, 20, -1,
      0, 20, 19, -1,
      13, 12, 1, -1,
      1, 12, 11, -1,
      1, 11, 10, -1,
      10, 9, 1, -1,
      1, 9, 8, -1,
      1, 8, 7, -1,
    ]
  }
}

Shape {
  appearance Appearance {
    material Material {
      diffuseColor 0.4510 0.4314 0.4196
      specularColor 0.0314 0.0314 0.0314
      ambientIntensity 0.2
      transparency 0.0000
      shininess 0.5
    }
  }
  geometry IndexedFaceSet {
    ccw TRUE
    solid FALSE
    coord DEF co Coordinate {
      point [
        0.028166 -0.090896 0.594488,
        0.050997 -0.099890 0.594488,
        0.045117 -0.097440 0.594488,
        0.039707 -0.093531 0.594488,
        0.034629 -0.087796 0.594488,
        0.032231 -0.083978 0.594488,
        0.057865 -0.033137 0.594488,
        0.065623 -0.034180 0.594488,
        0.071809 -0.036764 0.594488,
        0.028354 -0.042433 0.594488,
        0.032231 -0.050152 0.594488,
        0.037596 -0.042628 0.594488,
        0.077452 -0.040934 0.594488,
        0.082014 -0.046445 0.594488,
        0.085390 -0.053124 0.594488,
        0.009419 -0.028444 0.594488,
        0.016004 -0.031126 0.594488,
        0.022710 -0.035909 0.594488,
        0.083851 -0.084443 0.594488,
        0.079977 -0.090438 0.594488,
        0.022472 -0.096494 0.594488,
        0.014506 -0.101126 0.594488,
        -0.032026 -0.054921 0.594488,
        -0.028898 -0.046063 0.594488,
        -0.024114 -0.038744 0.594488,
        -0.018496 -0.033590 0.594488,
        -0.014504 -0.100063 0.594488,
        -0.021009 -0.095622 0.594488,
        -0.026226 -0.089709 0.594488,
        0.043277 -0.037731 0.594488,
        0.048955 -0.034756 0.594488,
        0.054411 -0.033378 0.594488,
        0.075136 -0.095110 0.594488,
        0.068988 -0.098653 0.594488,
        0.062960 -0.100419 0.594488,
        0.057865 -0.100835 0.594488,
        -0.011480 -0.029727 0.594488,
        -0.003748 -0.027710 0.594488,
        0.001398 -0.027376 0.594488,
        0.007077 -0.103263 0.594488,
        0.001398 -0.103715 0.594488,
        -0.007456 -0.102681 0.594488,
        -0.030020 -0.082599 0.594488,
        -0.032498 -0.073816 0.594488,
        -0.033171 -0.065500 0.594488,
        0.087100 -0.060081 0.594488,
        0.087505 -0.061730 0.594488,
        0.087820 -0.066941 0.594488,
        0.087100 -0.073321 0.594488,
        0.086738 -0.076527 0.594488,
        0.073416 0.048964 0.594488,
        0.073416 0.083533 0.594488,
        -0.031731 0.083533 0.594488,
        0.086380 0.048964 0.594488,
        -0.031731 0.099377 0.594488,
        0.073416 0.099377 0.594488,
        0.073416 0.132505 0.594488,
        0.086380 0.132505 0.594488,
        0.020123 -0.008651 0.594488,
        0.008600 -0.008651 0.594488,
        0.020123 0.036000 0.594488,
        0.008600 0.036000 0.594488,
        0.086380 0.048964 0.590551,
        0.073416 0.048964 0.590551,
        0.073416 0.083533 0.590551,
        -0.031731 0.083533 0.590551,
        -0.031731 0.099377 0.590551,
        0.073416 0.099377 0.590551,
        0.073416 0.132505 0.590551,
        0.086380 0.132505 0.590551,
        0.020123 -0.008651 0.590551,
        0.008600 -0.008651 0.590551,
        0.008600 0.036000 0.590551,
        0.020123 0.036000 0.590551,
        0.001398 -0.027376 0.590551,
        -0.003748 -0.027710 0.590551,
        -0.011480 -0.029727 0.590551,
        -0.018496 -0.033590 0.590551,
        -0.024114 -0.038744 0.590551,
        -0.028898 -0.046063 0.590551,
        -0.032026 -0.054921 0.590551,
        -0.033171 -0.065500 0.590551,
        0.032231 -0.050152 0.590551,
        0.028354 -0.042433 0.590551,
        0.022710 -0.035909 0.590551,
        0.016004 -0.031126 0.590551,
        0.009419 -0.028444 0.590551,
        0.057865 -0.033137 0.590551,
        0.054411 -0.033378 0.590551,
        0.048955 -0.034756 0.590551,
        0.043277 -0.037731 0.590551,
        0.037596 -0.042628 0.590551,
        0.087820 -0.066941 0.590551,
        0.087505 -0.061730 0.590551,
        0.085390 -0.053124 0.590551,
        0.082014 -0.046445 0.590551,
        0.077452 -0.040934 0.590551,
        0.071809 -0.036764 0.590551,
        0.065623 -0.034180 0.590551,
        0.086738 -0.076527 0.590551,
        0.083851 -0.084443 0.590551,
        0.079977 -0.090438 0.590551,
        0.075136 -0.095110 0.590551,
        0.068988 -0.098653 0.590551,
        0.062960 -0.100419 0.590551,
        0.057865 -0.100835 0.590551,
        0.032231 -0.083978 0.590551,
        0.034629 -0.087796 0.590551,
        0.039707 -0.093531 0.590551,
        0.045117 -0.097440 0.590551,
        0.050997 -0.099890 0.590551,
        0.001398 -0.103715 0.590551,
        0.007077 -0.103263 0.590551,
        0.014506 -0.101126 0.590551,
        0.022472 -0.096494 0.590551,
        0.028166 -0.090896 0.590551,
        -0.032498 -0.073816 0.590551,
        -0.030020 -0.082599 0.590551,
        -0.026226 -0.089709 0.590551,
        -0.021009 -0.095622 0.590551,
        -0.014504 -0.100063 0.590551,
        -0.007456 -0.102681 0.590551,
        0.037407 -0.066873 0.590551,
        0.038006 -0.062209 0.590551,
        0.024444 -0.065478 0.590551,
        0.011884 -0.043838 0.590551,
        0.015974 -0.046452 0.590551,
        0.038047 -0.071635 0.590551,
        0.019124 -0.049594 0.590551,
        0.021946 -0.053931 0.590551,
        0.023772 -0.059104 0.590551,
        0.074419 -0.071103 0.590551,
        0.074857 -0.066873 0.590551,
        0.074305 -0.062166 0.590551,
        0.072980 -0.058620 0.590551,
        0.070753 -0.055337 0.590551,
        0.067921 -0.052681 0.590551,
        0.063986 -0.050410 0.590551,
        0.059731 -0.049245 0.590551,
        0.002163 -0.089312 0.590551,
        0.008004 -0.088590 0.590551,
        0.012498 -0.086822 0.590551,
        0.016611 -0.083921 0.590551,
        0.020473 -0.079514 0.590551,
        0.022852 -0.074915 0.590551,
        0.056200 -0.048981 0.590551,
        0.051090 -0.049596 0.590551,
        0.047120 -0.051152 0.590551,
        0.043441 -0.053730 0.590551,
        0.041990 -0.055124 0.590551,
        0.039620 -0.058319 0.590551,
        0.006927 -0.042232 0.590551,
        0.002163 -0.041780 0.590551,
        -0.003671 -0.042383 0.590551,
        -0.008146 -0.043901 0.590551,
        -0.011950 -0.046271 0.590551,
        -0.015450 -0.049822 0.590551,
        -0.018082 -0.054290 0.590551,
        -0.019768 -0.060020 0.590551,
        -0.020207 -0.065478 0.590551,
        -0.019546 -0.071919 0.590551,
        -0.017735 -0.077200 0.590551,
        -0.014961 -0.081548 0.590551,
        -0.011822 -0.084670 0.590551,
        -0.007930 -0.087159 0.590551,
        -0.003333 -0.088732 0.590551,
        0.061231 -0.084399 0.590551,
        0.065249 -0.082868 0.590551,
        0.068874 -0.080353 0.590551,
        0.070852 -0.078321 0.590551,
        0.073032 -0.075054 0.590551,
        0.024187 -0.069498 0.590551,
        0.039571 -0.075320 0.590551,
        0.042102 -0.078754 0.590551,
        0.046235 -0.082196 0.590551,
        0.050014 -0.084006 0.590551,
        0.053981 -0.084869 0.590551,
        0.056200 -0.084991 0.590551,
        0.002163 -0.041780 0.594488,
        0.006927 -0.042232 0.594488,
        0.011884 -0.043838 0.594488,
        0.015974 -0.046452 0.594488,
        0.019124 -0.049594 0.594488,
        0.021946 -0.053931 0.594488,
        0.023772 -0.059104 0.594488,
        0.024444 -0.065478 0.594488,
        0.024187 -0.069498 0.594488,
        0.022852 -0.074915 0.594488,
        0.020473 -0.079514 0.594488,
        0.016611 -0.083921 0.594488,
        0.012498 -0.086822 0.594488,
        0.008004 -0.088590 0.594488,
        0.002163 -0.089312 0.594488,
        -0.003333 -0.088732 0.594488,
        -0.007930 -0.087159 0.594488,
        -0.011822 -0.084670 0.594488,
        -0.014961 -0.081548 0.594488,
        -0.017735 -0.077200 0.594488,
        -0.019546 -0.071919 0.594488,
        -0.020207 -0.065478 0.594488,
        -0.019768 -0.060020 0.594488,
        -0.018082 -0.054290 0.594488,
        -0.015450 -0.049822 0.594488,
        -0.011950 -0.046271 0.594488,
        -0.008146 -0.043901 0.594488,
        -0.003671 -0.042383 0.594488,
        0.056200 -0.048981 0.594488,
        0.059731 -0.049245 0.594488,
        0.063986 -0.050410 0.594488,
        0.067921 -0.052681 0.594488,
        0.070753 -0.055337 0.594488,
        0.072980 -0.058620 0.594488,
        0.074305 -0.062166 0.594488,
        0.074857 -0.066873 0.594488,
        0.074419 -0.071103 0.594488,
        0.073032 -0.075054 0.594488,
        0.070852 -0.078321 0.594488,
        0.068874 -0.080353 0.594488,
        0.065249 -0.082868 0.594488,
        0.061231 -0.084399 0.594488,
        0.056200 -0.084991 0.594488,
        0.053981 -0.084869 0.594488,
        0.050014 -0.084006 0.594488,
        0.046235 -0.082196 0.594488,
        0.042102 -0.078754 0.594488,
        0.039571 -0.075320 0.594488,
        0.038047 -0.071635 0.594488,
        0.037407 -0.066873 0.594488,
        0.038006 -0.062209 0.594488,
        0.039620 -0.058319 0.594488,
        0.041990 -0.055124 0.594488,
        0.043441 -0.053730 0.594488,
        0.047120 -0.051152 0.594488,
        0.051090 -0.049596 0.594488,
      ]
    }
    coordIndex [
      62, 63, 53, -1,
      53, 63, 50, -1,
      63, 64, 50, -1,
      50, 64, 51, -1,
      64, 65, 51, -1,
      51, 65, 52, -1,
      65, 66, 52, -1,
      52, 66, 54, -1,
      66, 67, 54, -1,
      54, 67, 55, -1,
      67, 68, 55, -1,
      55, 68, 56, -1,
      68, 69, 56, -1,
      56, 69, 57, -1,
      69, 62, 57, -1,
      57, 62, 53, -1,
      62, 69, 67, -1,
      67, 69, 68, -1,
      63, 62, 64, -1,
      64, 62, 67, -1,
      64, 67, 65, -1,
      65, 67, 66, -1,
      70, 71, 58, -1,
      58, 71, 59, -1,
      71, 72, 59, -1,
      59, 72, 61, -1,
      72, 73, 61, -1,
      61, 73, 60, -1,
      73, 70, 60, -1,
      60, 70, 58, -1,
      73, 72, 70, -1,
      70, 72, 71, -1,
      74, 38, 37, -1,
      74, 37, 75, -1,
      75, 37, 36, -1,
      75, 36, 76, -1,
      76, 36, 25, -1,
      76, 25, 77, -1,
      77, 25, 24, -1,
      77, 24, 78, -1,
      78, 24, 23, -1,
      78, 23, 79, -1,
      79, 23, 22, -1,
      79, 22, 80, -1,
      80, 22, 44, -1,
      80, 44, 81, -1,
      82, 10, 9, -1,
      82, 9, 83, -1,
      83, 9, 17, -1,
      83, 17, 84, -1,
      84, 17, 16, -1,
      84, 16, 85, -1,
      85, 16, 15, -1,
      85, 15, 86, -1,
      86, 15, 38, -1,
      86, 38, 74, -1,
      87, 6, 31, -1,
      87, 31, 88, -1,
      88, 31, 30, -1,
      88, 30, 89, -1,
      89, 30, 29, -1,
      89, 29, 90, -1,
      90, 29, 11, -1,
      90, 11, 91, -1,
      91, 11, 10, -1,
      91, 10, 82, -1,
      92, 47, 46, -1,
      92, 46, 93, -1,
      93, 46, 45, -1,
      93, 45, 94, -1,
      45, 14, 94, -1,
      94, 14, 13, -1,
      94, 13, 95, -1,
      95, 13, 12, -1,
      95, 12, 96, -1,
      96, 12, 8, -1,
      96, 8, 97, -1,
      97, 8, 7, -1,
      97, 7, 98, -1,
      98, 7, 6, -1,
      98, 6, 87, -1,
      47, 92, 48, -1,
      48, 92, 99, -1,
      48, 99, 49, -1,
      49, 99, 100, -1,
      49, 100, 18, -1,
      18, 100, 101, -1,
      18, 101, 19, -1,
      19, 101, 102, -1,
      19, 102, 32, -1,
      32, 102, 103, -1,
      32, 103, 33, -1,
      33, 103, 104, -1,
      33, 104, 34, -1,
      34, 104, 105, -1,
      34, 105, 35, -1,
      106, 5, 4, -1,
      106, 4, 107, -1,
      107, 4, 3, -1,
      107, 3, 108, -1,
      108, 3, 2, -1,
      108, 2, 109, -1,
      109, 2, 1, -1,
      109, 1, 110, -1,
      110, 1, 35, -1,
      110, 35, 105, -1,
      111, 40, 39, -1,
      111, 39, 112, -1,
      112, 39, 21, -1,
      112, 21, 113, -1,
      113, 21, 20, -1,
      113, 20, 114, -1,
      114, 20, 0, -1,
      114, 0, 115, -1,
      115, 0, 5, -1,
      115, 5, 106, -1,
      81, 44, 43, -1,
      81, 43, 116, -1,
      116, 43, 42, -1,
      116, 42, 117, -1,
      117, 42, 28, -1,
      117, 28, 118, -1,
      118, 28, 27, -1,
      118, 27, 119, -1,
      119, 27, 26, -1,
      119, 26, 120, -1,
      120, 26, 41, -1,
      120, 41, 121, -1,
      121, 41, 40, -1,
      121, 40, 111, -1,
      122, 123, 124, -1,
      125, 126, 82, -1,
      122, 124, 127, -1,
      126, 128, 82, -1,
      82, 128, 129, -1,
      82, 129, 123, -1,
      123, 129, 130, -1,
      123, 130, 124, -1,
      100, 99, 131, -1,
      131, 99, 132, -1,
      132, 99, 92, -1,
      132, 92, 133, -1,
      133, 92, 93, -1,
      133, 93, 134, -1,
      134, 93, 94, -1,
      134, 94, 135, -1,
      135, 94, 95, -1,
      135, 95, 136, -1,
      136, 95, 96, -1,
      136, 96, 137, -1,
      137, 96, 97, -1,
      137, 97, 138, -1,
      139, 112, 140, -1,
      140, 112, 113, -1,
      140, 113, 141, -1,
      141, 113, 114, -1,
      141, 114, 142, -1,
      142, 114, 115, -1,
      142, 115, 143, -1,
      143, 115, 106, -1,
      143, 106, 144, -1,
      97, 98, 138, -1,
      138, 98, 87, -1,
      138, 87, 145, -1,
      145, 87, 88, -1,
      145, 88, 146, -1,
      146, 88, 89, -1,
      146, 89, 147, -1,
      147, 89, 90, -1,
      147, 90, 148, -1,
      148, 90, 91, -1,
      148, 91, 149, -1,
      149, 91, 82, -1,
      149, 82, 150, -1,
      150, 82, 123, -1,
      84, 85, 151, -1,
      151, 85, 86, -1,
      151, 86, 152, -1,
      152, 86, 74, -1,
      152, 74, 153, -1,
      153, 74, 75, -1,
      153, 75, 154, -1,
      154, 75, 76, -1,
      154, 76, 155, -1,
      155, 76, 77, -1,
      155, 77, 156, -1,
      156, 77, 78, -1,
      156, 78, 157, -1,
      157, 78, 79, -1,
      157, 79, 158, -1,
      158, 79, 80, -1,
      158, 80, 159, -1,
      159, 80, 81, -1,
      159, 81, 160, -1,
      160, 81, 116, -1,
      160, 116, 161, -1,
      161, 116, 117, -1,
      161, 117, 162, -1,
      162, 117, 118, -1,
      162, 118, 163, -1,
      163, 118, 119, -1,
      163, 119, 164, -1,
      164, 119, 120, -1,
      164, 120, 165, -1,
      165, 120, 121, -1,
      165, 121, 139, -1,
      139, 121, 111, -1,
      139, 111, 112, -1,
      166, 103, 167, -1,
      167, 103, 102, -1,
      167, 102, 168, -1,
      168, 102, 101, -1,
      168, 101, 169, -1,
      169, 101, 100, -1,
      169, 100, 170, -1,
      170, 100, 131, -1,
      124, 171, 127, -1,
      127, 171, 144, -1,
      127, 144, 172, -1,
      172, 144, 106, -1,
      172, 106, 173, -1,
      173, 106, 107, -1,
      173, 107, 174, -1,
      174, 107, 108, -1,
      174, 108, 175, -1,
      175, 108, 109, -1,
      175, 109, 176, -1,
      176, 109, 110, -1,
      176, 110, 177, -1,
      177, 110, 105, -1,
      177, 105, 166, -1,
      166, 105, 104, -1,
      166, 104, 103, -1,
      125, 82, 151, -1,
      151, 82, 83, -1,
      151, 83, 84, -1,
      152, 178, 179, -1,
      152, 179, 151, -1,
      151, 179, 180, -1,
      151, 180, 125, -1,
      125, 180, 181, -1,
      125, 181, 126, -1,
      126, 181, 182, -1,
      126, 182, 128, -1,
      128, 182, 183, -1,
      128, 183, 129, -1,
      129, 183, 184, -1,
      129, 184, 130, -1,
      130, 184, 185, -1,
      130, 185, 124, -1,
      124, 185, 186, -1,
      124, 186, 171, -1,
      171, 186, 187, -1,
      171, 187, 144, -1,
      144, 187, 188, -1,
      144, 188, 143, -1,
      143, 188, 189, -1,
      143, 189, 142, -1,
      142, 189, 190, -1,
      142, 190, 141, -1,
      141, 190, 191, -1,
      141, 191, 140, -1,
      140, 191, 192, -1,
      140, 192, 139, -1,
      139, 192, 193, -1,
      139, 193, 165, -1,
      165, 193, 194, -1,
      165, 194, 164, -1,
      164, 194, 195, -1,
      164, 195, 163, -1,
      163, 195, 196, -1,
      163, 196, 162, -1,
      162, 196, 197, -1,
      162, 197, 161, -1,
      161, 197, 198, -1,
      161, 198, 160, -1,
      160, 198, 199, -1,
      160, 199, 159, -1,
      159, 199, 200, -1,
      159, 200, 158, -1,
      158, 200, 201, -1,
      158, 201, 157, -1,
      157, 201, 202, -1,
      157, 202, 156, -1,
      156, 202, 203, -1,
      156, 203, 155, -1,
      155, 203, 204, -1,
      155, 204, 154, -1,
      154, 204, 205, -1,
      154, 205, 153, -1,
      153, 205, 178, -1,
      153, 178, 152, -1,
      145, 206, 207, -1,
      145, 207, 138, -1,
      138, 207, 208, -1,
      138, 208, 137, -1,
      137, 208, 209, -1,
      137, 209, 136, -1,
      136, 209, 210, -1,
      136, 210, 135, -1,
      135, 210, 211, -1,
      135, 211, 134, -1,
      134, 211, 212, -1,
      134, 212, 133, -1,
      133, 212, 213, -1,
      133, 213, 132, -1,
      132, 213, 214, -1,
      132, 214, 131, -1,
      131, 214, 215, -1,
      131, 215, 170, -1,
      170, 215, 216, -1,
      170, 216, 169, -1,
      169, 216, 217, -1,
      169, 217, 168, -1,
      168, 217, 218, -1,
      168, 218, 167, -1,
      167, 218, 219, -1,
      167, 219, 166, -1,
      166, 219, 220, -1,
      166, 220, 177, -1,
      177, 220, 221, -1,
      177, 221, 176, -1,
      176, 221, 222, -1,
      176, 222, 175, -1,
      175, 222, 223, -1,
      175, 223, 174, -1,
      174, 223, 224, -1,
      174, 224, 173, -1,
      173, 224, 225, -1,
      173, 225, 172, -1,
      172, 225, 226, -1,
      172, 226, 127, -1,
      127, 226, 227, -1,
      127, 227, 122, -1,
      122, 227, 228, -1,
      122, 228, 123, -1,
      123, 228, 229, -1,
      123, 229, 150, -1,
      150, 229, 230, -1,
      150, 230, 149, -1,
      149, 230, 231, -1,
      149, 231, 148, -1,
      148, 231, 232, -1,
      148, 232, 147, -1,
      147, 232, 233, -1,
      147, 233, 146, -1,
      146, 233, 206, -1,
      146, 206, 145, -1,
    ]
  }
}

Shape {
  appearance Appearance {
    material Material {
      diffuseColor 0.2510 0.2510 0.2510
      specularColor 0.0745 0.0745 0.0745
      ambientIntensity 0.2
      transparency 0.0000
      shininess 0.5
    }
  }
  geometry IndexedFaceSet {
    ccw TRUE
    solid FALSE
    coord DEF co Coordinate {
      point [
        0.002163 -0.041780 0.594488,
        0.006927 -0.042232 0.594488,
        0.011884 -0.043838 0.594488,
        0.015974 -0.046452 0.594488,
        0.019124 -0.049594 0.594488,
        0.021946 -0.053931 0.594488,
        0.023772 -0.059104 0.594488,
        0.024444 -0.065478 0.594488,
        0.024187 -0.069498 0.594488,
        0.022852 -0.074915 0.594488,
        0.020473 -0.079514 0.594488,
        0.016611 -0.083921 0.594488,
        0.012498 -0.086822 0.594488,
        0.008004 -0.088590 0.594488,
        0.002163 -0.089312 0.594488,
        -0.003333 -0.088732 0.594488,
        -0.007930 -0.087159 0.594488,
        -0.011822 -0.084670 0.594488,
        -0.014961 -0.081548 0.594488,
        -0.017735 -0.077200 0.594488,
        -0.019546 -0.071919 0.594488,
        -0.020207 -0.065478 0.594488,
        -0.019768 -0.060020 0.594488,
        -0.018082 -0.054290 0.594488,
        -0.015450 -0.049822 0.594488,
        -0.011950 -0.046271 0.594488,
        -0.008146 -0.043901 0.594488,
        -0.003671 -0.042383 0.594488,
        0.056200 -0.048981 0.594488,
        0.059731 -0.049245 0.594488,
        0.063986 -0.050410 0.594488,
        0.067921 -0.052681 0.594488,
        0.070753 -0.055337 0.594488,
        0.072980 -0.058620 0.594488,
        0.074305 -0.062166 0.594488,
        0.074857 -0.066873 0.594488,
        0.074419 -0.071103 0.594488,
        0.073032 -0.075054 0.594488,
        0.070852 -0.078321 0.594488,
        0.068874 -0.080353 0.594488,
        0.065249 -0.082868 0.594488,
        0.061231 -0.084399 0.594488,
        0.056200 -0.084991 0.594488,
        0.053981 -0.084869 0.594488,
        0.050014 -0.084006 0.594488,
        0.046235 -0.082196 0.594488,
        0.042102 -0.078754 0.594488,
        0.039571 -0.075320 0.594488,
        0.038047 -0.071635 0.594488,
        0.037407 -0.066873 0.594488,
        0.038006 -0.062209 0.594488,
        0.039620 -0.058319 0.594488,
        0.041990 -0.055124 0.594488,
        0.043441 -0.053730 0.594488,
        0.047120 -0.051152 0.594488,
        0.051090 -0.049596 0.594488,
      ]
    }
    coordIndex [
      7, 21, 8, -1,
      8, 21, 20, -1,
      17, 16, 8, -1,
      8, 16, 15, -1,
      8, 15, 14, -1,
      27, 7, 0, -1,
      0, 7, 6, -1,
      0, 6, 5, -1,
      5, 4, 0, -1,
      0, 4, 3, -1,
      0, 3, 1, -1,
      1, 3, 2, -1,
      20, 19, 8, -1,
      8, 19, 18, -1,
      8, 18, 17, -1,
      27, 26, 7, -1,
      7, 26, 25, -1,
      7, 25, 24, -1,
      11, 14, 12, -1,
      12, 14, 13, -1,
      11, 10, 14, -1,
      14, 10, 9, -1,
      14, 9, 8, -1,
      24, 23, 7, -1,
      7, 23, 22, -1,
      7, 22, 21, -1,
      41, 40, 53, -1,
      53, 40, 39, -1,
      53, 39, 38, -1,
      45, 44, 52, -1,
      52, 44, 43, -1,
      52, 43, 53, -1,
      53, 43, 42, -1,
      53, 42, 41, -1,
      28, 38, 29, -1,
      29, 38, 37, -1,
      34, 33, 35, -1,
      35, 33, 32, -1,
      35, 32, 31, -1,
      28, 55, 38, -1,
      38, 55, 54, -1,
      38, 54, 53, -1,
      37, 36, 29, -1,
      29, 36, 35, -1,
      29, 35, 30, -1,
      30, 35, 31, -1,
      51, 47, 52, -1,
      52, 47, 46, -1,
      52, 46, 45, -1,
      50, 49, 51, -1,
      51, 49, 48, -1,
      51, 48, 47, -1,
    ]
  }
}

Shape {
  appearance Appearance {
    material Material {
      diffuseColor 0.4510 0.4314 0.4196
      specularColor 0.0314 0.0314 0.0314
      ambientIntensity 0.2
      transparency 0.0000
      shininess 0.5
    }
  }
  geometry IndexedFaceSet {
    ccw TRUE
    solid FALSE
    coord DEF co Coordinate {
      point [
        0.011562 -0.176876 0.594488,
        0.026335 -0.177867 0.594488,
        0.026335 -0.177839 0.594488,
        -0.028655 -0.165299 0.594488,
        -0.031967 -0.156093 0.594488,
        0.026402 -0.178007 0.594488,
        0.026361 -0.177942 0.594488,
        0.026342 -0.177899 0.594488,
        -0.017205 -0.158783 0.594488,
        -0.013556 -0.164330 0.594488,
        0.026345 -0.177806 0.594488,
        -0.008623 -0.168922 0.594488,
        -0.000887 -0.173335 0.594488,
        0.084437 -0.171448 0.594488,
        0.086877 -0.164616 0.594488,
        0.087100 -0.162583 0.594488,
        -0.033171 -0.144878 0.594488,
        -0.031771 -0.133883 0.594488,
        0.020577 -0.173859 0.594488,
        0.016546 -0.169510 0.594488,
        -0.018657 -0.133917 0.594488,
        0.012534 -0.143093 0.594488,
        -0.014086 -0.123880 0.594488,
        0.015208 -0.136120 0.594488,
        0.067454 -0.122249 0.594488,
        0.075452 -0.127578 0.594488,
        0.079019 -0.131113 0.594488,
        0.083580 -0.137686 0.594488,
        -0.004281 -0.186583 0.594488,
        -0.015543 -0.180370 0.594488,
        -0.023230 -0.173384 0.594488,
        0.026385 -0.177737 0.594488,
        0.026402 -0.177714 0.594488,
        0.019654 -0.129795 0.594488,
        0.025298 -0.124743 0.594488,
        0.032936 -0.120701 0.594488,
        0.080540 -0.177339 0.594488,
        0.075254 -0.182368 0.594488,
        0.066821 -0.187346 0.594488,
        0.041057 -0.118625 0.594488,
        0.048165 -0.118119 0.594488,
        0.058837 -0.119247 0.594488,
        0.013794 -0.164613 0.594488,
        0.012026 -0.158583 0.594488,
        -0.019378 -0.152570 0.594488,
        0.011480 -0.151968 0.594488,
        -0.020207 -0.144833 0.594488,
        -0.020180 -0.143447 0.594488,
        -0.027049 -0.123880 0.594488,
        -0.028726 -0.126493 0.594488,
        0.053346 -0.191417 0.594488,
        0.034166 -0.193018 0.594488,
        0.011829 -0.191196 0.594488,
        0.086575 -0.145507 0.594488,
        0.087100 -0.149940 0.594488,
        0.087820 -0.156019 0.594488,
        -0.027049 -0.123880 0.590551,
        -0.014086 -0.123880 0.590551,
        -0.020207 -0.144833 0.590551,
        -0.020180 -0.143447 0.590551,
        -0.018657 -0.133917 0.590551,
        0.026402 -0.178007 0.590551,
        0.011562 -0.176876 0.590551,
        -0.000887 -0.173335 0.590551,
        -0.008623 -0.168922 0.590551,
        -0.013556 -0.164330 0.590551,
        -0.017205 -0.158783 0.590551,
        -0.019378 -0.152570 0.590551,
        0.026402 -0.177714 0.590551,
        0.026385 -0.177737 0.590551,
        0.026345 -0.177806 0.590551,
        0.026335 -0.177839 0.590551,
        0.026335 -0.177867 0.590551,
        0.026342 -0.177899 0.590551,
        0.026361 -0.177942 0.590551,
        0.011480 -0.151968 0.590551,
        0.012026 -0.158583 0.590551,
        0.013794 -0.164613 0.590551,
        0.016546 -0.169510 0.590551,
        0.020577 -0.173859 0.590551,
        0.048165 -0.118119 0.590551,
        0.041057 -0.118625 0.590551,
        0.032936 -0.120701 0.590551,
        0.025298 -0.124743 0.590551,
        0.019654 -0.129795 0.590551,
        0.015208 -0.136120 0.590551,
        0.012534 -0.143093 0.590551,
        0.087820 -0.156019 0.590551,
        0.086575 -0.145507 0.590551,
        0.083580 -0.137686 0.590551,
        0.079019 -0.131113 0.590551,
        0.075452 -0.127578 0.590551,
        0.067454 -0.122249 0.590551,
        0.058837 -0.119247 0.590551,
        0.086877 -0.164616 0.590551,
        0.084437 -0.171448 0.590551,
        0.080540 -0.177339 0.590551,
        0.075254 -0.182368 0.590551,
        0.066821 -0.187346 0.590551,
        0.053346 -0.191417 0.590551,
        0.034166 -0.193018 0.590551,
        -0.033171 -0.144878 0.590551,
        -0.031967 -0.156093 0.590551,
        -0.028655 -0.165299 0.590551,
        -0.023230 -0.173384 0.590551,
        -0.015543 -0.180370 0.590551,
        -0.004281 -0.186583 0.590551,
        0.011829 -0.191196 0.590551,
        -0.028726 -0.126493 0.590551,
        -0.031771 -0.133883 0.590551,
        0.054716 -0.176314 0.590551,
        0.045892 -0.177174 0.590551,
        0.042706 -0.176972 0.590551,
        0.037868 -0.175737 0.590551,
        0.033592 -0.173468 0.590551,
        0.029785 -0.170145 0.590551,
        0.026844 -0.166023 0.590551,
        0.025094 -0.161548 0.590551,
        0.024444 -0.156041 0.590551,
        0.024895 -0.151034 0.590551,
        0.026259 -0.146572 0.590551,
        0.028733 -0.142508 0.590551,
        0.031968 -0.139298 0.590551,
        0.061643 -0.174073 0.590551,
        0.067420 -0.170525 0.590551,
        0.070895 -0.167059 0.590551,
        0.073209 -0.163280 0.590551,
        0.074567 -0.158715 0.590551,
        0.074857 -0.155163 0.590551,
        0.074139 -0.149696 0.590551,
        0.072464 -0.145615 0.590551,
        0.069859 -0.142040 0.590551,
        0.065165 -0.138100 0.590551,
        0.059617 -0.135439 0.590551,
        0.053640 -0.134158 0.590551,
        0.049875 -0.133963 0.590551,
        0.042546 -0.134631 0.590551,
        0.036723 -0.136439 0.590551,
        0.049875 -0.133963 0.594488,
        0.053640 -0.134158 0.594488,
        0.059617 -0.135439 0.594488,
        0.065165 -0.138100 0.594488,
        0.069859 -0.142040 0.594488,
        0.072464 -0.145615 0.594488,
        0.074139 -0.149696 0.594488,
        0.074857 -0.155163 0.594488,
        0.074567 -0.158715 0.594488,
        0.073209 -0.163280 0.594488,
        0.070895 -0.167059 0.594488,
        0.067420 -0.170525 0.594488,
        0.061643 -0.174073 0.594488,
        0.054716 -0.176314 0.594488,
        0.045892 -0.177174 0.594488,
        0.042706 -0.176972 0.594488,
        0.037868 -0.175737 0.594488,
        0.033592 -0.173468 0.594488,
        0.029785 -0.170145 0.594488,
        0.026844 -0.166023 0.594488,
        0.025094 -0.161548 0.594488,
        0.024444 -0.156041 0.594488,
        0.024895 -0.151034 0.594488,
        0.026259 -0.146572 0.594488,
        0.028733 -0.142508 0.594488,
        0.031968 -0.139298 0.594488,
        0.036723 -0.136439 0.594488,
        0.042546 -0.134631 0.594488,
      ]
    }
    coordIndex [
      56, 57, 48, -1,
      48, 57, 22, -1,
      58, 46, 47, -1,
      58, 47, 59, -1,
      59, 47, 20, -1,
      59, 20, 60, -1,
      60, 20, 22, -1,
      60, 22, 57, -1,
      61, 5, 0, -1,
      61, 0, 62, -1,
      62, 0, 12, -1,
      62, 12, 63, -1,
      63, 12, 11, -1,
      63, 11, 64, -1,
      64, 11, 9, -1,
      64, 9, 65, -1,
      65, 9, 8, -1,
      65, 8, 66, -1,
      66, 8, 44, -1,
      66, 44, 67, -1,
      67, 44, 46, -1,
      67, 46, 58, -1,
      68, 32, 31, -1,
      68, 31, 69, -1,
      69, 31, 10, -1,
      69, 10, 70, -1,
      70, 10, 2, -1,
      70, 2, 71, -1,
      71, 2, 1, -1,
      71, 1, 72, -1,
      72, 1, 7, -1,
      72, 7, 73, -1,
      73, 7, 6, -1,
      73, 6, 74, -1,
      74, 6, 5, -1,
      74, 5, 61, -1,
      75, 45, 43, -1,
      75, 43, 76, -1,
      76, 43, 42, -1,
      76, 42, 77, -1,
      77, 42, 19, -1,
      77, 19, 78, -1,
      78, 19, 18, -1,
      78, 18, 79, -1,
      79, 18, 32, -1,
      79, 32, 68, -1,
      80, 40, 39, -1,
      80, 39, 81, -1,
      81, 39, 35, -1,
      81, 35, 82, -1,
      82, 35, 34, -1,
      82, 34, 83, -1,
      83, 34, 33, -1,
      83, 33, 84, -1,
      84, 33, 23, -1,
      84, 23, 85, -1,
      85, 23, 21, -1,
      85, 21, 86, -1,
      86, 21, 45, -1,
      86, 45, 75, -1,
      87, 55, 88, -1,
      88, 55, 54, -1,
      54, 53, 88, -1,
      88, 53, 27, -1,
      88, 27, 89, -1,
      89, 27, 26, -1,
      89, 26, 90, -1,
      90, 26, 25, -1,
      90, 25, 91, -1,
      91, 25, 24, -1,
      91, 24, 92, -1,
      92, 24, 41, -1,
      92, 41, 93, -1,
      93, 41, 40, -1,
      93, 40, 80, -1,
      55, 87, 15, -1,
      15, 87, 94, -1,
      15, 94, 14, -1,
      14, 94, 95, -1,
      14, 95, 13, -1,
      13, 95, 96, -1,
      13, 96, 36, -1,
      36, 96, 97, -1,
      36, 97, 37, -1,
      37, 97, 98, -1,
      37, 98, 38, -1,
      38, 98, 99, -1,
      38, 99, 50, -1,
      50, 99, 100, -1,
      50, 100, 51, -1,
      101, 16, 4, -1,
      101, 4, 102, -1,
      102, 4, 3, -1,
      102, 3, 103, -1,
      103, 3, 30, -1,
      103, 30, 104, -1,
      104, 30, 29, -1,
      104, 29, 105, -1,
      105, 29, 28, -1,
      105, 28, 106, -1,
      106, 28, 52, -1,
      106, 52, 107, -1,
      107, 52, 51, -1,
      107, 51, 100, -1,
      56, 48, 49, -1,
      56, 49, 108, -1,
      108, 49, 17, -1,
      108, 17, 109, -1,
      109, 17, 16, -1,
      109, 16, 101, -1,
      60, 57, 56, -1,
      99, 110, 111, -1,
      61, 62, 107, -1,
      56, 108, 60, -1,
      60, 108, 109, -1,
      60, 109, 59, -1,
      59, 109, 101, -1,
      68, 111, 112, -1,
      107, 62, 106, -1,
      106, 62, 63, -1,
      106, 63, 105, -1,
      105, 63, 64, -1,
      105, 64, 104, -1,
      104, 64, 65, -1,
      104, 65, 103, -1,
      103, 65, 66, -1,
      103, 66, 102, -1,
      102, 66, 67, -1,
      102, 67, 101, -1,
      101, 67, 58, -1,
      101, 58, 59, -1,
      107, 100, 61, -1,
      61, 100, 99, -1,
      61, 99, 74, -1,
      74, 99, 73, -1,
      112, 113, 68, -1,
      68, 113, 114, -1,
      68, 114, 79, -1,
      79, 114, 115, -1,
      79, 115, 78, -1,
      78, 115, 116, -1,
      78, 116, 77, -1,
      77, 116, 117, -1,
      77, 117, 76, -1,
      76, 117, 118, -1,
      76, 118, 75, -1,
      75, 118, 119, -1,
      75, 119, 86, -1,
      86, 119, 120, -1,
      86, 120, 85, -1,
      85, 120, 121, -1,
      85, 121, 84, -1,
      84, 121, 122, -1,
      111, 68, 99, -1,
      99, 68, 69, -1,
      99, 69, 70, -1,
      70, 71, 99, -1,
      99, 71, 72, -1,
      99, 72, 73, -1,
      110, 99, 123, -1,
      123, 99, 98, -1,
      123, 98, 124, -1,
      124, 98, 97, -1,
      124, 97, 125, -1,
      125, 97, 96, -1,
      125, 96, 126, -1,
      126, 96, 95, -1,
      126, 95, 127, -1,
      127, 95, 94, -1,
      127, 94, 128, -1,
      128, 94, 87, -1,
      128, 87, 129, -1,
      129, 87, 88, -1,
      129, 88, 130, -1,
      130, 88, 89, -1,
      130, 89, 131, -1,
      131, 89, 90, -1,
      131, 90, 132, -1,
      132, 90, 91, -1,
      132, 91, 133, -1,
      133, 91, 92, -1,
      133, 92, 134, -1,
      134, 92, 93, -1,
      134, 93, 135, -1,
      135, 93, 80, -1,
      135, 80, 136, -1,
      136, 80, 81, -1,
      136, 81, 137, -1,
      137, 81, 82, -1,
      137, 82, 122, -1,
      122, 82, 83, -1,
      122, 83, 84, -1,
      135, 138, 139, -1,
      135, 139, 134, -1,
      134, 139, 140, -1,
      134, 140, 133, -1,
      133, 140, 141, -1,
      133, 141, 132, -1,
      132, 141, 142, -1,
      132, 142, 131, -1,
      131, 142, 143, -1,
      131, 143, 130, -1,
      130, 143, 144, -1,
      130, 144, 129, -1,
      129, 144, 145, -1,
      129, 145, 128, -1,
      128, 145, 146, -1,
      128, 146, 127, -1,
      127, 146, 147, -1,
      127, 147, 126, -1,
      126, 147, 148, -1,
      126, 148, 125, -1,
      125, 148, 149, -1,
      125, 149, 124, -1,
      124, 149, 150, -1,
      124, 150, 123, -1,
      123, 150, 151, -1,
      123, 151, 110, -1,
      110, 151, 152, -1,
      110, 152, 111, -1,
      111, 152, 153, -1,
      111, 153, 112, -1,
      112, 153, 154, -1,
      112, 154, 113, -1,
      113, 154, 155, -1,
      113, 155, 114, -1,
      114, 155, 156, -1,
      114, 156, 115, -1,
      115, 156, 157, -1,
      115, 157, 116, -1,
      116, 157, 158, -1,
      116, 158, 117, -1,
      117, 158, 159, -1,
      117, 159, 118, -1,
      118, 159, 160, -1,
      118, 160, 119, -1,
      119, 160, 161, -1,
      119, 161, 120, -1,
      120, 161, 162, -1,
      120, 162, 121, -1,
      121, 162, 163, -1,
      121, 163, 122, -1,
      122, 163, 164, -1,
      122, 164, 137, -1,
      137, 164, 165, -1,
      137, 165, 136, -1,
      136, 165, 138, -1,
      136, 138, 135, -1,
    ]
  }
}

Shape {
  appearance Appearance {
    material Material {
      diffuseColor 0.2510 0.2510 0.2510
      specularColor 0.0745 0.0745 0.0745
      ambientIntensity 0.2
      transparency 0.0000
      shininess 0.5
    }
  }
  geometry IndexedFaceSet {
    ccw TRUE
    solid FALSE
    coord DEF co Coordinate {
      point [
        0.049875 -0.133963 0.594488,
        0.053640 -0.134158 0.594488,
        0.059617 -0.135439 0.594488,
        0.065165 -0.138100 0.594488,
        0.069859 -0.142040 0.594488,
        0.072464 -0.145615 0.594488,
        0.074139 -0.149696 0.594488,
        0.074857 -0.155163 0.594488,
        0.074567 -0.158715 0.594488,
        0.073209 -0.163280 0.594488,
        0.070895 -0.167059 0.594488,
        0.067420 -0.170525 0.594488,
        0.061643 -0.174073 0.594488,
        0.054716 -0.176314 0.594488,
        0.045892 -0.177174 0.594488,
        0.042706 -0.176972 0.594488,
        0.037868 -0.175737 0.594488,
        0.033592 -0.173468 0.594488,
        0.029785 -0.170145 0.594488,
        0.026844 -0.166023 0.594488,
        0.025094 -0.161548 0.594488,
        0.024444 -0.156041 0.594488,
        0.024895 -0.151034 0.594488,
        0.026259 -0.146572 0.594488,
        0.028733 -0.142508 0.594488,
        0.031968 -0.139298 0.594488,
        0.036723 -0.136439 0.594488,
        0.042546 -0.134631 0.594488,
      ]
    }
    coordIndex [
      11, 10, 1, -1,
      1, 10, 9, -1,
      26, 15, 27, -1,
      27, 15, 14, -1,
      27, 14, 0, -1,
      0, 14, 13, -1,
      0, 13, 1, -1,
      1, 13, 12, -1,
      1, 12, 11, -1,
      9, 8, 1, -1,
      1, 8, 7, -1,
      1, 7, 2, -1,
      2, 7, 6, -1,
      6, 5, 2, -1,
      2, 5, 4, -1,
      2, 4, 3, -1,
      26, 25, 15, -1,
      15, 25, 24, -1,
      15, 24, 23, -1,
      23, 22, 15, -1,
      15, 22, 21, -1,
      15, 21, 16, -1,
      16, 21, 17, -1,
      20, 19, 21, -1,
      21, 19, 18, -1,
      21, 18, 17, -1,
    ]
  }
}

Shape {
  appearance Appearance {
    material Material {
      diffuseColor 0.4510 0.4314 0.4196
      specularColor 0.0314 0.0314 0.0314
      ambientIntensity 0.2
      transparency 0.0000
      shininess 0.5
    }
  }
  geometry IndexedFaceSet {
    ccw TRUE
    solid FALSE
    coord DEF co Coordinate {
      point [
        -0.014086 -0.282321 0.594488,
        -0.018616 -0.294143 0.594488,
        -0.020207 -0.306695 0.594488,
        0.020123 -0.257835 0.594488,
        0.008600 -0.257835 0.594488,
        0.026334 -0.283761 0.594488,
        0.086380 -0.344257 0.594488,
        0.073416 -0.344257 0.594488,
        -0.012593 -0.346148 0.594488,
        -0.019781 -0.341291 0.594488,
        0.020123 -0.213183 0.594488,
        0.008600 -0.213183 0.594488,
        -0.028557 -0.282321 0.594488,
        0.027103 -0.293808 0.594488,
        0.027324 -0.303881 0.594488,
        0.021946 -0.325233 0.594488,
        0.023493 -0.322660 0.594488,
        -0.004913 -0.348924 0.594488,
        0.026024 -0.315812 0.594488,
        0.027310 -0.304972 0.594488,
        -0.019457 -0.314513 0.594488,
        -0.000433 -0.333830 0.594488,
        0.004076 -0.334174 0.594488,
        0.010136 -0.333482 0.594488,
        0.039274 -0.320831 0.594488,
        0.036558 -0.330040 0.594488,
        0.031956 -0.337974 0.594488,
        0.026844 -0.343176 0.594488,
        -0.033171 -0.307325 0.594488,
        -0.032324 -0.294526 0.594488,
        -0.030119 -0.285670 0.594488,
        0.014654 -0.331801 0.594488,
        0.018707 -0.328967 0.594488,
        0.040288 -0.309103 0.594488,
        0.073416 -0.300663 0.594488,
        0.039838 -0.298165 0.594488,
        -0.025737 -0.334550 0.594488,
        -0.029931 -0.326580 0.594488,
        -0.032741 -0.314985 0.594488,
        -0.017416 -0.320713 0.594488,
        -0.014098 -0.325984 0.594488,
        -0.005517 -0.332414 0.594488,
        -0.010313 -0.329663 0.594488,
        0.021059 -0.346780 0.594488,
        0.014285 -0.349066 0.594488,
        0.005044 -0.350019 0.594488,
        0.086380 -0.288172 0.594488,
        0.020123 -0.257835 0.590551,
        0.008600 -0.257835 0.590551,
        0.008600 -0.213183 0.590551,
        0.020123 -0.213183 0.590551,
        0.005044 -0.350019 0.590551,
        0.014285 -0.349066 0.590551,
        0.021059 -0.346780 0.590551,
        0.026844 -0.343176 0.590551,
        0.031956 -0.337974 0.590551,
        0.036558 -0.330040 0.590551,
        0.039274 -0.320831 0.590551,
        0.040288 -0.309103 0.590551,
        -0.033171 -0.307325 0.590551,
        -0.032741 -0.314985 0.590551,
        -0.029931 -0.326580 0.590551,
        -0.025737 -0.334550 0.590551,
        -0.019781 -0.341291 0.590551,
        -0.012593 -0.346148 0.590551,
        -0.004913 -0.348924 0.590551,
        -0.028557 -0.282321 0.590551,
        -0.030119 -0.285670 0.590551,
        -0.032324 -0.294526 0.590551,
        -0.014086 -0.282321 0.590551,
        -0.020207 -0.306695 0.590551,
        -0.018616 -0.294143 0.590551,
        0.004076 -0.334174 0.590551,
        -0.000433 -0.333830 0.590551,
        -0.005517 -0.332414 0.590551,
        -0.010313 -0.329663 0.590551,
        -0.014098 -0.325984 0.590551,
        -0.017416 -0.320713 0.590551,
        -0.019457 -0.314513 0.590551,
        0.027324 -0.303881 0.590551,
        0.027310 -0.304972 0.590551,
        0.026024 -0.315812 0.590551,
        0.023493 -0.322660 0.590551,
        0.021946 -0.325233 0.590551,
        0.018707 -0.328967 0.590551,
        0.014654 -0.331801 0.590551,
        0.010136 -0.333482 0.590551,
        0.026334 -0.283761 0.590551,
        0.027103 -0.293808 0.590551,
        0.086380 -0.288172 0.590551,
        0.086380 -0.344257 0.590551,
        0.073416 -0.344257 0.590551,
        0.073416 -0.300663 0.590551,
        0.039838 -0.298165 0.590551,
      ]
    }
    coordIndex [
      47, 48, 3, -1,
      3, 48, 4, -1,
      48, 49, 4, -1,
      4, 49, 11, -1,
      49, 50, 11, -1,
      11, 50, 10, -1,
      50, 47, 10, -1,
      10, 47, 3, -1,
      50, 49, 47, -1,
      47, 49, 48, -1,
      51, 45, 44, -1,
      51, 44, 52, -1,
      52, 44, 43, -1,
      52, 43, 53, -1,
      53, 43, 27, -1,
      53, 27, 54, -1,
      54, 27, 26, -1,
      54, 26, 55, -1,
      55, 26, 25, -1,
      55, 25, 56, -1,
      56, 25, 24, -1,
      56, 24, 57, -1,
      57, 24, 33, -1,
      57, 33, 58, -1,
      59, 28, 38, -1,
      59, 38, 60, -1,
      60, 38, 37, -1,
      60, 37, 61, -1,
      61, 37, 36, -1,
      61, 36, 62, -1,
      62, 36, 9, -1,
      62, 9, 63, -1,
      63, 9, 8, -1,
      63, 8, 64, -1,
      64, 8, 17, -1,
      64, 17, 65, -1,
      65, 17, 45, -1,
      65, 45, 51, -1,
      66, 12, 30, -1,
      66, 30, 67, -1,
      67, 30, 29, -1,
      67, 29, 68, -1,
      68, 29, 28, -1,
      68, 28, 59, -1,
      66, 69, 12, -1,
      12, 69, 0, -1,
      70, 2, 1, -1,
      70, 1, 71, -1,
      71, 1, 0, -1,
      71, 0, 69, -1,
      72, 22, 21, -1,
      72, 21, 73, -1,
      73, 21, 41, -1,
      73, 41, 74, -1,
      74, 41, 42, -1,
      74, 42, 75, -1,
      75, 42, 40, -1,
      75, 40, 76, -1,
      76, 40, 39, -1,
      76, 39, 77, -1,
      77, 39, 20, -1,
      77, 20, 78, -1,
      78, 20, 2, -1,
      78, 2, 70, -1,
      79, 14, 19, -1,
      79, 19, 80, -1,
      80, 19, 18, -1,
      80, 18, 81, -1,
      81, 18, 16, -1,
      81, 16, 82, -1,
      82, 16, 15, -1,
      82, 15, 83, -1,
      83, 15, 32, -1,
      83, 32, 84, -1,
      84, 32, 31, -1,
      84, 31, 85, -1,
      85, 31, 23, -1,
      85, 23, 86, -1,
      86, 23, 22, -1,
      86, 22, 72, -1,
      87, 5, 13, -1,
      87, 13, 88, -1,
      88, 13, 14, -1,
      88, 14, 79, -1,
      87, 89, 5, -1,
      5, 89, 46, -1,
      89, 90, 46, -1,
      46, 90, 6, -1,
      90, 91, 6, -1,
      6, 91, 7, -1,
      91, 92, 7, -1,
      7, 92, 34, -1,
      92, 93, 34, -1,
      34, 93, 35, -1,
      93, 58, 35, -1,
      35, 58, 33, -1,
      91, 90, 92, -1,
      92, 90, 89, -1,
      92, 89, 93, -1,
      89, 87, 93, -1,
      93, 87, 88, -1,
      93, 88, 58, -1,
      88, 79, 58, -1,
      58, 79, 80, -1,
      58, 80, 57, -1,
      57, 80, 81, -1,
      57, 81, 56, -1,
      56, 81, 82, -1,
      56, 82, 55, -1,
      55, 82, 83, -1,
      55, 83, 54, -1,
      54, 83, 84, -1,
      54, 84, 53, -1,
      53, 84, 85, -1,
      53, 85, 52, -1,
      52, 85, 86, -1,
      52, 86, 51, -1,
      51, 86, 72, -1,
      51, 72, 65, -1,
      65, 72, 73, -1,
      65, 73, 64, -1,
      64, 73, 74, -1,
      64, 74, 63, -1,
      63, 74, 75, -1,
      63, 75, 62, -1,
      62, 75, 76, -1,
      62, 76, 61, -1,
      61, 76, 77, -1,
      61, 77, 60, -1,
      60, 77, 78, -1,
      60, 78, 59, -1,
      59, 78, 70, -1,
      59, 70, 68, -1,
      68, 70, 71, -1,
      68, 71, 67, -1,
      67, 71, 69, -1,
      67, 69, 66, -1,
    ]
  }
}

Shape {
  appearance Appearance {
    material Material {
      diffuseColor 1.0000 1.0000 1.0000
      specularColor 0.8784 0.8784 0.8784
      ambientIntensity 0.2
      transparency 0.0000
      shininess 0.5
    }
  }
  geometry IndexedFaceSet {
    ccw TRUE
    solid FALSE
    coord DEF co Coordinate {
      point [
        0.492126 -0.669291 0.003937,
        0.492126 -0.669291 0.078740,
        0.492126 -0.511811 0.003937,
        0.492126 -0.314961 0.003937,
        0.492126 -0.511811 0.078740,
        0.492126 -0.314961 0.078740,
        0.492126 0.314961 0.078740,
        0.492126 0.669291 0.003937,
        0.492126 0.669291 0.078740,
        0.492126 0.511811 0.078740,
        0.492126 0.511811 0.003937,
        0.492126 0.314961 0.003937,
        -0.492126 -0.669291 0.003937,
        -0.374016 -0.669291 0.003937,
        -0.255906 -0.314961 0.003937,
        0.380672 -0.511811 0.003937,
        -0.374016 -0.511811 0.003937,
        -0.374016 -0.196850 0.003937,
        -0.492126 -0.511811 0.003937,
        -0.374016 -0.078740 0.003937,
        -0.492126 -0.078740 0.003937,
        0.380672 -0.669291 0.003937,
        -0.374016 0.078740 0.003937,
        -0.492126 0.078740 0.003937,
        -0.374016 0.196850 0.003937,
        -0.492126 0.511811 0.003937,
        -0.255906 0.314961 0.003937,
        0.374016 0.669291 0.003937,
        -0.492126 0.669291 0.003937,
        -0.374016 0.669291 0.003937,
        -0.374016 0.511811 0.003937,
        0.374016 0.511811 0.003937,
        -0.492126 0.669291 0.078740,
        -0.492126 0.511811 0.078740,
        -0.492126 0.078740 0.078740,
        -0.492126 -0.078740 0.078740,
        -0.492126 -0.669291 0.078740,
        -0.492126 -0.511811 0.078740,
        -0.374016 0.511811 0.000000,
        -0.374016 0.669291 0.000000,
        -0.885827 0.511811 0.078740,
        -0.885827 0.511811 0.000000,
        -0.885827 0.669291 0.000000,
        -0.885827 0.669291 0.078740,
        -0.374016 0.196850 0.000000,
        -0.374016 0.078740 0.000000,
        -0.374016 -0.196850 0.000000,
        -0.374016 -0.078740 0.000000,
        -0.885827 0.078740 0.000000,
        -0.885827 0.078740 0.078740,
        -0.885827 -0.078740 0.078740,
        -0.885827 -0.078740 0.000000,
        -0.255906 -0.314961 0.000000,
        0.610236 -0.314961 0.000000,
        0.610236 -0.314961 0.078740,
        -0.255906 0.314961 0.000000,
        0.610236 0.314961 0.078740,
        0.610236 0.314961 0.000000,
        0.728346 0.196850 0.078740,
        0.728346 -0.196850 0.078740,
        0.728346 0.196850 0.000000,
        0.728346 -0.196850 0.000000,
        -0.374016 -0.669291 0.000000,
        -0.374016 -0.511811 0.000000,
        -0.885827 -0.669291 0.078740,
        -0.885827 -0.669291 0.000000,
        -0.885827 -0.511811 0.000000,
        -0.885827 -0.511811 0.078740,
        0.374016 0.669291 0.000000,
        0.374016 0.511811 0.000000,
        0.885827 0.511811 0.000000,
        0.885827 0.511811 0.078740,
        0.885827 0.669291 0.078740,
        0.885827 0.669291 0.000000,
        0.892483 -0.669291 0.078740,
        0.892483 -0.511811 0.078740,
        0.380672 -0.511811 0.000000,
        0.380672 -0.669291 0.000000,
        0.892483 -0.669291 0.000000,
        0.892483 -0.511811 0.000000,
      ]
    }
    coordIndex [
      30, 38, 29, -1,
      29, 38, 39, -1,
      38, 30, 25, -1,
      33, 40, 25, -1,
      25, 40, 41, -1,
      25, 41, 38, -1,
      29, 39, 28, -1,
      28, 39, 42, -1,
      28, 42, 32, -1,
      32, 42, 43, -1,
      43, 40, 32, -1,
      32, 40, 33, -1,
      40, 43, 41, -1,
      41, 43, 42, -1,
      39, 38, 42, -1,
      42, 38, 41, -1,
      44, 45, 24, -1,
      24, 45, 22, -1,
      17, 19, 46, -1,
      46, 19, 47, -1,
      22, 45, 23, -1,
      23, 45, 48, -1,
      23, 48, 34, -1,
      34, 48, 49, -1,
      47, 19, 20, -1,
      35, 50, 20, -1,
      20, 50, 51, -1,
      20, 51, 47, -1,
      14, 52, 3, -1,
      3, 52, 53, -1,
      3, 53, 5, -1,
      5, 53, 54, -1,
      55, 26, 11, -1,
      6, 56, 11, -1,
      11, 56, 57, -1,
      11, 57, 55, -1,
      34, 49, 35, -1,
      35, 49, 50, -1,
      56, 6, 58, -1,
      58, 6, 5, -1,
      58, 5, 59, -1,
      59, 5, 54, -1,
      50, 49, 51, -1,
      51, 49, 48, -1,
      58, 59, 60, -1,
      60, 59, 61, -1,
      57, 60, 46, -1,
      51, 48, 47, -1,
      47, 48, 45, -1,
      52, 46, 53, -1,
      53, 46, 60, -1,
      53, 60, 61, -1,
      44, 55, 45, -1,
      45, 55, 57, -1,
      45, 57, 47, -1,
      47, 57, 46, -1,
      13, 62, 16, -1,
      16, 62, 63, -1,
      62, 13, 12, -1,
      36, 64, 12, -1,
      12, 64, 65, -1,
      12, 65, 62, -1,
      16, 63, 18, -1,
      18, 63, 66, -1,
      18, 66, 37, -1,
      37, 66, 67, -1,
      67, 64, 37, -1,
      37, 64, 36, -1,
      64, 67, 65, -1,
      65, 67, 66, -1,
      63, 62, 66, -1,
      66, 62, 65, -1,
      27, 68, 31, -1,
      31, 68, 69, -1,
      31, 69, 10, -1,
      10, 69, 70, -1,
      10, 70, 9, -1,
      9, 70, 71, -1,
      68, 27, 7, -1,
      8, 72, 7, -1,
      7, 72, 73, -1,
      7, 73, 68, -1,
      71, 72, 9, -1,
      9, 72, 8, -1,
      72, 71, 73, -1,
      73, 71, 70, -1,
      73, 70, 68, -1,
      68, 70, 69, -1,
      74, 75, 1, -1,
      1, 75, 4, -1,
      15, 76, 21, -1,
      21, 76, 77, -1,
      21, 77, 0, -1,
      0, 77, 78, -1,
      0, 78, 1, -1,
      1, 78, 74, -1,
      76, 15, 2, -1,
      4, 75, 2, -1,
      2, 75, 79, -1,
      2, 79, 76, -1,
      75, 74, 79, -1,
      79, 74, 78, -1,
      79, 78, 76, -1,
      76, 78, 77, -1,
      60, 57, 58, -1,
      58, 57, 56, -1,
      53, 61, 54, -1,
      54, 61, 59, -1,
      55, 44, 26, -1,
      26, 44, 24, -1,
      46, 52, 17, -1,
      17, 52, 14, -1,
    ]
  }
}
